at være	to be		1	er|var|været		jeg er|jeg var|jeg har været	I am|I was|I have been	v
at have	to have		1	har|havde|haft		jeg har|jeg havde|jeg har haft	I have|I had|I have had	v
at blive	to become / stay		1	bliver|blev|blevet		jeg bliver|jeg blev|jeg er blevet	I become / stay|I became / stayed|I have become / stayed	v
at gøre	to do		1	gør|gjorde|gjort		jeg gør|jeg gjorde|jeg har gjort	I do|I did|I have done	v
at kunne	can / to be able to		1	kan|kunne|kunnet		jeg kan|jeg kunne|jeg har kunnet	I can|I could|I have been able to	v
at skulle	shall / should / have to		1	skal|skulle|skullet		jeg skal|jeg skulle|jeg har skullet	I have to|I had to|I have had to	v
at ville	to want to / will		1	vil|ville|villet		jeg vil|jeg ville|jeg har villet	I want to / will|I wanted to / would|I have wanted to	v
at måtte	may / must		1	må|måtte|måttet		jeg må|jeg måtte|jeg har måttet	I may / must|I was allowed to / had to|I have had to	v
at få	to get		1	får|fik|fået		jeg får|jeg fik|jeg har fået	I get|I got|I have gotten	v
at give	to give		1	giver|gav|givet		jeg giver|jeg gav|jeg har givet	I give|I gave|I have given	v
at tage	to take		1	tager|tog|taget		jeg tager|jeg tog|jeg har taget	I take|I took|I have taken	v
at komme	to come		1	kommer|kom|kommet		jeg kommer|jeg kom|jeg er kommet	I come|I came|I have come	v
at gå	to go / walk		1	går|gik|gået		jeg går|jeg gik|jeg er gået	I go / walk|I went / walked|I have gone / walked	v
at se	to see		1	ser|så|set		jeg ser|jeg så|jeg har set	I see|I saw|I have seen	v
at vide	to know (a fact)		1	ved|vidste|vidst		jeg ved|jeg vidste|jeg har vidst	I know|I knew|I have known	v
at kende	to know (a person/place)		1	kender|kendte|kendt		jeg kender|jeg kendte|jeg har kendt	I know (a person/place)|I knew (a person/place)|I have known (a person/place)	v
at sige	to say		1	siger|sagde|sagt		jeg siger|jeg sagde|jeg har sagt	I say|I said|I have said	v
at tale	to speak		1	taler|talte|talt		jeg taler|jeg talte|jeg har talt	I speak|I spoke|I have spoken	v
at tro	to believe		1	tror|troede|troet		jeg tror|jeg troede|jeg har troet	I believe|I believed|I have believed	v
at tænke	to think		1	tænker|tænkte|tænkt		jeg tænker|jeg tænkte|jeg har tænkt	I think|I thought|I have thought	v
at synes	to think (an opinion)		1	synes|syntes|syntes		jeg synes|jeg syntes|jeg har syntes	I think (in my opinion)|I thought|I have thought	v
at mene	to mean / think		1	mener|mente|ment		jeg mener|jeg mente|jeg har ment	I mean / think|I meant / thought|I have meant / thought	v
at finde	to find		1	finder|fandt|fundet		jeg finder|jeg fandt|jeg har fundet	I find|I found|I have found	v
at lave	to make / do		1	laver|lavede|lavet		jeg laver|jeg lavede|jeg har lavet	I make / do|I made / did|I have made / done	v
at spise	to eat	FD	1	spiser|spiste|spist		jeg spiser|jeg spiste|jeg har spist	I eat|I ate|I have eaten	v
at drikke	to drink	FD	1	drikker|drak|drukket		jeg drikker|jeg drak|jeg har drukket	I drink|I drank|I have drunk	v
at sove	to sleep		1	sover|sov|sovet		jeg sover|jeg sov|jeg har sovet	I sleep|I slept|I have slept	v
at vågne	to wake up		1	vågner|vågnede|vågnet		jeg vågner|jeg vågnede|jeg er vågnet	I wake up|I woke up|I have woken up	v
at stå	to stand		1	står|stod|stået		jeg står|jeg stod|jeg har stået	I stand|I stood|I have stood	v
at sidde	to sit		1	sidder|sad|siddet		jeg sidder|jeg sad|jeg har siddet	I sit|I sat|I have sat	v
at ligge	to lie (be lying)		1	ligger|lå|ligget		jeg ligger|jeg lå|jeg har ligget	I lie / am lying|I lay / was lying|I have lain	v
at løbe	to run	FS	1	løber|løb|løbet		jeg løber|jeg løb|jeg har løbet	I run|I ran|I have run	v
at køre	to drive	TT	1	kører|kørte|kørt		jeg kører|jeg kørte|jeg har kørt	I drive|I drove|I have driven	v
at flyve	to fly	TT	1	flyver|fløj|fløjet		jeg flyver|jeg fløj|jeg har fløjet	I fly|I flew|I have flown	v
at svømme	to swim	FS	1	svømmer|svømmede|svømmet		jeg svømmer|jeg svømmede|jeg har svømmet	I swim|I swam|I have swum	v
at læse	to read	SL	1	læser|læste|læst		jeg læser|jeg læste|jeg har læst	I read|I read|I have read	v
at skrive	to write	SL	1	skriver|skrev|skrevet		jeg skriver|jeg skrev|jeg har skrevet	I write|I wrote|I have written	v
at lytte	to listen		1	lytter|lyttede|lyttet		jeg lytter|jeg lyttede|jeg har lyttet	I listen|I listened|I have listened	v
at høre	to hear		1	hører|hørte|hørt		jeg hører|jeg hørte|jeg har hørt	I hear|I heard|I have heard	v
at kigge	to look		1	kigger|kiggede|kigget		jeg kigger|jeg kiggede|jeg har kigget	I look|I looked|I have looked	v
at vise	to show		1	viser|viste|vist		jeg viser|jeg viste|jeg har vist	I show|I showed|I have shown	v
at forstå	to understand		1	forstår|forstod|forstået		jeg forstår|jeg forstod|jeg har forstået	I understand|I understood|I have understood	v
at lære	to learn / teach	SL	1	lærer|lærte|lært		jeg lærer|jeg lærte|jeg har lært	I learn|I learned|I have learned	v
at undervise	to teach	SL	2	underviser|underviste|undervist		jeg underviser|jeg underviste|jeg har undervist	I teach|I taught|I have taught	v
at studere	to study	SL	1	studerer|studerede|studeret		jeg studerer|jeg studerede|jeg har studeret	I study|I studied|I have studied	v
at arbejde	to work	WJ	1	arbejder|arbejdede|arbejdet		jeg arbejder|jeg arbejdede|jeg har arbejdet	I work|I worked|I have worked	v
at spille	to play (game/instrument)	FS	1	spiller|spillede|spillet		jeg spiller|jeg spillede|jeg har spillet	I play (game/instrument)|I played (game/instrument)|I have played (game/instrument)	v
at lege	to play (children)	FS	1	leger|legede|leget		jeg leger|jeg legede|jeg har leget	I play (children)|I played (children)|I have played (children)	v
at vinde	to win		1	vinder|vandt|vundet		jeg vinder|jeg vandt|jeg har vundet	I win|I won|I have won	v
at tabe	to lose		1	taber|tabte|tabt		jeg taber|jeg tabte|jeg har tabt	I lose|I lost|I have lost	v
at prøve	to try		1	prøver|prøvede|prøvet		jeg prøver|jeg prøvede|jeg har prøvet	I try|I tried|I have tried	v
at øve	to practice		1	øver|øvede|øvet		jeg øver|jeg øvede|jeg har øvet	I practice|I practiced|I have practiced	v
at begynde	to begin		1	begynder|begyndte|begyndt		jeg begynder|jeg begyndte|jeg har begyndt	I begin|I began|I have begun	v
at starte	to start		1	starter|startede|startet		jeg starter|jeg startede|jeg har startet	I start|I started|I have started	v
at stoppe	to stop		1	stopper|stoppede|stoppet		jeg stopper|jeg stoppede|jeg har stoppet	I stop|I stopped|I have stopped	v
at slutte	to end / finish		1	slutter|sluttede|sluttet		jeg slutter|jeg sluttede|jeg har sluttet	I end / finish|I ended / finished|I have ended / finished	v
at fortsætte	to continue		2	fortsætter|fortsatte|fortsat		jeg fortsætter|jeg fortsatte|jeg har fortsat	I continue|I continued|I have continued	v
at vente	to wait		1	venter|ventede|ventet		jeg venter|jeg ventede|jeg har ventet	I wait|I waited|I have waited	v
at håbe	to hope		1	håber|håbede|håbet		jeg håber|jeg håbede|jeg har håbet	I hope|I hoped|I have hoped	v
at ønske	to wish		2	ønsker|ønskede|ønsket		jeg ønsker|jeg ønskede|jeg har ønsket	I wish|I wished|I have wished	v
at elske	to love		1	elsker|elskede|elsket		jeg elsker|jeg elskede|jeg har elsket	I love|I loved|I have loved	v
at kunne lide	to like		1	kan lide|kunne lide|kunnet lide		jeg kan lide|jeg kunne lide|jeg har kunnet lide	I like|I liked|I have liked	v
at hade	to hate		1	hader|hadede|hadet		jeg hader|jeg hadede|jeg har hadet	I hate|I hated|I have hated	v
at savne	to miss		1	savner|savnede|savnet		jeg savner|jeg savnede|jeg har savnet	I miss|I missed|I have missed	v
at huske	to remember		1	husker|huskede|husket		jeg husker|jeg huskede|jeg har husket	I remember|I remembered|I have remembered	v
at glemme	to forget		1	glemmer|glemte|glemt		jeg glemmer|jeg glemte|jeg har glemt	I forget|I forgot|I have forgotten	v
at forklare	to explain		1	forklarer|forklarede|forklaret		jeg forklarer|jeg forklarede|jeg har forklaret	I explain|I explained|I have explained	v
at spørge	to ask		1	spørger|spurgte|spurgt		jeg spørger|jeg spurgte|jeg har spurgt	I ask|I asked|I have asked	v
at svare	to answer		1	svarer|svarede|svaret		jeg svarer|jeg svarede|jeg har svaret	I answer|I answered|I have answered	v
at bede	to ask / pray		2	beder|bad|bedt		jeg beder|jeg bad|jeg har bedt	I ask / pray|I asked / prayed|I have asked / prayed	v
at takke	to thank		2	takker|takkede|takket		jeg takker|jeg takkede|jeg har takket	I thank|I thanked|I have thanked	v
at undskylde	to apologize		1	undskylder|undskyldte|undskyldt		jeg undskylder|jeg undskyldte|jeg har undskyldt	I apologize|I apologized|I have apologized	v
at hjælpe	to help		1	hjælper|hjalp|hjulpet		jeg hjælper|jeg hjalp|jeg har hjulpet	I help|I helped|I have helped	v
at bruge	to use		1	bruger|brugte|brugt		jeg bruger|jeg brugte|jeg har brugt	I use|I used|I have used	v
at betale	to pay	MB	1	betaler|betalte|betalt		jeg betaler|jeg betalte|jeg har betalt	I pay|I paid|I have paid	v
at koste	to cost	MB	1	koster|kostede|kostet		det koster|det kostede|det har kostet	it costs|it cost|it has cost	v
at sælge	to sell	MB	1	sælger|solgte|solgt		jeg sælger|jeg solgte|jeg har solgt	I sell|I sold|I have sold	v
at købe	to buy	CS	1	køber|købte|købt		jeg køber|jeg købte|jeg har købt	I buy|I bought|I have bought	v
at låne	to borrow / lend	MB	1	låner|lånte|lånt		jeg låner|jeg lånte|jeg har lånt	I borrow / lend|I borrowed / lent|I have borrowed / lent	v
at sende	to send		1	sender|sendte|sendt		jeg sender|jeg sendte|jeg har sendt	I send|I sent|I have sent	v
at modtage	to receive		2	modtager|modtog|modtaget		jeg modtager|jeg modtog|jeg har modtaget	I receive|I received|I have received	v
at ringe	to call (phone)		1	ringer|ringede|ringet		jeg ringer|jeg ringede|jeg har ringet	I call (phone)|I called (phone)|I have called (phone)	v
at besøge	to visit		1	besøger|besøgte|besøgt		jeg besøger|jeg besøgte|jeg har besøgt	I visit|I visited|I have visited	v
at rejse	to travel	TT	1	rejser|rejste|rejst		jeg rejser|jeg rejste|jeg er rejst	I travel|I traveled|I have traveled	v
at flytte	to move		1	flytter|flyttede|flyttet		jeg flytter|jeg flyttede|jeg er flyttet	I move|I moved|I have moved	v
at bo	to live / reside	HH	1	bor|boede|boet		jeg bor|jeg boede|jeg har boet	I live / reside|I lived / resided|I have lived / resided	v
at bygge	to build		2	bygger|byggede|bygget		jeg bygger|jeg byggede|jeg har bygget	I build|I built|I have built	v
at reparere	to repair		2	reparerer|reparerede|repareret		jeg reparerer|jeg reparerede|jeg har repareret	I repair|I repaired|I have repaired	v
at ødelægge	to destroy / break		2	ødelægger|ødelagde|ødelagt		jeg ødelægger|jeg ødelagde|jeg har ødelagt	I destroy / break|I destroyed / broke|I have destroyed / broken	v
at åbne	to open		1	åbner|åbnede|åbnet		jeg åbner|jeg åbnede|jeg har åbnet	I open|I opened|I have opened	v
at lukke	to close		1	lukker|lukkede|lukket		jeg lukker|jeg lukkede|jeg har lukket	I close|I closed|I have closed	v
at slukke	to turn off		1	slukker|slukkede|slukket		jeg slukker|jeg slukkede|jeg har slukket	I turn off|I turned off|I have turned off	v
at tænde	to turn on		1	tænder|tændte|tændt		jeg tænder|jeg tændte|jeg har tændt	I turn on|I turned on|I have turned on	v
at skifte	to change / switch		2	skifter|skiftede|skiftet		jeg skifter|jeg skiftede|jeg har skiftet	I change / switch|I changed / switched|I have changed / switched	v
at ændre	to change / alter		2	ændrer|ændrede|ændret		jeg ændrer|jeg ændrede|jeg har ændret	I change / alter|I changed / altered|I have changed / altered	v
at vokse	to grow		2	vokser|voksede|vokset		jeg vokser|jeg voksede|jeg er vokset	I grow|I grew|I have grown	v
at falde	to fall		1	falder|faldt|faldet		jeg falder|jeg faldt|jeg er faldet	I fall|I fell|I have fallen	v
at hoppe	to jump	FS	2	hopper|hoppede|hoppet		jeg hopper|jeg hoppede|jeg har hoppet	I jump|I jumped|I have jumped	v
at danse	to dance	FS	1	danser|dansede|danset		jeg danser|jeg dansede|jeg har danset	I dance|I danced|I have danced	v
at synge	to sing	FS	1	synger|sang|sunget		jeg synger|jeg sang|jeg har sunget	I sing|I sang|I have sung	v
at grine	to laugh		1	griner|grinede|grinet		jeg griner|jeg grinede|jeg har grinet	I laugh|I laughed|I have laughed	v
at græde	to cry		1	græder|græd|grædt		jeg græder|jeg græd|jeg har grædt	I cry|I cried|I have cried	v
at smile	to smile		1	smiler|smilede|smilet		jeg smiler|jeg smilede|jeg har smilet	I smile|I smiled|I have smiled	v
at råbe	to shout		2	råber|råbte|råbt		jeg råber|jeg råbte|jeg har råbt	I shout|I shouted|I have shouted	v
at hviske	to whisper		3	hvisker|hviskede|hvisket		jeg hvisker|jeg hviskede|jeg har hvisket	I whisper|I whispered|I have whispered	v
at passe	to fit / suit / look after		2	passer|passede|passet		jeg passer|jeg passede|jeg har passet	I fit / suit|I fit / suited|I have fit / suited	v
at invitere	to invite		1	inviterer|inviterede|inviteret		jeg inviterer|jeg inviterede|jeg har inviteret	I invite|I invited|I have invited	v
at acceptere	to accept		2	accepterer|accepterede|accepteret		jeg accepterer|jeg accepterede|jeg har accepteret	I accept|I accepted|I have accepted	v
at nægte	to refuse		2	nægter|nægtede|nægtet		jeg nægter|jeg nægtede|jeg har nægtet	I refuse|I refused|I have refused	v
at tillade	to allow		2	tillader|tillod|tilladt		jeg tillader|jeg tillod|jeg har tilladt	I allow|I allowed|I have allowed	v
at kræve	to require		2	kræver|krævede|krævet		jeg kræver|jeg krævede|jeg har krævet	I require|I required|I have required	v
at foreslå	to suggest		2	foreslår|foreslog|foreslået		jeg foreslår|jeg foreslog|jeg har foreslået	I suggest|I suggested|I have suggested	v
at bestemme	to decide		2	bestemmer|bestemte|bestemt		jeg bestemmer|jeg bestemte|jeg har bestemt	I decide|I decided|I have decided	v
at vælge	to choose		1	vælger|valgte|valgt		jeg vælger|jeg valgte|jeg har valgt	I choose|I chose|I have chosen	v
at planlægge	to plan		2	planlægger|planlagde|planlagt		jeg planlægger|jeg planlagde|jeg har planlagt	I plan|I planned|I have planned	v
at forberede	to prepare		2	forbereder|forberedte|forberedt		jeg forbereder|jeg forberedte|jeg har forberedt	I prepare|I prepared|I have prepared	v
at vaske	to wash	HH	1	vasker|vaskede|vasket		jeg vasker|jeg vaskede|jeg har vasket	I wash|I washed|I have washed	v
at male	to paint		2	maler|malede|malet		jeg maler|jeg malede|jeg har malet	I paint|I painted|I have painted	v
at tegne	to draw	FS	2	tegner|tegnede|tegnet		jeg tegner|jeg tegnede|jeg har tegnet	I draw|I drew|I have drawn	v
at optage	to record	TM	3	optager|optog|optaget		jeg optager|jeg optog|jeg har optaget	I record|I recorded|I have recorded	v
at ansætte	to hire	WJ	2	ansætter|ansatte|ansat		jeg ansætter|jeg ansatte|jeg har ansat	I hire|I hired|I have hired	v
at søge	to search / apply		2	søger|søgte|søgt		jeg søger|jeg søgte|jeg har søgt	I search / apply|I searched / applied|I have searched / applied	v
at holde	to hold / keep		1	holder|holdt|holdt		jeg holder|jeg holdt|jeg har holdt	I hold / keep|I held / kept|I have held / kept	v
at miste	to lose (something)		2	mister|mistede|mistet		jeg mister|jeg mistede|jeg har mistet	I lose (something)|I lost (something)|I have lost (something)	v
at dele	to share / divide		1	deler|delte|delt		jeg deler|jeg delte|jeg har delt	I share / divide|I shared / divided|I have shared / divided	v
at samle	to gather / collect		2	samler|samlede|samlet		jeg samler|jeg samlede|jeg har samlet	I gather / collect|I gathered / collected|I have gathered / collected	v
at sætte	to put / place		1	sætter|satte|sat		jeg sætter|jeg satte|jeg har sat	I put / place|I put / placed|I have put / placed	v
at lægge	to lay down		1	lægger|lagde|lagt		jeg lægger|jeg lagde|jeg har lagt	I lay down|I laid down|I have laid down	v
at forsøge	to attempt		2	forsøger|forsøgte|forsøgt		jeg forsøger|jeg forsøgte|jeg har forsøgt	I attempt|I attempted|I have attempted	v
at anbefale	to recommend		2	anbefaler|anbefalede|anbefalet		jeg anbefaler|jeg anbefalede|jeg har anbefalet	I recommend|I recommended|I have recommended	v
at overveje	to consider		2	overvejer|overvejede|overvejet		jeg overvejer|jeg overvejede|jeg har overvejet	I consider|I considered|I have considered	v
at beslutte	to decide		2	beslutter|besluttede|besluttet		jeg beslutter|jeg besluttede|jeg har besluttet	I decide|I decided|I have decided	v
at undgå	to avoid		2	undgår|undgik|undgået		jeg undgår|jeg undgik|jeg har undgået	I avoid|I avoided|I have avoided	v
at forhindre	to prevent		2	forhindrer|forhindrede|forhindret		jeg forhindrer|jeg forhindrede|jeg har forhindret	I prevent|I prevented|I have prevented	v
at love	to promise		2	lover|lovede|lovet		jeg lover|jeg lovede|jeg har lovet	I promise|I promised|I have promised	v
at true	to threaten		3	truer|truede|truet		jeg truer|jeg truede|jeg har truet	I threaten|I threatened|I have threatened	v
at advare	to warn		2	advarer|advarede|advaret		jeg advarer|jeg advarede|jeg har advaret	I warn|I warned|I have warned	v
at overtale	to persuade		3	overtaler|overtalte|overtalt		jeg overtaler|jeg overtalte|jeg har overtalt	I persuade|I persuaded|I have persuaded	v
at overbevise	to convince		2	overbeviser|overbeviste|overbevist		jeg overbeviser|jeg overbeviste|jeg har overbevist	I convince|I convinced|I have convinced	v
at påvirke	to influence		3	påvirker|påvirkede|påvirket		jeg påvirker|jeg påvirkede|jeg har påvirket	I influence|I influenced|I have influenced	v
at forbedre	to improve		2	forbedrer|forbedrede|forbedret		jeg forbedrer|jeg forbedrede|jeg har forbedret	I improve|I improved|I have improved	v
at forværre	to worsen		3	forværrer|forværrede|forværret		jeg forværrer|jeg forværrede|jeg har forværret	I worsen|I worsened|I have worsened	v
at forandre	to change		2	forandrer|forandrede|forandret		jeg forandrer|jeg forandrede|jeg har forandret	I change|I changed|I have changed	v
at udvikle	to develop		3	udvikler|udviklede|udviklet		jeg udvikler|jeg udviklede|jeg har udviklet	I develop|I developed|I have developed	v
at forsvinde	to disappear		2	forsvinder|forsvandt|forsvundet		jeg forsvinder|jeg forsvandt|jeg er forsvundet	I disappear|I disappeared|I have disappeared	v
at dukke op	to show up		2	dukker op|dukkede op|dukket op		jeg dukker op|jeg dukkede op|jeg er dukket op	I show up|I showed up|I have shown up	v
at opdage	to discover		2	opdager|opdagede|opdaget		jeg opdager|jeg opdagede|jeg har opdaget	I discover|I discovered|I have discovered	v
at afsløre	to reveal		3	afslører|afslørede|afsløret		jeg afslører|jeg afslørede|jeg har afsløret	I reveal|I revealed|I have revealed	v
at skjule	to hide		2	skjuler|skjulte|skjult		jeg skjuler|jeg skjulte|jeg har skjult	I hide|I hid|I have hidden	v
at gemme	to save / hide / keep		2	gemmer|gemte|gemt		jeg gemmer|jeg gemte|jeg har gemt	I save / hide|I saved / hid|I have saved / hidden	v
at bekræfte	to confirm		2	bekræfter|bekræftede|bekræftet		jeg bekræfter|jeg bekræftede|jeg har bekræftet	I confirm|I confirmed|I have confirmed	v
at benægte	to deny		3	benægter|benægtede|benægtet		jeg benægter|jeg benægtede|jeg har benægtet	I deny|I denied|I have denied	v
at klage	to complain		2	klager|klagede|klaget		jeg klager|jeg klagede|jeg har klaget	I complain|I complained|I have complained	v
at reagere	to react		2	reagerer|reagerede|reageret		jeg reagerer|jeg reagerede|jeg har reageret	I react|I reacted|I have reacted	v
at handle	to shop / to act		1	handler|handlede|handlet		jeg handler|jeg handlede|jeg har handlet	I shop / act|I shopped / acted|I have shopped / acted	v
at undlade	to omit		4	undlader|undlod|undladt		jeg undlader|jeg undlod|jeg har undladt	I omit|I omitted|I have omitted	v
at overtage	to take over		3	overtager|overtog|overtaget		jeg overtager|jeg overtog|jeg har overtaget	I take over|I took over|I have taken over	v
at deltage	to participate		2	deltager|deltog|deltaget		jeg deltager|jeg deltog|jeg har deltaget	I participate|I participated|I have participated	v
at rive ned	to tear down		2	river ned|rev ned|revet ned		jeg river ned|jeg rev ned|jeg har revet ned	I tear down|I tore down|I have torn down	v
at sprede	to spread		3	spreder|spredte|spredt		jeg spreder|jeg spredte|jeg har spredt	I spread|I spread|I have spread	v
at forene	to unite		3	forener|forenede|forenet		jeg forener|jeg forenede|jeg har forenet	I unite|I united|I have united	v
at adskille	to separate		3	adskiller|adskilte|adskilt		jeg adskiller|jeg adskilte|jeg har adskilt	I separate|I separated|I have separated	v
at forbinde	to connect		2	forbinder|forbandt|forbundet		jeg forbinder|jeg forbandt|jeg har forbundet	I connect|I connected|I have connected	v
at afbryde	to interrupt		3	afbryder|afbrød|afbrudt		jeg afbryder|jeg afbrød|jeg har afbrudt	I interrupt|I interrupted|I have interrupted	v
at genoptage	to resume		4	genoptager|genoptog|genoptaget		jeg genoptager|jeg genoptog|jeg har genoptaget	I resume|I resumed|I have resumed	v
at udsætte	to postpone		3	udsætter|udsatte|udsat		jeg udsætter|jeg udsatte|jeg har udsat	I postpone|I postponed|I have postponed	v
at fremskynde	to speed up		4	fremskynder|fremskyndede|fremskyndet		jeg fremskynder|jeg fremskyndede|jeg har fremskyndet	I speed up|I sped up|I have sped up	v
at bremse	to slow down		2	bremser|bremsede|bremset		jeg bremser|jeg bremsede|jeg har bremset	I slow down|I slowed down|I have slowed down	v
at forsinke	to delay		2	forsinker|forsinkede|forsinket		jeg forsinker|jeg forsinkede|jeg har forsinket	I delay|I delayed|I have delayed	v
at organisere	to organize		3	organiserer|organiserede|organiseret		jeg organiserer|jeg organiserede|jeg har organiseret	I organize|I organized|I have organized	v
at gennemføre	to carry out		3	gennemfører|gennemførte|gennemført		jeg gennemfører|jeg gennemførte|jeg har gennemført	I carry out|I carried out|I have carried out	v
at opnå	to achieve		3	opnår|opnåede|opnået		jeg opnår|jeg opnåede|jeg har opnået	I achieve|I achieved|I have achieved	v
at mislykkes	to fail		3	mislykkes|mislykkedes|mislykkedes		det mislykkes|det mislykkedes|det er mislykkedes	it fails|it failed|it has failed	v
at lykkes	to succeed		2	lykkes|lykkedes|lykkedes		det lykkes|det lykkedes|det er lykkedes	it succeeds|it succeeded|it has succeeded	v
at prøve på	to try to		2	prøver på|prøvede på|prøvet på		jeg prøver på|jeg prøvede på|jeg har prøvet på	I try to|I tried to|I have tried to	v
at teste	to test		2	tester|testede|testet		jeg tester|jeg testede|jeg har testet	I test|I tested|I have tested	v
at måle	to measure		2	måler|målte|målt		jeg måler|jeg målte|jeg har målt	I measure|I measured|I have measured	v
at veje	to weigh		2	vejer|vejede|vejet		jeg vejer|jeg vejede|jeg har vejet	I weigh|I weighed|I have weighed	v
at tælle	to count		1	tæller|talte|talt		jeg tæller|jeg talte|jeg har talt	I count|I counted|I have counted	v
at beregne	to calculate		3	beregner|beregnede|beregnet		jeg beregner|jeg beregnede|jeg har beregnet	I calculate|I calculated|I have calculated	v
at anslå	to estimate		4	anslår|anslog|anslået		jeg anslår|jeg anslog|jeg har anslået	I estimate|I estimated|I have estimated	v
at lade	to let		2	lader|lod|ladet		jeg lader|jeg lod|jeg har ladet	I let|I let|I have let	v
at burde	ought to / should		2	bør|burde|burdet		jeg bør|jeg burde|jeg har burdet	I ought to|I ought to / should have|I have been supposed to	v
at behøve	to need		1	behøver|behøvede|behøvet		jeg behøver|jeg behøvede|jeg har behøvet	I need|I needed|I have needed	v
at betyde	to mean		1	betyder|betød|betydet		jeg betyder|jeg betød|jeg har betydet	I mean|I meant|I have meant	v
at dræbe	to kill	SP	2	dræber|dræbte|dræbt		jeg dræber|jeg dræbte|jeg har dræbt	I kill|I killed|I have killed	v
at lyde	to sound		2	lyder|lød|lydt		det lyder|det lød|det har lydt	it sounds|it sounded|it has sounded	v
at virke	to work / seem		2	virker|virkede|virket		jeg virker|jeg virkede|jeg har virket	I work / seem|I worked / seemed|I have worked / seemed	v
at ligne	to look like		2	ligner|lignede|lignet		jeg ligner|jeg lignede|jeg har lignet	I look like|I looked like|I have looked like	v
at føle	to feel		1	føler|følte|følt		jeg føler|jeg følte|jeg har følt	I feel|I felt|I have felt	v
at kalde	to call		2	kalder|kaldte|kaldt		jeg kalder|jeg kaldte|jeg har kaldt	I call|I called|I have called	v
at snakke	to talk / chat		1	snakker|snakkede|snakket		jeg snakker|jeg snakkede|jeg har snakket	I talk / chat|I talked / chatted|I have talked / chatted	v
at leve	to live (be alive)		1	lever|levede|levet		jeg lever|jeg levede|jeg har levet	I live (be alive)|I lived (be alive)|I have lived (be alive)	v
at redde	to save / rescue		2	redder|reddede|reddet		jeg redder|jeg reddede|jeg har reddet	I save / rescue|I saved / rescued|I have saved / rescued	v
at slå	to hit / beat		2	slår|slog|slået		jeg slår|jeg slog|jeg har slået	I hit / beat|I hit / beat|I have hit / beaten	v
at foregå	to take place / happen		2	foregår|foregik|foregået		det foregår|det foregik|det har foregået	it takes place / happens|it took place / happened|it has taken place / happened	v
at ane	to have an idea / suspect		3	aner|anede|anet		jeg aner|jeg anede|jeg har anet	I have an idea / suspect|I had an idea / suspected|I have had an idea / suspected	v
at slippe	to let go / escape		2	slipper|slap|sluppet		jeg slipper|jeg slap|jeg har sluppet	I let go / escape|I let go / escaped|I have let go / escaped	v
at beskytte	to protect		2	beskytter|beskyttede|beskyttet		jeg beskytter|jeg beskyttede|jeg har beskyttet	I protect|I protected|I have protected	v
at hente	to fetch / pick up		1	henter|hentede|hentet		jeg henter|jeg hentede|jeg har hentet	I fetch / pick up|I fetched / picked up|I have fetched / picked up	v
at skynde sig	to hurry		2	skynder sig|skyndte sig|skyndt sig		jeg skynder mig|jeg skyndte mig|jeg har skyndt mig	I hurry|I hurried|I have hurried	v
at mangle	to lack / be missing		2	mangler|manglede|manglet		jeg mangler|jeg manglede|jeg har manglet	I lack / am missing|I lacked / was missing|I have lacked / been missing	v
at føles	to feel (seem)		2	føles|føltes|føltes		det føles|det føltes|det har føltes	it feels (seem)|it felt (seem)|it has felt (seem)	v
at mærke	to feel / notice		2	mærker|mærkede|mærket		jeg mærker|jeg mærkede|jeg har mærket	I feel / notice|I felt / noticed|I have felt / noticed	v
at følge	to follow		2	følger|fulgte|fulgt		jeg følger|jeg fulgte|jeg har fulgt	I follow|I followed|I have followed	v
at trække	to pull		2	trækker|trak|trukket		jeg trækker|jeg trak|jeg har trukket	I pull|I pulled|I have pulled	v
at gide	to bother / can be bothered		2	gider|gad|gidet		jeg gider|jeg gad|jeg har gidet	I can be bothered to|I could be bothered to|I have bothered to	v
at skyde	to shoot		3	skyder|skød|skudt		jeg skyder|jeg skød|jeg har skudt	I shoot|I shot|I have shot	v
at lyve	to lie (tell a lie)		2	lyver|løj|løjet		jeg lyver|jeg løj|jeg har løjet	I lie (tell a lie)|I lied|I have lied	v
at fange	to catch		2	fanger|fangede|fanget		jeg fanger|jeg fangede|jeg har fanget	I catch|I caught|I have caught	v
at fortjene	to deserve		3	fortjener|fortjente|fortjent		jeg fortjener|jeg fortjente|jeg har fortjent	I deserve|I deserved|I have deserved	v
at stjæle	to steal		2	stjæler|stjal|stjålet		jeg stjæler|jeg stjal|jeg har stjålet	I steal|I stole|I have stolen	v
at vende	to turn		2	vender|vendte|vendt		jeg vender|jeg vendte|jeg har vendt	I turn|I turned|I have turned	v
at bryde	to break		2	bryder|brød|brudt		jeg bryder|jeg brød|jeg har brudt	I break|I broke|I have broken	v
at skaffe	to get / obtain		2	skaffer|skaffede|skaffet		jeg skaffer|jeg skaffede|jeg har skaffet	I get / obtain|I got / obtained|I have gotten / obtained	v
at ordne	to fix / sort out		2	ordner|ordnede|ordnet		jeg ordner|jeg ordnede|jeg har ordnet	I fix / sort out|I fixed / sorted out|I have fixed / sorted out	v
at pleje	to usually (do) / to care for		2	plejer|plejede|plejet		jeg plejer|jeg plejede|jeg har plejet	I usually (do) / care for|I used to / cared for|I have cared for	v
at sværge	to swear (promise)		3	sværger|svor|svoret		jeg sværger|jeg svor|jeg har svoret	I swear (promise)|I swore (promise)|I have sworn (promise)	v
at såre	to hurt / wound		3	sårer|sårede|såret		jeg sårer|jeg sårede|jeg har såret	I hurt / wound|I hurt / wounded|I have hurt / wounded	v
at bekymre sig	to worry		2	bekymrer sig|bekymrede sig|bekymret sig		jeg bekymrer mig|jeg bekymrede mig|jeg har bekymret mig	I worry|I worried|I have worried	v
at røre	to touch / stir		2	rører|rørte|rørt		jeg rører|jeg rørte|jeg har rørt	I touch / stir|I touched / stirred|I have touched / stirred	v
at ramme	to hit (a target)		2	rammer|ramte|ramt		jeg rammer|jeg ramte|jeg har ramt	I hit (a target)|I hit (a target)|I have hit (a target)	v
at tjekke	to check		1	tjekker|tjekkede|tjekket		jeg tjekker|jeg tjekkede|jeg har tjekket	I check|I checked|I have checked	v
at fatte	to grasp / understand		3	fatter|fattede|fattet		jeg fatter|jeg fattede|jeg har fattet	I grasp / understand|I grasped / understood|I have grasped / understood	v
at myrde	to murder	SP	3	myrder|myrdede|myrdet		jeg myrder|jeg myrdede|jeg har myrdet	I murder|I murdered|I have murdered	v
at tjene	to earn / serve		2	tjener|tjente|tjent		jeg tjener|jeg tjente|jeg har tjent	I earn / serve|I earned / served|I have earned / served	v
at bringe	to bring		2	bringer|bragte|bragt		jeg bringer|jeg bragte|jeg har bragt	I bring|I brought|I have brought	v
at fungere	to work / function		2	fungerer|fungerede|fungeret		jeg fungerer|jeg fungerede|jeg har fungeret	I work / function|I worked / functioned|I have worked / functioned	v
at mødes	to meet (each other)		2	mødes|mødtes|mødtes		vi mødes|vi mødtes|vi har mødtes	we meet|we met|we have met	v
at kæmpe	to fight / struggle		2	kæmper|kæmpede|kæmpet		jeg kæmper|jeg kæmpede|jeg har kæmpet	I fight / struggle|I fought / struggled|I have fought / struggled	v
at kysse	to kiss		2	kysser|kyssede|kysset		jeg kysser|jeg kyssede|jeg har kysset	I kiss|I kissed|I have kissed	v
at anholde	to arrest	SP	3	anholder|anholdt|anholdt		jeg anholder|jeg anholdt|jeg har anholdt	I arrest|I arrested|I have arrested	v
at overleve	to survive		3	overlever|overlevede|overlevet		jeg overlever|jeg overlevede|jeg har overlevet	I survive|I survived|I have survived	v
at efterlade	to leave behind		3	efterlader|efterlod|efterladt		jeg efterlader|jeg efterlod|jeg har efterladt	I leave behind|I left behind|I have left behind	v
at støtte	to support		2	støtter|støttede|støttet		jeg støtter|jeg støttede|jeg har støttet	I support|I supported|I have supported	v
at gifte sig	to get married		2	gifter sig|giftede sig|giftet sig		jeg gifter mig|jeg giftede mig|jeg har giftet mig	I get married|I got married|I have gotten married	v
at styre	to control / steer		2	styrer|styrede|styret		jeg styrer|jeg styrede|jeg har styret	I control / steer|I controlled / steered|I have controlled / steered	v
at fyre	to fire (dismiss)	WJ	3	fyrer|fyrede|fyret		jeg fyrer|jeg fyrede|jeg har fyret	I fire (dismiss)|I fired (dismiss)|I have fired (dismiss)	v
at fjerne	to remove		2	fjerner|fjernede|fjernet		jeg fjerner|jeg fjernede|jeg har fjernet	I remove|I removed|I have removed	v
at hænge	to hang		2	hænger|hang|hængt		jeg hænger|jeg hang|jeg har hængt	I hang|I hung|I have hung	v
at forestille sig	to imagine		2	forestiller sig|forestillede sig|forestillet sig		jeg forestiller mig|jeg forestillede mig|jeg har forestillet mig	I imagine|I imagined|I have imagined	v
at bære	to carry / wear		2	bærer|bar|båret		jeg bærer|jeg bar|jeg har båret	I carry / wear|I carried / wore|I have carried / worn	v
at sørge for	to make sure / take care of		2	sørger for|sørgede for|sørget for		jeg sørger for|jeg sørgede for|jeg har sørget for	I make sure / take care of|I made sure / took care of|I have made sure / taken care of	v
at smutte	to slip away / pop out		2	smutter|smuttede|smuttet		jeg smutter|jeg smuttede|jeg er smuttet	I slip away / pop out|I slipped away / popped out|I have slipped away / popped out	v
at brænde	to burn		2	brænder|brændte|brændt		jeg brænder|jeg brændte|jeg har brændt	I burn|I burned|I have burned	v
at stikke	to stick / sting / stab		3	stikker|stak|stukket		jeg stikker|jeg stak|jeg har stukket	I stick / sting / stab|I stuck / stung / stabbed|I have stuck / stung / stabbed	v
at lugte	to smell		2	lugter|lugtede|lugtet		jeg lugter|jeg lugtede|jeg har lugtet	I smell|I smelled|I have smelled	v
at gå glip af	to miss out on		2	går glip af|gik glip af|gået glip af		jeg går glip af|jeg gik glip af|jeg har gået glip af	I miss out on|I missed out on|I have missed out on	v
at tilhøre	to belong to		3	tilhører|tilhørte|tilhørt		jeg tilhører|jeg tilhørte|jeg har tilhørt	I belong to|I belonged to|I have belonged to	v
at beholde	to keep		2	beholder|beholdt|beholdt		jeg beholder|jeg beholdt|jeg har beholdt	I keep|I kept|I have kept	v
at lede	to search / lead		2	leder|ledte|ledt		jeg leder|jeg ledte|jeg har ledt	I search / lead|I searched / led|I have searched / led	v
at forvente	to expect		2	forventer|forventede|forventet		jeg forventer|jeg forventede|jeg har forventet	I expect|I expected|I have expected	v
at dreje	to turn		2	drejer|drejede|drejet		jeg drejer|jeg drejede|jeg har drejet	I turn|I turned|I have turned	v
at flygte	to flee		3	flygter|flygtede|flygtet		jeg flygter|jeg flygtede|jeg er flygtet	I flee|I fled|I have fled	v
at smide	to throw (away)		2	smider|smed|smidt		jeg smider|jeg smed|jeg har smidt	I throw (away)|I threw (away)|I have thrown (away)	v
at trænge	to need / push through		3	trænger|trængte|trængt		jeg trænger|jeg trængte|jeg har trængt	I need / push through|I needed / pushed through|I have needed / pushed through	v
at undersøge	to examine / investigate		2	undersøger|undersøgte|undersøgt		jeg undersøger|jeg undersøgte|jeg har undersøgt	I examine / investigate|I examined / investigated|I have examined / investigated	v
at hvile	to rest		2	hviler|hvilede|hvilet		jeg hviler|jeg hvilede|jeg har hvilet	I rest|I rested|I have rested	v
at dække	to cover		2	dækker|dækkede|dækket		jeg dækker|jeg dækkede|jeg har dækket	I cover|I covered|I have covered	v
at nå	to reach / make it		2	når|nåede|nået		jeg når|jeg nåede|jeg har nået	I reach / make it|I reached / made it|I have reached / made it	v
at ende	to end		2	ender|endte|endt		jeg ender|jeg endte|jeg er endt	I end|I ended|I have ended	v
at droppe	to drop / skip		2	dropper|droppede|droppet		jeg dropper|jeg droppede|jeg har droppet	I drop / skip|I dropped / skipped|I have dropped / skipped	v
at nævne	to mention		2	nævner|nævnte|nævnt		jeg nævner|jeg nævnte|jeg har nævnt	I mention|I mentioned|I have mentioned	v
at foretrække	to prefer		2	foretrækker|foretrak|foretrukket		jeg foretrækker|jeg foretrak|jeg har foretrukket	I prefer|I preferred|I have preferred	v
at mistænke	to suspect		2	mistænker|mistænkte|mistænkt		jeg mistænker|jeg mistænkte|jeg har mistænkt	I suspect|I suspected|I have suspected	v
at nærme sig	to approach		2	nærmer sig|nærmede sig|nærmet sig		jeg nærmer mig|jeg nærmede mig|jeg har nærmet mig	I approach|I approached|I have approached	v
at bevæge sig	to move		2	bevæger sig|bevægede sig|bevæget sig		jeg bevæger mig|jeg bevægede mig|jeg har bevæget mig	I move|I moved|I have moved	v
at nyde	to enjoy		2	nyder|nød|nydt		jeg nyder|jeg nød|jeg har nydt	I enjoy|I enjoyed|I have enjoyed	v
at opføre sig	to behave		2	opfører sig|opførte sig|opført sig		jeg opfører mig|jeg opførte mig|jeg har opført mig	I behave|I behaved|I have behaved	v
at samarbejde	to cooperate		2	samarbejder|samarbejdede|samarbejdet		jeg samarbejder|jeg samarbejdede|jeg har samarbejdet	I cooperate|I cooperated|I have cooperated	v
at træde	to step		2	træder|trådte|trådt		jeg træder|jeg trådte|jeg har trådt	I step|I stepped|I have stepped	v
at skændes	to argue		2	skændes|skændtes|skændtes		vi skændes|vi skændtes|vi har skændtes	we argue|we argued|we have argued	v
at tilgive	to forgive		2	tilgiver|tilgav|tilgivet		jeg tilgiver|jeg tilgav|jeg har tilgivet	I forgive|I forgave|I have forgiven	v
at begå	to commit (a crime)	SP	3	begår|begik|begået		jeg begår|jeg begik|jeg har begået	I commit (a crime)|I committed (a crime)|I have committed (a crime)	v
at kaste	to throw		2	kaster|kastede|kastet		jeg kaster|jeg kastede|jeg har kastet	I throw|I threw|I have thrown	v
at præsentere	to present / introduce		2	præsenterer|præsenterede|præsenteret		jeg præsenterer|jeg præsenterede|jeg har præsenteret	I present / introduce|I presented / introduced|I have presented / introduced	v
at gætte	to guess		2	gætter|gættede|gættet		jeg gætter|jeg gættede|jeg har gættet	I guess|I guessed|I have guessed	v
at fejre	to celebrate	CH	2	fejrer|fejrede|fejret		jeg fejrer|jeg fejrede|jeg har fejret	I celebrate|I celebrated|I have celebrated	v
at indrømme	to admit		2	indrømmer|indrømmede|indrømmet		jeg indrømmer|jeg indrømmede|jeg har indrømmet	I admit|I admitted|I have admitted	v
at hilse	to greet / say hello		2	hilser|hilste|hilst		jeg hilser|jeg hilste|jeg har hilst	I greet / say hello|I greeted / said hello|I have greeted / said hello	v
at spore	to track / trace		3	sporer|sporede|sporet		jeg sporer|jeg sporede|jeg har sporet	I track / trace|I tracked / traced|I have tracked / traced	v
at forsvare	to defend		3	forsvarer|forsvarede|forsvaret		jeg forsvarer|jeg forsvarede|jeg har forsvaret	I defend|I defended|I have defended	v
at begrave	to bury		3	begraver|begravede|begravet		jeg begraver|jeg begravede|jeg har begravet	I bury|I buried|I have buried	v
at angå	to concern		3	angår|angik|angået		det angår|det angik|det har angået	it concerns|it concerned|it has concerned	v
at diskutere	to discuss		2	diskuterer|diskuterede|diskuteret		jeg diskuterer|jeg diskuterede|jeg har diskuteret	I discuss|I discussed|I have discussed	v
at eksistere	to exist		2	eksisterer|eksisterede|eksisteret		jeg eksisterer|jeg eksisterede|jeg har eksisteret	I exist|I existed|I have existed	v
at vove	to dare		3	vover|vovede|vovet		jeg vover|jeg vovede|jeg har vovet	I dare|I dared|I have dared	v
at springe	to jump		2	springer|sprang|sprunget		jeg springer|jeg sprang|jeg har sprunget	I jump|I jumped|I have jumped	v
at håndtere	to handle		2	håndterer|håndterede|håndteret		jeg håndterer|jeg håndterede|jeg har håndteret	I handle|I handled|I have handled	v
at indse	to realize		2	indser|indså|indset		jeg indser|jeg indså|jeg har indset	I realize|I realized|I have realized	v
at kontakte	to contact		2	kontakter|kontaktede|kontaktet		jeg kontakter|jeg kontaktede|jeg har kontaktet	I contact|I contacted|I have contacted	v
at vædde	to bet		3	vædder|væddede|væddet		jeg vædder|jeg væddede|jeg har væddet	I bet|I bet|I have bet	v
at tilbyde	to offer		2	tilbyder|tilbød|tilbudt		jeg tilbyder|jeg tilbød|jeg har tilbudt	I offer|I offered|I have offered	v
at spilde	to waste / spill		2	spilder|spildte|spildt		jeg spilder|jeg spildte|jeg har spildt	I waste / spill|I wasted / spilled|I have wasted / spilled	v
at forstyrre	to disturb		2	forstyrrer|forstyrrede|forstyrret		jeg forstyrrer|jeg forstyrrede|jeg har forstyrret	I disturb|I disturbed|I have disturbed	v
at afslutte	to finish / end		2	afslutter|afsluttede|afsluttet		jeg afslutter|jeg afsluttede|jeg har afsluttet	I finish / end|I finished / ended|I have finished / ended	v
at grave	to dig		2	graver|gravede|gravet		jeg graver|jeg gravede|jeg har gravet	I dig|I dug|I have dug	v
at tvinge	to force		2	tvinger|tvang|tvunget		jeg tvinger|jeg tvang|jeg har tvunget	I force|I forced|I have forced	v
at drive	to run (a business) / drift		3	driver|drev|drevet		jeg driver|jeg drev|jeg har drevet	I run (a business) / drift|I ran (a business) / drifted|I have run (a business) / drifted	v
at dømme	to judge / sentence	SP	3	dømmer|dømte|dømt		jeg dømmer|jeg dømte|jeg har dømt	I judge / sentence|I judged / sentenced|I have judged / sentenced	v
at behandle	to treat		2	behandler|behandlede|behandlet		jeg behandler|jeg behandlede|jeg har behandlet	I treat|I treated|I have treated	v
at standse	to stop		3	standser|standsede|standset		jeg standser|jeg standsede|jeg har standset	I stop|I stopped|I have stopped	v
at kontrollere	to control / check		2	kontrollerer|kontrollerede|kontrolleret		jeg kontrollerer|jeg kontrollerede|jeg har kontrolleret	I control / check|I controlled / checked|I have controlled / checked	v
at formode	to suppose / presume		3	formoder|formodede|formodet		jeg formoder|jeg formodede|jeg har formodet	I suppose / presume|I supposed / presumed|I have supposed / presumed	v
at drømme	to dream		2	drømmer|drømte|drømt		jeg drømmer|jeg drømte|jeg har drømt	I dream|I dreamed|I have dreamed	v
at udføre	to carry out		2	udfører|udførte|udført		jeg udfører|jeg udførte|jeg har udført	I carry out|I carried out|I have carried out	v
at aflevere	to hand in / deliver		2	afleverer|afleverede|afleveret		jeg afleverer|jeg afleverede|jeg har afleveret	I hand in / deliver|I handed in / delivered|I have handed in / delivered	v
at genkende	to recognize		2	genkender|genkendte|genkendt		jeg genkender|jeg genkendte|jeg har genkendt	I recognize|I recognized|I have recognized	v
at gentage	to repeat		2	gentager|gentog|gentaget		jeg gentager|jeg gentog|jeg har gentaget	I repeat|I repeated|I have repeated	v
at rydde op	to tidy up		2	rydder op|ryddede op|ryddet op		jeg rydder op|jeg ryddede op|jeg har ryddet op	I tidy up|I tidied up|I have tidied up	v
at bløde	to bleed	BH	2	bløder|blødte|blødt		jeg bløder|jeg blødte|jeg har blødt	I bleed|I bled|I have bled	v
at skyldes	to be due to		3	skyldes|skyldtes|skyldtes		det skyldes|det skyldtes|det har skyldtes	it is due to|it was due to|it has been due to	v
at afhænge af	to depend on		2	afhænger af|afhang af|afhængt af		jeg afhænger af|jeg afhang af|jeg har afhængt af	I depend on|I depended on|I have depended on	v
at træffe	to meet / make (a decision)		3	træffer|traf|truffet		jeg træffer|jeg traf|jeg har truffet	I meet / make (a decision)|I met / made (a decision)|I have met / made (a decision)	v
at jage	to hunt / chase		2	jager|jagede|jaget		jeg jager|jeg jagede|jeg har jaget	I hunt / chase|I hunted / chased|I have hunted / chased	v
at brække	to break (a bone) / to vomit	BH	2	brækker|brækkede|brækket		jeg brækker|jeg brækkede|jeg har brækket	I break (a bone) / vomit|I broke (a bone) / vomited|I have broken (a bone) / vomited	v
at ride	to ride (a horse)	FS	2	rider|red|redet		jeg rider|jeg red|jeg har redet	I ride (a horse)|I rode (a horse)|I have ridden (a horse)	v
at ankomme	to arrive		2	ankommer|ankom|ankommet		jeg ankommer|jeg ankom|jeg er ankommet	I arrive|I arrived|I have arrived	v
at narre	to fool / trick		3	narrer|narrede|narret		jeg narrer|jeg narrede|jeg har narret	I fool / trick|I fooled / tricked|I have fooled / tricked	v
at vække	to wake (someone)		2	vækker|vækkede|vækket		jeg vækker|jeg vækkede|jeg har vækket	I wake (someone)|I woke (someone)|I have woken (someone)	v
at oversætte	to translate	SL	2	oversætter|oversatte|oversat		jeg oversætter|jeg oversatte|jeg har oversat	I translate|I translated|I have translated	v
at risikere	to risk		2	risikerer|risikerede|risikeret		jeg risikerer|jeg risikerede|jeg har risikeret	I risk|I risked|I have risked	v
at genere	to bother		2	generer|generede|generet		jeg generer|jeg generede|jeg har generet	I bother|I bothered|I have bothered	v
at melde	to report / announce		3	melder|meldte|meldt		jeg melder|jeg meldte|jeg har meldt	I report / announce|I reported / announced|I have reported / announced	v
at duge	to be any good / work		4	duer|duede|duet		jeg duer|jeg duede|jeg har duet	I am any good / work|I was any good / worked|I have been any good / worked	v
at fortryde	to regret		2	fortryder|fortrød|fortrudt		jeg fortryder|jeg fortrød|jeg har fortrudt	I regret|I regretted|I have regretted	v
at rykke	to move / pull		3	rykker|rykkede|rykket		jeg rykker|jeg rykkede|jeg har rykket	I move / pull|I moved / pulled|I have moved / pulled	v
at påstå	to claim		3	påstår|påstod|påstået		jeg påstår|jeg påstod|jeg har påstået	I claim|I claimed|I have claimed	v
at tisse	to pee	BH	2	tisser|tissede|tisset		jeg tisser|jeg tissede|jeg har tisset	I pee|I peed|I have peed	v
at sprænge	to blow up		3	sprænger|sprængte|sprængt		jeg sprænger|jeg sprængte|jeg har sprængt	I blow up|I blew up|I have blown up	v
at opleve	to experience		2	oplever|oplevede|oplevet		jeg oplever|jeg oplevede|jeg har oplevet	I experience|I experienced|I have experienced	v
at glo	to stare		3	glor|gloede|gloet		jeg glor|jeg gloede|jeg har gloet	I stare|I stared|I have stared	v
at respektere	to respect		2	respekterer|respekterede|respekteret		jeg respekterer|jeg respekterede|jeg har respekteret	I respect|I respected|I have respected	v
at værdsætte	to appreciate		3	værdsætter|værdsatte|værdsat		jeg værdsætter|jeg værdsatte|jeg har værdsat	I appreciate|I appreciated|I have appreciated	v
at bevare	to preserve / keep		3	bevarer|bevarede|bevaret		jeg bevarer|jeg bevarede|jeg har bevaret	I preserve / keep|I preserved / kept|I have preserved / kept	v
at velsigne	to bless		4	velsigner|velsignede|velsignet		jeg velsigner|jeg velsignede|jeg har velsignet	I bless|I blessed|I have blessed	v
at snyde	to cheat		3	snyder|snød|snydt		jeg snyder|jeg snød|jeg har snydt	I cheat|I cheated|I have cheated	v
at opgive	to give up		3	opgiver|opgav|opgivet		jeg opgiver|jeg opgav|jeg har opgivet	I give up|I gave up|I have given up	v
at fokusere	to focus		3	fokuserer|fokuserede|fokuseret		jeg fokuserer|jeg fokuserede|jeg har fokuseret	I focus|I focused|I have focused	v
at knuse	to crush		2	knuser|knuste|knust		jeg knuser|jeg knuste|jeg har knust	I crush|I crushed|I have crushed	v
at fylde	to fill / take up space		2	fylder|fyldte|fyldt		jeg fylder|jeg fyldte|jeg har fyldt	I fill / take up space|I filled / took up space|I have filled / taken up space	v
at arrestere	to arrest	SP	3	arresterer|arresterede|arresteret		jeg arresterer|jeg arresterede|jeg har arresteret	I arrest|I arrested|I have arrested	v
at løfte	to lift		2	løfter|løftede|løftet		jeg løfter|jeg løftede|jeg har løftet	I lift|I lifted|I have lifted	v
at føde	to give birth	BH	3	føder|fødte|født		jeg føder|jeg fødte|jeg har født	I give birth|I gave birth|I have given birth	v
at løse	to solve		2	løser|løste|løst		jeg løser|jeg løste|jeg har løst	I solve|I solved|I have solved	v
at smadre	to smash		3	smadrer|smadrede|smadret		jeg smadrer|jeg smadrede|jeg har smadret	I smash|I smashed|I have smashed	v
at stamme	to stutter / come from		3	stammer|stammede|stammet		jeg stammer|jeg stammede|jeg har stammet	I stutter / come from|I stuttered / came from|I have stuttered / come from	v
at gennemgå	to go through / review		3	gennemgår|gennemgik|gennemgået		jeg gennemgår|jeg gennemgik|jeg har gennemgået	I go through / review|I went through / reviewed|I have gone through / reviewed	v
at befinde sig	to be (located)		3	befinder sig|befandt sig|befundet sig		jeg befinder mig|jeg befandt mig|jeg har befundet mig	I am (located)|I was (located)|I have been (located)	v
at godkende	to approve		3	godkender|godkendte|godkendt		jeg godkender|jeg godkendte|jeg har godkendt	I approve|I approved|I have approved	v
at identificere	to identify		3	identificerer|identificerede|identificeret		jeg identificerer|jeg identificerede|jeg har identificeret	I identify|I identified|I have identified	v
at presse	to press / pressure		2	presser|pressede|presset		jeg presser|jeg pressede|jeg har presset	I press / pressure|I pressed / pressured|I have pressed / pressured	v
at forblive	to remain		3	forbliver|forblev|forblevet		jeg forbliver|jeg forblev|jeg er forblevet	I remain|I remained|I have remained	v
at stige	to rise / climb		2	stiger|steg|steget		jeg stiger|jeg steg|jeg er steget	I rise / climb|I rose / climbed|I have risen / climbed	v
at udnytte	to exploit / make use of		3	udnytter|udnyttede|udnyttet		jeg udnytter|jeg udnyttede|jeg har udnyttet	I exploit / make use of|I exploited / made use of|I have exploited / made use of	v
at bemærke	to notice / remark		3	bemærker|bemærkede|bemærket		jeg bemærker|jeg bemærkede|jeg har bemærket	I notice / remark|I noticed / remarked|I have noticed / remarked	v
at tyde på	to suggest / indicate		3	tyder på|tydede på|tydet på		det tyder på|det tydede på|det har tydet på	it suggests / indicates|it suggested / indicated|it has suggested / indicated	v
at bekæmpe	to fight / combat		3	bekæmper|bekæmpede|bekæmpet		jeg bekæmper|jeg bekæmpede|jeg har bekæmpet	I fight / combat|I fought / combated|I have fought / combated	v
at tilbringe	to spend (time)		2	tilbringer|tilbragte|tilbragt		jeg tilbringer|jeg tilbragte|jeg har tilbragt	I spend (time)|I spent (time)|I have spent (time)	v
at række	to reach / hand		2	rækker|rakte|rakt		jeg rækker|jeg rakte|jeg har rakt	I reach / hand|I reached / handed|I have reached / handed	v
at sænke	to lower		3	sænker|sænkede|sænket		jeg sænker|jeg sænkede|jeg har sænket	I lower|I lowered|I have lowered	v
at indeholde	to contain		2	indeholder|indeholdt|indeholdt		det indeholder|det indeholdt|det har indeholdt	it contains|it contained|it has contained	v
at træne	to train	FS	1	træner|trænede|trænet		jeg træner|jeg trænede|jeg har trænet	I train|I trained|I have trained	v
at pakke	to pack	TT	2	pakker|pakkede|pakket		jeg pakker|jeg pakkede|jeg har pakket	I pack|I packed|I have packed	v
at skrige	to scream		2	skriger|skreg|skreget		jeg skriger|jeg skreg|jeg har skreget	I scream|I screamed|I have screamed	v
at skubbe	to push		2	skubber|skubbede|skubbet		jeg skubber|jeg skubbede|jeg har skubbet	I push|I pushed|I have pushed	v
at forhandle	to negotiate		3	forhandler|forhandlede|forhandlet		jeg forhandler|jeg forhandlede|jeg har forhandlet	I negotiate|I negotiated|I have negotiated	v
at løslade	to release (from prison)	SP	3	løslader|løslod|løsladt		jeg løslader|jeg løslod|jeg har løsladt	I release (from prison)|I released (from prison)|I have released (from prison)	v
at bide	to bite		2	bider|bed|bidt		jeg bider|jeg bed|jeg har bidt	I bite|I bit|I have bitten	v
at befri	to free / liberate		3	befrier|befriede|befriet		jeg befrier|jeg befriede|jeg har befriet	I free / liberate|I freed / liberated|I have freed / liberated	v
at afgøre	to decide / settle		3	afgør|afgjorde|afgjort		jeg afgør|jeg afgjorde|jeg har afgjort	I decide / settle|I decided / settled|I have decided / settled	v
at trykke	to press / print		2	trykker|trykkede|trykket		jeg trykker|jeg trykkede|jeg har trykket	I press / print|I pressed / printed|I have pressed / printed	v
at skinne	to shine		2	skinner|skinnede|skinnet		jeg skinner|jeg skinnede|jeg har skinnet	I shine|I shone|I have shone	v
at spare	to save (money)	MB	2	sparer|sparede|sparet		jeg sparer|jeg sparede|jeg har sparet	I save (money)|I saved (money)|I have saved (money)	v
at foretage	to make / carry out		3	foretager|foretog|foretaget		jeg foretager|jeg foretog|jeg har foretaget	I make / carry out|I made / carried out|I have made / carried out	v
at hyre	to hire	WJ	3	hyrer|hyrede|hyret		jeg hyrer|jeg hyrede|jeg har hyret	I hire|I hired|I have hired	v
at undre sig	to wonder		3	undrer sig|undrede sig|undret sig		jeg undrer mig|jeg undrede mig|jeg har undret mig	I wonder|I wondered|I have wondered	v
at skuffe	to disappoint		2	skuffer|skuffede|skuffet		jeg skuffer|jeg skuffede|jeg har skuffet	I disappoint|I disappointed|I have disappointed	v
at kidnappe	to kidnap	SP	3	kidnapper|kidnappede|kidnappet		jeg kidnapper|jeg kidnappede|jeg har kidnappet	I kidnap|I kidnapped|I have kidnapped	v
at ryste	to shake		2	ryster|rystede|rystet		jeg ryster|jeg rystede|jeg har rystet	I shake|I shook|I have shaken	v
at repræsentere	to represent		3	repræsenterer|repræsenterede|repræsenteret		jeg repræsenterer|jeg repræsenterede|jeg har repræsenteret	I represent|I represented|I have represented	v
at dyrke	to grow / practice (a sport)		2	dyrker|dyrkede|dyrket		jeg dyrker|jeg dyrkede|jeg har dyrket	I grow / practice (a sport)|I grew / practiced (a sport)|I have grown / practiced (a sport)	v
at gribe	to grab / catch		3	griber|greb|grebet		jeg griber|jeg greb|jeg har grebet	I grab / catch|I grabbed / caught|I have grabbed / caught	v
at nytte	to be of use		3	nytter|nyttede|nyttet		jeg nytter|jeg nyttede|jeg har nyttet	I am of use|I was of use|I have been of use	v
at bestå	to pass (an exam) / consist		2	består|bestod|bestået		jeg består|jeg bestod|jeg har bestået	I pass (an exam) / consist|I passed (an exam) / consisted|I have passed (an exam) / consisted	v
at kede sig	to be bored		2	keder sig|kedede sig|kedet sig		jeg keder mig|jeg kedede mig|jeg har kedet mig	I am bored|I was bored|I have been bored	v
at antage	to assume		3	antager|antog|antaget		jeg antager|jeg antog|jeg har antaget	I assume|I assumed|I have assumed	v
at skilles	to divorce / separate		3	skilles|skiltes|skiltes		vi skilles|vi skiltes|vi har skiltes	we divorce / separate|we divorced / separated|we have divorced / separated	v
at leje	to rent	MB	2	lejer|lejede|lejet		jeg lejer|jeg lejede|jeg har lejet	I rent|I rented|I have rented	v
at afvise	to reject		3	afviser|afviste|afvist		jeg afviser|jeg afviste|jeg har afvist	I reject|I rejected|I have rejected	v
at pege	to point		2	peger|pegede|peget		jeg peger|jeg pegede|jeg har peget	I point|I pointed|I have pointed	v
at svigte	to let down / fail		3	svigter|svigtede|svigtet		jeg svigter|jeg svigtede|jeg har svigtet	I let down / fail|I let down / failed|I have let down / failed	v
at binde	to tie / bind		2	binder|bandt|bundet		jeg binder|jeg bandt|jeg har bundet	I tie / bind|I tied / bound|I have tied / bound	v
at bebrejde	to blame		3	bebrejder|bebrejdede|bebrejdet		jeg bebrejder|jeg bebrejdede|jeg har bebrejdet	I blame|I blamed|I have blamed	v
at beskrive	to describe		2	beskriver|beskrev|beskrevet		jeg beskriver|jeg beskrev|jeg har beskrevet	I describe|I described|I have described	v
at straffe	to punish	SP	3	straffer|straffede|straffet		jeg straffer|jeg straffede|jeg har straffet	I punish|I punished|I have punished	v
at forlange	to demand		3	forlanger|forlangte|forlangt		jeg forlanger|jeg forlangte|jeg har forlangt	I demand|I demanded|I have demanded	v
at mindes	to remember / commemorate		3	mindes|mindedes|mindedes		jeg mindes|jeg mindedes|jeg har mindedes	I remember / commemorate|I remembered / commemorated|I have remembered / commemorated	v
at rådne	to rot		3	rådner|rådnede|rådnet		det rådner|det rådnede|det er rådnet	it rots|it rotted|it has rotted	v
at forråde	to betray		4	forråder|forrådte|forrådt		jeg forråder|jeg forrådte|jeg har forrådt	I betray|I betrayed|I have betrayed	v
at vænne sig til	to get used to		2	vænner sig til|vænnede sig til|vænnet sig til		jeg vænner mig til|jeg vænnede mig til|jeg har vænnet mig til	I get used to|I got used to|I have gotten used to	v
at koncentrere sig	to concentrate		2	koncentrerer sig|koncentrerede sig|koncentreret sig		jeg koncentrerer mig|jeg koncentrerede mig|jeg har koncentreret mig	I concentrate|I concentrated|I have concentrated	v
at overvåge	to monitor / watch		3	overvåger|overvågede|overvåget		jeg overvåger|jeg overvågede|jeg har overvåget	I monitor / watch|I monitored / watched|I have monitored / watched	v
at ignorere	to ignore		3	ignorerer|ignorerede|ignoreret		jeg ignorerer|jeg ignorerede|jeg har ignoreret	I ignore|I ignored|I have ignored	v
at udgive	to publish		3	udgiver|udgav|udgivet		jeg udgiver|jeg udgav|jeg har udgivet	I publish|I published|I have published	v
at besejre	to defeat		3	besejrer|besejrede|besejret		jeg besejrer|jeg besejrede|jeg har besejret	I defeat|I defeated|I have defeated	v
at insistere	to insist		3	insisterer|insisterede|insisteret		jeg insisterer|jeg insisterede|jeg har insisteret	I insist|I insisted|I have insisted	v
at stirre	to stare		3	stirrer|stirrede|stirret		jeg stirrer|jeg stirrede|jeg har stirret	I stare|I stared|I have stared	v
at ånde	to breathe		3	ånder|åndede|åndet		jeg ånder|jeg åndede|jeg har åndet	I breathe|I breathed|I have breathed	v
at smitte	to infect	BH	3	smitter|smittede|smittet		jeg smitter|jeg smittede|jeg har smittet	I infect|I infected|I have infected	v
at hygge sig	to have a cozy / nice time		2	hygger sig|hyggede sig|hygget sig		jeg hygger mig|jeg hyggede mig|jeg har hygget mig	I have a cozy / nice time|I had a cozy / nice time|I have had a cozy / nice time	v
at skamme sig	to be ashamed		3	skammer sig|skammede sig|skammet sig		jeg skammer mig|jeg skammede mig|jeg har skammet mig	I am ashamed|I was ashamed|I have been ashamed	v
at hævne	to avenge		3	hævner|hævnede|hævnet		jeg hævner|jeg hævnede|jeg har hævnet	I avenge|I avenged|I have avenged	v
at kvæle	to strangle / choke		3	kvæler|kvalte|kvalt		jeg kvæler|jeg kvalte|jeg har kvalt	I strangle / choke|I strangled / choked|I have strangled / choked	v
at nøjes med	to make do with		3	nøjes med|nøjedes med|nøjedes med		jeg nøjes med|jeg nøjedes med|jeg har nøjedes med	I make do with|I made do with|I have made do with	v
at arrangere	to arrange		3	arrangerer|arrangerede|arrangeret		jeg arrangerer|jeg arrangerede|jeg har arrangeret	I arrange|I arranged|I have arranged	v
at bortføre	to abduct		4	bortfører|bortførte|bortført		jeg bortfører|jeg bortførte|jeg har bortført	I abduct|I abducted|I have abducted	v
at flyde	to float / flow		3	flyder|flød|flydt		jeg flyder|jeg flød|jeg har flydt	I float / flow|I floated / flowed|I have floated / flowed	v
at tåle	to tolerate / stand		3	tåler|tålte|tålt		jeg tåler|jeg tålte|jeg har tålt	I tolerate / stand|I tolerated / stood|I have tolerated / stood	v
at sladre	to gossip / tell on		3	sladrer|sladrede|sladret		jeg sladrer|jeg sladrede|jeg har sladret	I gossip / tell on|I gossiped / told on|I have gossiped / told on	v
at hæve	to raise / withdraw (money)	MB	3	hæver|hævede|hævet		jeg hæver|jeg hævede|jeg har hævet	I raise / withdraw (money)|I raised / withdrew (money)|I have raised / withdrawn (money)	v
at modstå	to resist		3	modstår|modstod|modstået		jeg modstår|jeg modstod|jeg har modstået	I resist|I resisted|I have resisted	v
at tilstå	to confess		3	tilstår|tilstod|tilstået		jeg tilstår|jeg tilstod|jeg har tilstået	I confess|I confessed|I have confessed	v
at spytte	to spit		3	spytter|spyttede|spyttet		jeg spytter|jeg spyttede|jeg har spyttet	I spit|I spat|I have spat	v
at besvare	to answer		3	besvarer|besvarede|besvaret		jeg besvarer|jeg besvarede|jeg har besvaret	I answer|I answered|I have answered	v
at drille	to tease		2	driller|drillede|drillet		jeg driller|jeg drillede|jeg har drillet	I tease|I teased|I have teased	v
at hive	to pull / heave		3	hiver|hev|hevet		jeg hiver|jeg hev|jeg har hevet	I pull / heave|I pulled / heaved|I have pulled / heaved	v
at rulle	to roll		2	ruller|rullede|rullet		jeg ruller|jeg rullede|jeg har rullet	I roll|I rolled|I have rolled	v
at overgive sig	to surrender		3	overgiver sig|overgav sig|overgivet sig		jeg overgiver mig|jeg overgav mig|jeg har overgivet mig	I surrender|I surrendered|I have surrendered	v
at affyre	to fire (a weapon)		4	affyrer|affyrede|affyret		jeg affyrer|jeg affyrede|jeg har affyret	I fire (a weapon)|I fired (a weapon)|I have fired (a weapon)	v
at hævde	to claim		3	hævder|hævdede|hævdet		jeg hævder|jeg hævdede|jeg har hævdet	I claim|I claimed|I have claimed	v
at flå	to rip / skin		4	flår|flåede|flået		jeg flår|jeg flåede|jeg har flået	I rip / skin|I ripped / skinned|I have ripped / skinned	v
at anmode	to request		3	anmoder|anmodede|anmodet		jeg anmoder|jeg anmodede|jeg har anmodet	I request|I requested|I have requested	v
at forsikre	to assure / insure		3	forsikrer|forsikrede|forsikret		jeg forsikrer|jeg forsikrede|jeg har forsikret	I assure / insure|I assured / insured|I have assured / insured	v
at udslette	to wipe out		4	udsletter|udslettede|udslettet		jeg udsletter|jeg udslettede|jeg har udslettet	I wipe out|I wiped out|I have wiped out	v
at styrte	to rush / crash		3	styrter|styrtede|styrtet		jeg styrter|jeg styrtede|jeg er styrtet	I rush / crash|I rushed / crashed|I have rushed / crashed	v
at røve	to rob	SP	3	røver|røvede|røvet		jeg røver|jeg røvede|jeg har røvet	I rob|I robbed|I have robbed	v
at undvære	to do without		3	undværer|undværede|undværet		jeg undværer|jeg undværede|jeg har undværet	I do without|I did without|I have done without	v
at omgås	to associate with / socialize		4	omgås|omgikkes|omgåedes		jeg omgås|jeg omgikkes|jeg har omgåedes	I associate with / socialize|I associated with / socialized|I have associated with / socialized	v
at drukne	to drown		3	drukner|druknede|druknet		jeg drukner|jeg druknede|jeg er druknet	I drown|I drowned|I have drowned	v
at forfølge	to pursue / persecute		3	forfølger|forfulgte|forfulgt		jeg forfølger|jeg forfulgte|jeg har forfulgt	I pursue / persecute|I pursued / persecuted|I have pursued / persecuted	v
at erstatte	to replace		3	erstatter|erstattede|erstattet		jeg erstatter|jeg erstattede|jeg har erstattet	I replace|I replaced|I have replaced	v
at le	to laugh		3	ler|lo|leet		jeg ler|jeg lo|jeg har leet	I laugh|I laughed|I have laughed	v
at imponere	to impress		2	imponerer|imponerede|imponeret		jeg imponerer|jeg imponerede|jeg har imponeret	I impress|I impressed|I have impressed	v
at spekulere	to speculate / wonder		3	spekulerer|spekulerede|spekuleret		jeg spekulerer|jeg spekulerede|jeg har spekuleret	I speculate / wonder|I speculated / wondered|I have speculated / wondered	v
at udtrykke	to express		3	udtrykker|udtrykte|udtrykt		jeg udtrykker|jeg udtrykte|jeg har udtrykt	I express|I expressed|I have expressed	v
at adlyde	to obey		3	adlyder|adlød|adlydt		jeg adlyder|jeg adlød|jeg har adlydt	I obey|I obeyed|I have obeyed	v
at klatre	to climb	FS	2	klatrer|klatrede|klatret		jeg klatrer|jeg klatrede|jeg har klatret	I climb|I climbed|I have climbed	v
at rette	to correct / straighten		2	retter|rettede|rettet		jeg retter|jeg rettede|jeg har rettet	I correct / straighten|I corrected / straightened|I have corrected / straightened	v
at designe	to design		3	designer|designede|designet		jeg designer|jeg designede|jeg har designet	I design|I designed|I have designed	v
at plage	to pester / torment		3	plager|plagede|plaget		jeg plager|jeg plagede|jeg har plaget	I pester / torment|I pestered / tormented|I have pestered / tormented	v
at snige sig	to sneak		3	sniger sig|sneg sig|sneget sig		jeg sniger mig|jeg sneg mig|jeg har sneget mig	I sneak|I snuck|I have snuck	v
at tilkalde	to summon / call in		4	tilkalder|tilkaldte|tilkaldt		jeg tilkalder|jeg tilkaldte|jeg har tilkaldt	I summon / call in|I summoned / called in|I have summoned / called in	v
at optræde	to perform / appear		3	optræder|optrådte|optrådt		jeg optræder|jeg optrådte|jeg har optrådt	I perform / appear|I performed / appeared|I have performed / appeared	v
at glide	to slide / slip		3	glider|gled|gledet		jeg glider|jeg gled|jeg har gledet	I slide / slip|I slid / slipped|I have slid / slipped	v
at spænde	to tighten / fasten		2	spænder|spændte|spændt		jeg spænder|jeg spændte|jeg har spændt	I tighten / fasten|I tightened / fastened|I have tightened / fastened	v
at orke	to have the energy for		2	orker|orkede|orket		jeg orker|jeg orkede|jeg har orket	I have the energy for|I had the energy for|I have had the energy for	v
at sutte	to suck		3	sutter|suttede|suttet		jeg sutter|jeg suttede|jeg har suttet	I suck|I sucked|I have sucked	v
at fornemme	to sense		3	fornemmer|fornemmede|fornemmet		jeg fornemmer|jeg fornemmede|jeg har fornemmet	I sense|I sensed|I have sensed	v
at snuppe	to snatch / grab		3	snupper|snuppede|snuppet		jeg snupper|jeg snuppede|jeg har snuppet	I snatch / grab|I snatched / grabbed|I have snatched / grabbed	v
at klemme	to squeeze / pinch		3	klemmer|klemte|klemt		jeg klemmer|jeg klemte|jeg har klemt	I squeeze / pinch|I squeezed / pinched|I have squeezed / pinched	v
at forfremme	to promote	WJ	3	forfremmer|forfremmede|forfremmet		jeg forfremmer|jeg forfremmede|jeg har forfremmet	I promote|I promoted|I have promoted	v
at overføre	to transfer		3	overfører|overførte|overført		jeg overfører|jeg overførte|jeg har overført	I transfer|I transferred|I have transferred	v
at fornærme	to offend		3	fornærmer|fornærmede|fornærmet		jeg fornærmer|jeg fornærmede|jeg har fornærmet	I offend|I offended|I have offended	v
at råde over	to have at one's disposal		4	råder over|rådede over|rådet over		jeg råder over|jeg rådede over|jeg har rådet over	I have at my disposal|I had at my disposal|I have had at my disposal	v
at fodre	to feed		3	fodrer|fodrede|fodret		jeg fodrer|jeg fodrede|jeg har fodret	I feed|I fed|I have fed	v
at satse	to bet / go for		3	satser|satsede|satset		jeg satser|jeg satsede|jeg har satset	I bet / go for|I bet / went for|I have bet / gone for	v
at klø	to itch / scratch		3	klør|kløede|kløet		jeg klør|jeg kløede|jeg har kløet	I itch / scratch|I itched / scratched|I have itched / scratched	v
at afvente	to await		3	afventer|afventede|afventet		jeg afventer|jeg afventede|jeg har afventet	I await|I awaited|I have awaited	v
at overse	to overlook		3	overser|overså|overset		jeg overser|jeg overså|jeg har overset	I overlook|I overlooked|I have overlooked	v
at undslippe	to escape		3	undslipper|undslap|undsluppet		jeg undslipper|jeg undslap|jeg er undsluppet	I escape|I escaped|I have escaped	v
at erklære	to declare		3	erklærer|erklærede|erklæret		jeg erklærer|jeg erklærede|jeg har erklæret	I declare|I declared|I have declared	v
at indgå	to enter into (an agreement)		3	indgår|indgik|indgået		jeg indgår|jeg indgik|jeg har indgået	I enter into (an agreement)|I entered into (an agreement)|I have entered into (an agreement)	v
at garantere	to guarantee		3	garanterer|garanterede|garanteret		jeg garanterer|jeg garanterede|jeg har garanteret	I guarantee|I guaranteed|I have guaranteed	v
at bade	to bathe / swim	FS	2	bader|badede|badet		jeg bader|jeg badede|jeg har badet	I bathe / swim|I bathed / swam|I have bathed / swum	v
at betragte	to regard / consider		3	betragter|betragtede|betragtet		jeg betragter|jeg betragtede|jeg har betragtet	I regard / consider|I regarded / considered|I have regarded / considered	v
at sigte	to aim / charge (with a crime)		3	sigter|sigtede|sigtet		jeg sigter|jeg sigtede|jeg har sigtet	I aim / charge (with a crime)|I aimed / charged (with a crime)|I have aimed / charged (with a crime)	v
at opfinde	to invent		3	opfinder|opfandt|opfundet		jeg opfinder|jeg opfandt|jeg har opfundet	I invent|I invented|I have invented	v
at underrette	to notify		4	underretter|underrettede|underrettet		jeg underretter|jeg underrettede|jeg har underrettet	I notify|I notified|I have notified	v
at stemme	to vote	SP	2	stemmer|stemte|stemt		jeg stemmer|jeg stemte|jeg har stemt	I vote|I voted|I have voted	v
at forvandle	to transform		3	forvandler|forvandlede|forvandlet		jeg forvandler|jeg forvandlede|jeg har forvandlet	I transform|I transformed|I have transformed	v
at trives	to thrive		3	trives|trivedes|trivedes		det trives|det trivedes|det har trivedes	it thrives|it thrived|it has thrived	v
at besvime	to faint	BH	3	besvimer|besvimede|besvimet		jeg besvimer|jeg besvimede|jeg er besvimet	I faint|I fainted|I have fainted	v
at indhente	to catch up with		3	indhenter|indhentede|indhentet		jeg indhenter|jeg indhentede|jeg har indhentet	I catch up with|I caught up with|I have caught up with	v
at fikse	to fix		3	fikser|fiksede|fikset		jeg fikser|jeg fiksede|jeg har fikset	I fix|I fixed|I have fixed	v
at kravle	to crawl		2	kravler|kravlede|kravlet		jeg kravler|jeg kravlede|jeg har kravlet	I crawl|I crawled|I have crawled	v
at sikre	to secure / ensure		2	sikrer|sikrede|sikret		jeg sikrer|jeg sikrede|jeg har sikret	I secure / ensure|I secured / ensured|I have secured / ensured	v
at forårsage	to cause		3	forårsager|forårsagede|forårsaget		jeg forårsager|jeg forårsagede|jeg har forårsaget	I cause|I caused|I have caused	v
at udfylde	to fill in / fill out		2	udfylder|udfyldte|udfyldt		jeg udfylder|jeg udfyldte|jeg har udfyldt	I fill in / fill out|I filled in / filled out|I have filled in / filled out	v
at henrette	to execute	SP	4	henretter|henrettede|henrettet		jeg henretter|jeg henrettede|jeg har henrettet	I execute|I executed|I have executed	v
at bokse	to box	FS	3	bokser|boksede|bokset		jeg bokser|jeg boksede|jeg har bokset	I box|I boxed|I have boxed	v
at bøje	to bend		3	bøjer|bøjede|bøjet		jeg bøjer|jeg bøjede|jeg har bøjet	I bend|I bent|I have bent	v
at bande	to swear (curse)		2	bander|bandede|bandet		jeg bander|jeg bandede|jeg har bandet	I swear (curse)|I swore (curse)|I have sworn (curse)	v
at beordre	to order (command)		4	beordrer|beordrede|beordret		jeg beordrer|jeg beordrede|jeg har beordret	I order (command)|I ordered (command)|I have ordered (command)	v
at udrydde	to exterminate / eradicate		4	udrydder|udryddede|udryddet		jeg udrydder|jeg udryddede|jeg har udryddet	I exterminate / eradicate|I exterminated / eradicated|I have exterminated / eradicated	v
at drøfte	to discuss		3	drøfter|drøftede|drøftet		jeg drøfter|jeg drøftede|jeg har drøftet	I discuss|I discussed|I have discussed	v
at meddele	to announce / inform		3	meddeler|meddelte|meddelt		jeg meddeler|jeg meddelte|jeg har meddelt	I announce / inform|I announced / informed|I have announced / informed	v
at vælte	to knock over / tip over		3	vælter|væltede|væltet		jeg vælter|jeg væltede|jeg har væltet	I knock over / tip over|I knocked over / tipped over|I have knocked over / tipped over	v
at enes	to agree / get along		3	enes|enedes|enedes		vi enes|vi enedes|vi har enedes	we agree / get along|we agreed / got along|we have agreed / gotten along	v
at tilintetgøre	to annihilate		4	tilintetgør|tilintetgjorde|tilintetgjort		jeg tilintetgør|jeg tilintetgjorde|jeg har tilintetgjort	I annihilate|I annihilated|I have annihilated	v
at øge	to increase		3	øger|øgede|øget		jeg øger|jeg øgede|jeg har øget	I increase|I increased|I have increased	v
at opfylde	to fulfill		3	opfylder|opfyldte|opfyldt		jeg opfylder|jeg opfyldte|jeg har opfyldt	I fulfill|I fulfilled|I have fulfilled	v
at udfordre	to challenge		3	udfordrer|udfordrede|udfordret		jeg udfordrer|jeg udfordrede|jeg har udfordret	I challenge|I challenged|I have challenged	v
at indebære	to involve / imply		3	indebærer|indebar|indebåret		det indebærer|det indebar|det har indebåret	it involves / implies|it involved / implied|it has involved / implied	v
at synke	to sink / swallow		3	synker|sank|sunket		jeg synker|jeg sank|jeg har sunket	I sink / swallow|I sank / swallowed|I have sunk / swallowed	v
at operere	to operate		3	opererer|opererede|opereret		jeg opererer|jeg opererede|jeg har opereret	I operate|I operated|I have operated	v
at overlade	to leave (to someone) / hand over		3	overlader|overlod|overladt		jeg overlader|jeg overlod|jeg har overladt	I leave (to someone) / hand over|I left (to someone) / handed over|I have left (to someone) / handed over	v
at slæbe	to drag		3	slæber|slæbte|slæbt		jeg slæber|jeg slæbte|jeg har slæbt	I drag|I dragged|I have dragged	v
at havne	to end up		3	havner|havnede|havnet		jeg havner|jeg havnede|jeg er havnet	I end up|I ended up|I have ended up	v
at afhøre	to interrogate	SP	3	afhører|afhørte|afhørt		jeg afhører|jeg afhørte|jeg har afhørt	I interrogate|I interrogated|I have interrogated	v
at anbringe	to place		4	anbringer|anbragte|anbragt		jeg anbringer|jeg anbragte|jeg har anbragt	I place|I placed|I have placed	v
at tiltrække	to attract		3	tiltrækker|tiltrak|tiltrukket		jeg tiltrækker|jeg tiltrak|jeg har tiltrukket	I attract|I attracted|I have attracted	v
at danne	to form		3	danner|dannede|dannet		jeg danner|jeg dannede|jeg har dannet	I form|I formed|I have formed	v
at sludre	to chat		3	sludrer|sludrede|sludret		jeg sludrer|jeg sludrede|jeg har sludret	I chat|I chatted|I have chatted	v
at misforstå	to misunderstand		3	misforstår|misforstod|misforstået		jeg misforstår|jeg misforstod|jeg har misforstået	I misunderstand|I misunderstood|I have misunderstood	v
at genskabe	to recreate / restore		3	genskaber|genskabte|genskabt		jeg genskaber|jeg genskabte|jeg har genskabt	I recreate / restore|I recreated / restored|I have recreated / restored	v
at rapportere	to report		3	rapporterer|rapporterede|rapporteret		jeg rapporterer|jeg rapporterede|jeg har rapporteret	I report|I reported|I have reported	v
at fryse	to freeze		2	fryser|frøs|frosset		jeg fryser|jeg frøs|jeg har frosset	I freeze|I froze|I have frozen	v
at misse	to miss		3	misser|missede|misset		jeg misser|jeg missede|jeg har misset	I miss|I missed|I have missed	v
at opstå	to arise / occur		3	opstår|opstod|opstået		jeg opstår|jeg opstod|jeg er opstået	I arise / occur|I arose / occurred|I have arisen / occurred	v
at vare	to last		2	varer|varede|varet		det varer|det varede|det har varet	it lasts|it lasted|it has lasted	v
at hylde	to celebrate / honor		3	hylder|hyldede|hyldet		jeg hylder|jeg hyldede|jeg har hyldet	I celebrate / honor|I celebrated / honored|I have celebrated / honored	v
at knække	to crack / break		3	knækker|knækkede|knækket		jeg knækker|jeg knækkede|jeg har knækket	I crack / break|I cracked / broke|I have cracked / broken	v
at udvide	to expand		3	udvider|udvidede|udvidet		jeg udvider|jeg udvidede|jeg har udvidet	I expand|I expanded|I have expanded	v
at introducere	to introduce		3	introducerer|introducerede|introduceret		jeg introducerer|jeg introducerede|jeg har introduceret	I introduce|I introduced|I have introduced	v
at irritere	to irritate		3	irriterer|irriterede|irriteret		jeg irriterer|jeg irriterede|jeg har irriteret	I irritate|I irritated|I have irritated	v
at passere	to pass		3	passerer|passerede|passeret		jeg passerer|jeg passerede|jeg har passeret	I pass|I passed|I have passed	v
at anmelde	to report (to police) / review		3	anmelder|anmeldte|anmeldt		jeg anmelder|jeg anmeldte|jeg har anmeldt	I report (to police) / review|I reported (to police) / reviewed|I have reported (to police) / reviewed	v
at opsøge	to seek out		3	opsøger|opsøgte|opsøgt		jeg opsøger|jeg opsøgte|jeg har opsøgt	I seek out|I sought out|I have sought out	v
at sulte	to starve		3	sulter|sultede|sultet		jeg sulter|jeg sultede|jeg har sultet	I starve|I starved|I have starved	v
at tilpasse	to adapt		3	tilpasser|tilpassede|tilpasset		jeg tilpasser|jeg tilpassede|jeg har tilpasset	I adapt|I adapted|I have adapted	v
at indikere	to indicate		3	indikerer|indikerede|indikeret		jeg indikerer|jeg indikerede|jeg har indikeret	I indicate|I indicated|I have indicated	v
at lokke	to lure / tempt		3	lokker|lokkede|lokket		jeg lokker|jeg lokkede|jeg har lokket	I lure / tempt|I lured / tempted|I have lured / tempted	v
at blokere	to block		3	blokerer|blokerede|blokeret		jeg blokerer|jeg blokerede|jeg har blokeret	I block|I blocked|I have blocked	v
at sagsøge	to sue	SP	4	sagsøger|sagsøgte|sagsøgt		jeg sagsøger|jeg sagsøgte|jeg har sagsøgt	I sue|I sued|I have sued	v
at hacke	to hack	TM	3	hacker|hackede|hacket		jeg hacker|jeg hackede|jeg har hacket	I hack|I hacked|I have hacked	v
at tigge	to beg		3	tigger|tiggede|tigget		jeg tigger|jeg tiggede|jeg har tigget	I beg|I begged|I have begged	v
at klappe	to clap / pat		2	klapper|klappede|klappet		jeg klapper|jeg klappede|jeg har klappet	I clap / pat|I clapped / patted|I have clapped / patted	v
at opklare	to solve (a case)		3	opklarer|opklarede|opklaret		jeg opklarer|jeg opklarede|jeg har opklaret	I solve (a case)|I solved (a case)|I have solved (a case)	v
at udrette	to accomplish		3	udretter|udrettede|udrettet		jeg udretter|jeg udrettede|jeg har udrettet	I accomplish|I accomplished|I have accomplished	v
at berolige	to calm / reassure		3	beroliger|beroligede|beroliget		jeg beroliger|jeg beroligede|jeg har beroliget	I calm / reassure|I calmed / reassured|I have calmed / reassured	v
at informere	to inform		3	informerer|informerede|informeret		jeg informerer|jeg informerede|jeg har informeret	I inform|I informed|I have informed	v
at svinge	to swing		3	svinger|svingede|svinget		jeg svinger|jeg svingede|jeg har svinget	I swing|I swung|I have swung	v
at opretholde	to maintain		3	opretholder|opretholdt|opretholdt		jeg opretholder|jeg opretholdt|jeg har opretholdt	I maintain|I maintained|I have maintained	v
at vandre	to wander / hike	FS	3	vandrer|vandrede|vandret		jeg vandrer|jeg vandrede|jeg har vandret	I wander / hike|I wandered / hiked|I have wandered / hiked	v
at kurere	to cure	BH	3	kurerer|kurerede|kureret		jeg kurerer|jeg kurerede|jeg har kureret	I cure|I cured|I have cured	v
at hugge	to chop		3	hugger|huggede|hugget		jeg hugger|jeg huggede|jeg har hugget	I chop|I chopped|I have chopped	v
at bluffe	to bluff		3	bluffer|bluffede|bluffet		jeg bluffer|jeg bluffede|jeg har bluffet	I bluff|I bluffed|I have bluffed	v
at tømme	to empty		2	tømmer|tømte|tømt		jeg tømmer|jeg tømte|jeg har tømt	I empty|I emptied|I have emptied	v
at dæmpe	to dampen / turn down		3	dæmper|dæmpede|dæmpet		jeg dæmper|jeg dæmpede|jeg har dæmpet	I dampen / turn down|I dampened / turned down|I have dampened / turned down	v
at trøste	to comfort		3	trøster|trøstede|trøstet		jeg trøster|jeg trøstede|jeg har trøstet	I comfort|I comforted|I have comforted	v
at forbyde	to forbid / ban		2	forbyder|forbød|forbudt		jeg forbyder|jeg forbød|jeg har forbudt	I forbid / ban|I forbade / banned|I have forbidden / banned	v
at forsørge	to support (financially)		3	forsørger|forsørgede|forsørget		jeg forsørger|jeg forsørgede|jeg har forsørget	I support (financially)|I supported (financially)|I have supported (financially)	v
at overnatte	to stay overnight	TT	2	overnatter|overnattede|overnattet		jeg overnatter|jeg overnattede|jeg har overnattet	I stay overnight|I stayed overnight|I have stayed overnight	v
at indtage	to consume / take		4	indtager|indtog|indtaget		jeg indtager|jeg indtog|jeg har indtaget	I consume / take|I consumed / took|I have consumed / taken	v
at besidde	to possess		4	besidder|besad|besiddet		jeg besidder|jeg besad|jeg har besiddet	I possess|I possessed|I have possessed	v
at investere	to invest	MB	3	investerer|investerede|investeret		jeg investerer|jeg investerede|jeg har investeret	I invest|I invested|I have invested	v
at benytte	to use		3	benytter|benyttede|benyttet		jeg benytter|jeg benyttede|jeg har benyttet	I use|I used|I have used	v
at placere	to place		3	placerer|placerede|placeret		jeg placerer|jeg placerede|jeg har placeret	I place|I placed|I have placed	v
at manipulere	to manipulate		3	manipulerer|manipulerede|manipuleret		jeg manipulerer|jeg manipulerede|jeg har manipuleret	I manipulate|I manipulated|I have manipulated	v
at hælde	to pour / lean		2	hælder|hældte|hældt		jeg hælder|jeg hældte|jeg har hældt	I pour / lean|I poured / leaned|I have poured / leaned	v
at notere	to note down		3	noterer|noterede|noteret		jeg noterer|jeg noterede|jeg har noteret	I note down|I noted down|I have noted down	v
at omtale	to mention / refer to		3	omtaler|omtalte|omtalt		jeg omtaler|jeg omtalte|jeg har omtalt	I mention / refer to|I mentioned / referred to|I have mentioned / referred to	v
at konkurrere	to compete		3	konkurrerer|konkurrerede|konkurreret		jeg konkurrerer|jeg konkurrerede|jeg har konkurreret	I compete|I competed|I have competed	v
at distrahere	to distract		3	distraherer|distraherede|distraheret		jeg distraherer|jeg distraherede|jeg har distraheret	I distract|I distracted|I have distracted	v
at stave	to spell	SL	1	staver|stavede|stavet		jeg staver|jeg stavede|jeg har stavet	I spell|I spelled|I have spelled	v
at kvaje sig	to mess up		4	kvajer sig|kvajede sig|kvajet sig		jeg kvajer mig|jeg kvajede mig|jeg har kvajet mig	I mess up|I messed up|I have messed up	v
at opbygge	to build up		3	opbygger|opbyggede|opbygget		jeg opbygger|jeg opbyggede|jeg har opbygget	I build up|I built up|I have built up	v
at smugle	to smuggle		3	smugler|smuglede|smuglet		jeg smugler|jeg smuglede|jeg har smuglet	I smuggle|I smuggled|I have smuggled	v
at overvinde	to overcome		3	overvinder|overvandt|overvundet		jeg overvinder|jeg overvandt|jeg har overvundet	I overcome|I overcame|I have overcome	v
at hindre	to prevent / hinder		3	hindrer|hindrede|hindret		jeg hindrer|jeg hindrede|jeg har hindret	I prevent / hinder|I prevented / hindered|I have prevented / hindered	v
at opmuntre	to encourage / cheer up		3	opmuntrer|opmuntrede|opmuntret		jeg opmuntrer|jeg opmuntrede|jeg har opmuntret	I encourage / cheer up|I encouraged / cheered up|I have encouraged / cheered up	v
at evakuere	to evacuate		3	evakuerer|evakuerede|evakueret		jeg evakuerer|jeg evakuerede|jeg har evakueret	I evacuate|I evacuated|I have evacuated	v
at vrimle	to swarm / teem		4	vrimler|vrimlede|vrimlet		det vrimler|det vrimlede|det har vrimlet	it swarms / teems|it swarmed / teemed|it has swarmed / teemed	v
at overdrive	to exaggerate		3	overdriver|overdrev|overdrevet		jeg overdriver|jeg overdrev|jeg har overdrevet	I exaggerate|I exaggerated|I have exaggerated	v
at fuldføre	to complete		3	fuldfører|fuldførte|fuldført		jeg fuldfører|jeg fuldførte|jeg har fuldført	I complete|I completed|I have completed	v
at suge	to suck		2	suger|sugede|suget		jeg suger|jeg sugede|jeg har suget	I suck|I sucked|I have sucked	v
at fødes	to be born		4	fødes|fødtes|født		jeg fødes|jeg fødtes|jeg er født	I am born|I was born|I have been born	v
at give afkald på	to give up / renounce		4	giver afkald på|gav afkald på|givet afkald på		jeg giver afkald på|jeg gav afkald på|jeg har givet afkald på	I give up / renounce|I gave up / renounced|I have given up / renounced	v
at hele	to heal	BH	3	heler|helede|helet		jeg heler|jeg helede|jeg har helet	I heal|I healed|I have healed	v
at opdrage	to raise (a child)		3	opdrager|opdrog|opdraget		jeg opdrager|jeg opdrog|jeg har opdraget	I raise (a child)|I raised (a child)|I have raised (a child)	v
at larme	to make noise		2	larmer|larmede|larmet		jeg larmer|jeg larmede|jeg har larmet	I make noise|I made noise|I have made noise	v
at oplyse	to inform / light up		3	oplyser|oplyste|oplyst		jeg oplyser|jeg oplyste|jeg har oplyst	I inform / light up|I informed / lit up|I have informed / lit up	v
at blinke	to blink / wink		3	blinker|blinkede|blinket		jeg blinker|jeg blinkede|jeg har blinket	I blink / wink|I blinked / winked|I have blinked / winked	v
at afgive	to give off / submit		4	afgiver|afgav|afgivet		jeg afgiver|jeg afgav|jeg har afgivet	I give off / submit|I gave off / submitted|I have given off / submitted	v
at afhente	to collect / pick up		3	afhenter|afhentede|afhentet		jeg afhenter|jeg afhentede|jeg har afhentet	I collect / pick up|I collected / picked up|I have collected / picked up	v
at afprøve	to test / try out		3	afprøver|afprøvede|afprøvet		jeg afprøver|jeg afprøvede|jeg har afprøvet	I test / try out|I tested / tried out|I have tested / tried out	v
at afspejle	to reflect		3	afspejler|afspejlede|afspejlet		jeg afspejler|jeg afspejlede|jeg har afspejlet	I reflect|I reflected|I have reflected	v
at afstå	to give up / refrain		4	afstår|afstod|afstået		jeg afstår|jeg afstod|jeg har afstået	I give up / refrain|I gave up / refrained|I have given up / refrained	v
at aftale	to agree / arrange		2	aftaler|aftalte|aftalt		jeg aftaler|jeg aftalte|jeg har aftalt	I agree / arrange|I agreed / arranged|I have agreed / arranged	v
at aftage	to decrease		4	aftager|aftog|aftaget		det aftager|det aftog|det er aftaget	it decreases|it decreased|it has decreased	v
at analysere	to analyze		3	analyserer|analyserede|analyseret		jeg analyserer|jeg analyserede|jeg har analyseret	I analyze|I analyzed|I have analyzed	v
at angive	to state / indicate		3	angiver|angav|angivet		jeg angiver|jeg angav|jeg har angivet	I state / indicate|I stated / indicated|I have stated / indicated	v
at anse	to regard / consider		4	anser|anså|anset		jeg anser|jeg anså|jeg har anset	I regard / consider|I regarded / considered|I have regarded / considered	v
at anskaffe	to acquire		4	anskaffer|anskaffede|anskaffet		jeg anskaffer|jeg anskaffede|jeg har anskaffet	I acquire|I acquired|I have acquired	v
at anvende	to use / apply		3	anvender|anvendte|anvendt		jeg anvender|jeg anvendte|jeg har anvendt	I use / apply|I used / applied|I have used / applied	v
at argumentere	to argue		3	argumenterer|argumenterede|argumenteret		jeg argumenterer|jeg argumenterede|jeg har argumenteret	I argue|I argued|I have argued	v
at bede om	to ask for		2	beder om|bad om|bedt om		jeg beder om|jeg bad om|jeg har bedt om	I ask for|I asked for|I have asked for	v
at begrunde	to justify		3	begrunder|begrundede|begrundet		jeg begrunder|jeg begrundede|jeg har begrundet	I justify|I justified|I have justified	v
at begrænse	to limit		3	begrænser|begrænsede|begrænset		jeg begrænser|jeg begrænsede|jeg har begrænset	I limit|I limited|I have limited	v
at belyse	to shed light on		4	belyser|belyste|belyst		jeg belyser|jeg belyste|jeg har belyst	I shed light on|I shed light on|I have shed light on	v
at berøre	to touch / affect		3	berører|berørte|berørt		jeg berører|jeg berørte|jeg har berørt	I touch / affect|I touched / affected|I have touched / affected	v
at beskæftige sig med	to deal with / work with		3	beskæftiger sig med|beskæftigede sig med|beskæftiget sig med		jeg beskæftiger mig med|jeg beskæftigede mig med|jeg har beskæftiget mig med	I deal with / work with|I dealt with / worked with|I have dealt with / worked with	v
at bestemme sig	to make up one's mind		2	bestemmer sig|bestemte sig|bestemt sig		jeg bestemmer mig|jeg bestemte mig|jeg har bestemt mig	I make up my mind|I made up my mind|I have made up my mind	v
at betale sig	to pay off (be worth it)	MB	3	betaler sig|betalte sig|betalt sig		det betaler sig|det betalte sig|det har betalt sig	it pays off (be worth it)|it paid off (be worth it)|it has paid off (be worth it)	v
at bevise	to prove		3	beviser|beviste|bevist		jeg beviser|jeg beviste|jeg har bevist	I prove|I proved|I have proven	v
at blande sig	to interfere		2	blander sig|blandede sig|blandet sig		jeg blander mig|jeg blandede mig|jeg har blandet mig	I interfere|I interfered|I have interfered	v
at bygge om	to rebuild / convert		2	bygger om|byggede om|bygget om		jeg bygger om|jeg byggede om|jeg har bygget om	I rebuild / convert|I rebuilt / converted|I have rebuilt / converted	v
at byde	to offer / bid		3	byder|bød|budt		jeg byder|jeg bød|jeg har budt	I offer / bid|I offered / bid|I have offered / bid	v
at byde velkommen	to welcome		2	byder velkommen|bød velkommen|budt velkommen		jeg byder velkommen|jeg bød velkommen|jeg har budt velkommen	I welcome|I welcomed|I have welcomed	v
at dele ud	to hand out		2	deler ud|delte ud|delt ud		jeg deler ud|jeg delte ud|jeg har delt ud	I hand out|I handed out|I have handed out	v
at definere	to define		3	definerer|definerede|defineret		jeg definerer|jeg definerede|jeg har defineret	I define|I defined|I have defined	v
at erfare	to learn / experience		4	erfarer|erfarede|erfaret		jeg erfarer|jeg erfarede|jeg har erfaret	I learn / experience|I learned / experienced|I have learned / experienced	v
at erobre	to conquer		4	erobrer|erobrede|erobret		jeg erobrer|jeg erobrede|jeg har erobret	I conquer|I conquered|I have conquered	v
at evaluere	to evaluate		3	evaluerer|evaluerede|evalueret		jeg evaluerer|jeg evaluerede|jeg har evalueret	I evaluate|I evaluated|I have evaluated	v
at falde ned	to fall down		2	falder ned|faldt ned|faldet ned		jeg falder ned|jeg faldt ned|jeg er faldet ned	I fall down|I fell down|I have fallen down	v
at fastholde	to maintain / hold on to		4	fastholder|fastholdt|fastholdt		jeg fastholder|jeg fastholdt|jeg har fastholdt	I maintain / hold on to|I maintained / held on to|I have maintained / held on to	v
at fastslå	to establish / determine		4	fastslår|fastslog|fastslået		jeg fastslår|jeg fastslog|jeg har fastslået	I establish / determine|I established / determined|I have established / determined	v
at fejle	to fail / be wrong with		2	fejler|fejlede|fejlet		jeg fejler|jeg fejlede|jeg har fejlet	I fail|I failed|I have failed	v
at finde på	to come up with		2	finder på|fandt på|fundet på		jeg finder på|jeg fandt på|jeg har fundet på	I come up with|I came up with|I have come up with	v
at finde ud af	to find out / figure out		2	finder ud af|fandt ud af|fundet ud af		jeg finder ud af|jeg fandt ud af|jeg har fundet ud af	I find out / figure out|I found out / figured out|I have found out / figured out	v
at flytte sig	to move (oneself)		2	flytter sig|flyttede sig|flyttet sig		jeg flytter mig|jeg flyttede mig|jeg har flyttet mig	I move|I moved|I have moved	v
at forandre sig	to change		2	forandrer sig|forandrede sig|forandret sig		jeg forandrer mig|jeg forandrede mig|jeg har forandret mig	I change|I changed|I have changed	v
at forberede sig	to prepare oneself		2	forbereder sig|forberedte sig|forberedt sig		jeg forbereder mig|jeg forberedte mig|jeg har forberedt mig	I prepare myself|I prepared myself|I have prepared myself	v
at forbruge	to consume		3	forbruger|forbrugte|forbrugt		jeg forbruger|jeg forbrugte|jeg har forbrugt	I consume|I consumed|I have consumed	v
at fordele	to distribute		3	fordeler|fordelte|fordelt		jeg fordeler|jeg fordelte|jeg har fordelt	I distribute|I distributed|I have distributed	v
at foregive	to pretend		4	foregiver|foregav|foregivet		jeg foregiver|jeg foregav|jeg har foregivet	I pretend|I pretended|I have pretended	v
at forestå	to be in charge of / lie ahead		4	forestår|forestod|forestået		jeg forestår|jeg forestod|jeg har forestået	I am in charge of|I was in charge of|I have been in charge of	v
at forlænge	to extend		3	forlænger|forlængede|forlænget		jeg forlænger|jeg forlængede|jeg har forlænget	I extend|I extended|I have extended	v
at formulere	to formulate		3	formulerer|formulerede|formuleret		jeg formulerer|jeg formulerede|jeg har formuleret	I formulate|I formulated|I have formulated	v
at forny	to renew		3	fornyer|fornyede|fornyet		jeg fornyer|jeg fornyede|jeg har fornyet	I renew|I renewed|I have renewed	v
at forske	to research		3	forsker|forskede|forsket		jeg forsker|jeg forskede|jeg har forsket	I research|I researched|I have researched	v
at forsømme	to neglect		4	forsømmer|forsømte|forsømt		jeg forsømmer|jeg forsømte|jeg har forsømt	I neglect|I neglected|I have neglected	v
at fortolke	to interpret		3	fortolker|fortolkede|fortolket		jeg fortolker|jeg fortolkede|jeg har fortolket	I interpret|I interpreted|I have interpreted	v
at forurene	to pollute		3	forurener|forurenede|forurenet		jeg forurener|jeg forurenede|jeg har forurenet	I pollute|I polluted|I have polluted	v
at forvirre	to confuse		3	forvirrer|forvirrede|forvirret		jeg forvirrer|jeg forvirrede|jeg har forvirret	I confuse|I confused|I have confused	v
at fremhæve	to emphasize		3	fremhæver|fremhævede|fremhævet		jeg fremhæver|jeg fremhævede|jeg har fremhævet	I emphasize|I emphasized|I have emphasized	v
at fremstille	to produce / portray		3	fremstiller|fremstillede|fremstillet		jeg fremstiller|jeg fremstillede|jeg har fremstillet	I produce / portray|I produced / portrayed|I have produced / portrayed	v
at fremføre	to present / put forward		4	fremfører|fremførte|fremført		jeg fremfører|jeg fremførte|jeg har fremført	I present / put forward|I presented / put forward|I have presented / put forward	v
at frigive	to release		4	frigiver|frigav|frigivet		jeg frigiver|jeg frigav|jeg har frigivet	I release|I released|I have released	v
at føre	to lead / conduct		2	fører|førte|ført		jeg fører|jeg førte|jeg har ført	I lead / conduct|I led / conducted|I have led / conducted	v
at følge med	to keep up / come along		2	følger med|fulgte med|fulgt med		jeg følger med|jeg fulgte med|jeg har fulgt med	I keep up / come along|I kept up / came along|I have kept up / come along	v
at få fat i	to get hold of		2	får fat i|fik fat i|fået fat i		jeg får fat i|jeg fik fat i|jeg har fået fat i	I get hold of|I got hold of|I have gotten hold of	v
at få lov til	to be allowed to		2	får lov til|fik lov til|fået lov til		jeg får lov til|jeg fik lov til|jeg har fået lov til	I am allowed to|I was allowed to|I have been allowed to	v
at få øje på	to catch sight of		2	får øje på|fik øje på|fået øje på		jeg får øje på|jeg fik øje på|jeg har fået øje på	I catch sight of|I caught sight of|I have caught sight of	v
at gå i gang med	to get started on		2	går i gang med|gik i gang med|gået i gang med		jeg går i gang med|jeg gik i gang med|jeg er gået i gang med	I get started on|I got started on|I have gotten started on	v
at gå ind for	to be in favor of		3	går ind for|gik ind for|gået ind for		jeg går ind for|jeg gik ind for|jeg har gået ind for	I am in favor of|I was in favor of|I have been in favor of	v
at gå op for	to dawn on		3	går op for|gik op for|gået op for		det går op for mig|det gik op for mig|det er gået op for mig	it dawns on me|it dawned on me|it has dawned on me	v
at gå ud fra	to assume		2	går ud fra|gik ud fra|gået ud fra		jeg går ud fra|jeg gik ud fra|jeg har gået ud fra	I assume|I assumed|I have assumed	v
at gå videre	to move on		2	går videre|gik videre|gået videre		jeg går videre|jeg gik videre|jeg er gået videre	I move on|I moved on|I have moved on	v
at genoprette	to restore		4	genopretter|genoprettede|genoprettet		jeg genopretter|jeg genoprettede|jeg har genoprettet	I restore|I restored|I have restored	v
at give op	to give up		2	giver op|gav op|givet op		jeg giver op|jeg gav op|jeg har givet op	I give up|I gave up|I have given up	v
at give sig	to give in / yield		3	giver sig|gav sig|givet sig		jeg giver mig|jeg gav mig|jeg har givet mig	I give in / yield|I gave in / yielded|I have given in / yielded	v
at glæde sig over	to be happy about		2	glæder sig over|glædede sig over|glædet sig over		jeg glæder mig over|jeg glædede mig over|jeg har glædet mig over	I am happy about|I was happy about|I have been happy about	v
at gribe ind	to intervene		3	griber ind|greb ind|grebet ind		jeg griber ind|jeg greb ind|jeg har grebet ind	I intervene|I intervened|I have intervened	v
at gøre sig umage	to make an effort		3	gør sig umage|gjorde sig umage|gjort sig umage		jeg gør mig umage|jeg gjorde mig umage|jeg har gjort mig umage	I make an effort|I made an effort|I have made an effort	v
at halvere	to halve		3	halverer|halverede|halveret		jeg halverer|jeg halverede|jeg har halveret	I halve|I halved|I have halved	v
at handle om	to be about		2	handler om|handlede om|handlet om		det handler om|det handlede om|det har handlet om	it is about|it was about|it has been about	v
at henvende sig	to contact / turn to		3	henvender sig|henvendte sig|henvendt sig		jeg henvender mig|jeg henvendte mig|jeg har henvendt mig	I contact / turn to|I contacted / turned to|I have contacted / turned to	v
at henvise	to refer		3	henviser|henviste|henvist		jeg henviser|jeg henviste|jeg har henvist	I refer|I referred|I have referred	v
at holde fast	to hold on		2	holder fast|holdt fast|holdt fast		jeg holder fast|jeg holdt fast|jeg har holdt fast	I hold on|I held on|I have held on	v
at holde op	to stop		2	holder op|holdt op|holdt op		jeg holder op|jeg holdt op|jeg har holdt op	I stop|I stopped|I have stopped	v
at holde øje med	to keep an eye on		2	holder øje med|holdt øje med|holdt øje med		jeg holder øje med|jeg holdt øje med|jeg har holdt øje med	I keep an eye on|I kept an eye on|I have kept an eye on	v
at høre efter	to listen		2	hører efter|hørte efter|hørt efter		jeg hører efter|jeg hørte efter|jeg har hørt efter	I listen|I listened|I have listened	v
at høre til	to belong		2	hører til|hørte til|hørt til		jeg hører til|jeg hørte til|jeg har hørt til	I belong|I belonged|I have belonged	v
at indføre	to introduce (a rule)		3	indfører|indførte|indført		jeg indfører|jeg indførte|jeg har indført	I introduce (a rule)|I introduced (a rule)|I have introduced (a rule)	v
at indkalde	to call in / summon		3	indkalder|indkaldte|indkaldt		jeg indkalder|jeg indkaldte|jeg har indkaldt	I call in / summon|I called in / summoned|I have called in / summoned	v
at indrette sig	to adapt / settle in		4	indretter sig|indrettede sig|indrettet sig		jeg indretter mig|jeg indrettede mig|jeg har indrettet mig	I adapt / settle in|I adapted / settled in|I have adapted / settled in	v
at indstille	to adjust / set		4	indstiller|indstillede|indstillet		jeg indstiller|jeg indstillede|jeg har indstillet	I adjust / set|I adjusted / set|I have adjusted / set	v
at inddrage	to involve		4	inddrager|inddrog|inddraget		jeg inddrager|jeg inddrog|jeg har inddraget	I involve|I involved|I have involved	v
at interessere sig for	to be interested in		2	interesserer sig for|interesserede sig for|interesseret sig for		jeg interesserer mig for|jeg interesserede mig for|jeg har interesseret mig for	I am interested in|I was interested in|I have been interested in	v
at justere	to adjust		3	justerer|justerede|justeret		jeg justerer|jeg justerede|jeg har justeret	I adjust|I adjusted|I have adjusted	v
at kalde på	to call for		2	kalder på|kaldte på|kaldt på		jeg kalder på|jeg kaldte på|jeg har kaldt på	I call for|I called for|I have called for	v
at klare	to manage / cope		2	klarer|klarede|klaret		jeg klarer|jeg klarede|jeg har klaret	I manage / cope|I managed / coped|I have managed / coped	v
at klare sig	to get by / do well		2	klarer sig|klarede sig|klaret sig		jeg klarer mig|jeg klarede mig|jeg har klaret mig	I get by / do well|I got by / did well|I have gotten by / done well	v
at kombinere	to combine		3	kombinerer|kombinerede|kombineret		jeg kombinerer|jeg kombinerede|jeg har kombineret	I combine|I combined|I have combined	v
at kommentere	to comment		3	kommenterer|kommenterede|kommenteret		jeg kommenterer|jeg kommenterede|jeg har kommenteret	I comment|I commented|I have commented	v
at kommunikere	to communicate		3	kommunikerer|kommunikerede|kommunikeret		jeg kommunikerer|jeg kommunikerede|jeg har kommunikeret	I communicate|I communicated|I have communicated	v
at komme an på	to depend on		2	kommer an på|kom an på|kommet an på		det kommer an på|det kom an på|det er kommet an på	it depends on|it depended on|it has depended on	v
at komme frem	to arrive / come forward		2	kommer frem|kom frem|kommet frem		jeg kommer frem|jeg kom frem|jeg er kommet frem	I arrive / come forward|I arrived / came forward|I have arrived / come forward	v
at komme i tanke om	to remember / think of		2	kommer i tanke om|kom i tanke om|kommet i tanke om		jeg kommer i tanke om|jeg kom i tanke om|jeg er kommet i tanke om	I remember / think of|I remembered / thought of|I have remembered / thought of	v
at komme tilbage	to come back		2	kommer tilbage|kom tilbage|kommet tilbage		jeg kommer tilbage|jeg kom tilbage|jeg er kommet tilbage	I come back|I came back|I have come back	v
at komme videre	to move on		2	kommer videre|kom videre|kommet videre		jeg kommer videre|jeg kom videre|jeg er kommet videre	I move on|I moved on|I have moved on	v
at køre fast	to get stuck		2	kører fast|kørte fast|kørt fast		jeg kører fast|jeg kørte fast|jeg er kørt fast	I get stuck|I got stuck|I have gotten stuck	v
at lade være	to not do / refrain		2	lader være|lod være|ladet være		jeg lader være|jeg lod være|jeg har ladet være	I refrain (don't do it)|I refrained (didn't do it)|I have refrained (haven't done it)	v
at lede efter	to look for		2	leder efter|ledte efter|ledt efter		jeg leder efter|jeg ledte efter|jeg har ledt efter	I look for|I looked for|I have looked for	v
at lægge mærke til	to notice		2	lægger mærke til|lagde mærke til|lagt mærke til		jeg lægger mærke til|jeg lagde mærke til|jeg har lagt mærke til	I notice|I noticed|I have noticed	v
at lægge vægt på	to emphasize		3	lægger vægt på|lagde vægt på|lagt vægt på		jeg lægger vægt på|jeg lagde vægt på|jeg har lagt vægt på	I emphasize|I emphasized|I have emphasized	v
at lære at kende	to get to know		2	lærer … at kende|lærte … at kende|lært … at kende		jeg lærer ham at kende|jeg lærte ham at kende|jeg har lært ham at kende	I get to know him|I got to know him|I have gotten to know him	v
at løbe tør for	to run out of		2	løber tør for|løb tør for|løbet tør for		jeg løber tør for|jeg løb tør for|jeg er løbet tør for	I run out of|I ran out of|I have run out of	v
at markere	to mark		3	markerer|markerede|markeret		jeg markerer|jeg markerede|jeg har markeret	I mark|I marked|I have marked	v
at medføre	to lead to / result in		3	medfører|medførte|medført		det medfører|det medførte|det har medført	it leads to / results in|it led to / resulted in|it has led to / resulted in	v
at medvirke	to contribute / take part		4	medvirker|medvirkede|medvirket		jeg medvirker|jeg medvirkede|jeg har medvirket	I contribute / take part|I contributed / took part|I have contributed / taken part	v
at minde om	to remind of		2	minder om|mindede om|mindet om		jeg minder om|jeg mindede om|jeg har mindet om	I remind of|I reminded of|I have reminded of	v
at modarbejde	to counteract		4	modarbejder|modarbejdede|modarbejdet		jeg modarbejder|jeg modarbejdede|jeg har modarbejdet	I counteract|I counteracted|I have counteracted	v
at motivere	to motivate		3	motiverer|motiverede|motiveret		jeg motiverer|jeg motiverede|jeg har motiveret	I motivate|I motivated|I have motivated	v
at møde op	to show up		2	møder op|mødte op|mødt op		jeg møder op|jeg mødte op|jeg er mødt op	I show up|I showed up|I have shown up	v
at nedsætte	to reduce		3	nedsætter|nedsatte|nedsat		jeg nedsætter|jeg nedsatte|jeg har nedsat	I reduce|I reduced|I have reduced	v
at observere	to observe		3	observerer|observerede|observeret		jeg observerer|jeg observerede|jeg har observeret	I observe|I observed|I have observed	v
at omfatte	to include		3	omfatter|omfattede|omfattet		det omfatter|det omfattede|det har omfattet	it includes|it included|it has included	v
at omgive	to surround		3	omgiver|omgav|omgivet		jeg omgiver|jeg omgav|jeg har omgivet	I surround|I surrounded|I have surrounded	v
at omstille sig	to adapt		4	omstiller sig|omstillede sig|omstillet sig		jeg omstiller mig|jeg omstillede mig|jeg har omstillet mig	I adapt|I adapted|I have adapted	v
at opbevare	to store		3	opbevarer|opbevarede|opbevaret		jeg opbevarer|jeg opbevarede|jeg har opbevaret	I store|I stored|I have stored	v
at opføre	to build / perform		3	opfører|opførte|opført		jeg opfører|jeg opførte|jeg har opført	I build / perform|I built / performed|I have built / performed	v
at ophøre	to cease		4	ophører|ophørte|ophørt		det ophører|det ophørte|det er ophørt	it ceases|it ceased|it has ceased	v
at oprette	to set up / create		3	opretter|oprettede|oprettet		jeg opretter|jeg oprettede|jeg har oprettet	I set up / create|I set up / created|I have set up / created	v
at opstille	to set up / nominate		4	opstiller|opstillede|opstillet		jeg opstiller|jeg opstillede|jeg har opstillet	I set up / nominate|I set up / nominated|I have set up / nominated	v
at orientere	to inform / orient		3	orienterer|orienterede|orienteret		jeg orienterer|jeg orienterede|jeg har orienteret	I inform / orient|I informed / oriented|I have informed / oriented	v
at overraske	to surprise		2	overrasker|overraskede|overrasket		jeg overrasker|jeg overraskede|jeg har overrasket	I surprise|I surprised|I have surprised	v
at passe på	to take care / watch out		2	passer på|passede på|passet på		jeg passer på|jeg passede på|jeg har passet på	I take care / watch out|I took care / watched out|I have taken care / watched out	v
at pege på	to point to		2	peger på|pegede på|peget på		jeg peger på|jeg pegede på|jeg har peget på	I point to|I pointed to|I have pointed to	v
at producere	to produce		3	producerer|producerede|produceret		jeg producerer|jeg producerede|jeg har produceret	I produce|I produced|I have produced	v
at protestere	to protest		3	protesterer|protesterede|protesteret		jeg protesterer|jeg protesterede|jeg har protesteret	I protest|I protested|I have protested	v
at prioritere	to prioritize		3	prioriterer|prioriterede|prioriteret		jeg prioriterer|jeg prioriterede|jeg har prioriteret	I prioritize|I prioritized|I have prioritized	v
at realisere	to realize (achieve)		4	realiserer|realiserede|realiseret		jeg realiserer|jeg realiserede|jeg har realiseret	I realize (achieve)|I realized (achieve)|I have realized (achieve)	v
at redegøre for	to account for		4	redegør for|redegjorde for|redegjort for		jeg redegør for|jeg redegjorde for|jeg har redegjort for	I account for|I accounted for|I have accounted for	v
at regne med	to count on / expect		2	regner med|regnede med|regnet med		jeg regner med|jeg regnede med|jeg har regnet med	I count on / expect|I counted on / expected|I have counted on / expected	v
at registrere	to register		3	registrerer|registrerede|registreret		jeg registrerer|jeg registrerede|jeg har registreret	I register|I registered|I have registered	v
at rejse sig	to stand up / rise		2	rejser sig|rejste sig|rejst sig		jeg rejser mig|jeg rejste mig|jeg har rejst mig	I stand up / rise|I stood up / rose|I have stood up / risen	v
at ringe tilbage	to call back		2	ringer tilbage|ringede tilbage|ringet tilbage		jeg ringer tilbage|jeg ringede tilbage|jeg har ringet tilbage	I call back|I called back|I have called back	v
at rydde	to clear		2	rydder|ryddede|ryddet		jeg rydder|jeg ryddede|jeg har ryddet	I clear|I cleared|I have cleared	v
at sammenfatte	to summarize		4	sammenfatter|sammenfattede|sammenfattet		jeg sammenfatter|jeg sammenfattede|jeg har sammenfattet	I summarize|I summarized|I have summarized	v
at sammensætte	to put together		3	sammensætter|sammensatte|sammensat		jeg sammensætter|jeg sammensatte|jeg har sammensat	I put together|I put together|I have put together	v
at sanse	to sense		4	sanser|sansede|sanset		jeg sanser|jeg sansede|jeg har sanset	I sense|I sensed|I have sensed	v
at se ud	to look (appear)		2	ser ud|så ud|set ud		jeg ser ud|jeg så ud|jeg har set ud	I look (appear)|I looked (appear)|I have looked (appear)	v
at se frem til	to look forward to		2	ser frem til|så frem til|set frem til		jeg ser frem til|jeg så frem til|jeg har set frem til	I look forward to|I looked forward to|I have looked forward to	v
at se på	to look at		2	ser på|så på|set på		jeg ser på|jeg så på|jeg har set på	I look at|I looked at|I have looked at	v
at sidde fast	to be stuck		2	sidder fast|sad fast|siddet fast		jeg sidder fast|jeg sad fast|jeg har siddet fast	I am stuck|I was stuck|I have been stuck	v
at sige til	to tell / let know		2	siger til|sagde til|sagt til		jeg siger til|jeg sagde til|jeg har sagt til	I tell / let know|I told / let know|I have told / let know	v
at skabe	to create		2	skaber|skabte|skabt		jeg skaber|jeg skabte|jeg har skabt	I create|I created|I have created	v
at skade	to harm / damage		2	skader|skadede|skadet		jeg skader|jeg skadede|jeg har skadet	I harm / damage|I harmed / damaged|I have harmed / damaged	v
at skelne	to distinguish		3	skelner|skelnede|skelnet		jeg skelner|jeg skelnede|jeg har skelnet	I distinguish|I distinguished|I have distinguished	v
at skrive ned	to write down		2	skriver ned|skrev ned|skrevet ned		jeg skriver ned|jeg skrev ned|jeg har skrevet ned	I write down|I wrote down|I have written down	v
at slippe af med	to get rid of		2	slipper af med|slap af med|sluppet af med		jeg slipper af med|jeg slap af med|jeg er sluppet af med	I get rid of|I got rid of|I have gotten rid of	v
at slå sig ned	to settle down		3	slår sig ned|slog sig ned|slået sig ned		jeg slår mig ned|jeg slog mig ned|jeg har slået mig ned	I settle down|I settled down|I have settled down	v
at smide ud	to throw out		2	smider ud|smed ud|smidt ud		jeg smider ud|jeg smed ud|jeg har smidt ud	I throw out|I threw out|I have thrown out	v
at spille en rolle	to play a role		2	spiller en rolle|spillede en rolle|spillet en rolle		jeg spiller en rolle|jeg spillede en rolle|jeg har spillet en rolle	I play a role|I played a role|I have played a role	v
at springe over	to skip		2	springer over|sprang over|sprunget over		jeg springer over|jeg sprang over|jeg har sprunget over	I skip|I skipped|I have skipped	v
at stå for	to be in charge of		2	står for|stod for|stået for		jeg står for|jeg stod for|jeg har stået for	I am in charge of|I was in charge of|I have been in charge of	v
at stå i kø	to stand in line		2	står i kø|stod i kø|stået i kø		jeg står i kø|jeg stod i kø|jeg har stået i kø	I stand in line|I stood in line|I have stood in line	v
at stille	to put / place (upright)		2	stiller|stillede|stillet		jeg stiller|jeg stillede|jeg har stillet	I put / place (upright)|I put / placed (upright)|I have put / placed (upright)	v
at stille et spørgsmål	to ask a question		2	stiller et spørgsmål|stillede et spørgsmål|stillet et spørgsmål		jeg stiller et spørgsmål|jeg stillede et spørgsmål|jeg har stillet et spørgsmål	I ask a question|I asked a question|I have asked a question	v
at strække	to stretch		2	strækker|strakte|strakt		jeg strækker|jeg strakte|jeg har strakt	I stretch|I stretched|I have stretched	v
at styrke	to strengthen		3	styrker|styrkede|styrket		jeg styrker|jeg styrkede|jeg har styrket	I strengthen|I strengthened|I have strengthened	v
at støde på	to come across		3	støder på|stødte på|stødt på		jeg støder på|jeg stødte på|jeg har stødt på	I come across|I came across|I have come across	v
at svække	to weaken		3	svækker|svækkede|svækket		jeg svækker|jeg svækkede|jeg har svækket	I weaken|I weakened|I have weakened	v
at sætte pris på	to appreciate		2	sætter pris på|satte pris på|sat pris på		jeg sætter pris på|jeg satte pris på|jeg har sat pris på	I appreciate|I appreciated|I have appreciated	v
at sætte sig	to sit down		1	sætter sig|satte sig|sat sig		jeg sætter mig|jeg satte mig|jeg har sat mig	I sit down|I sat down|I have sat down	v
at søge om	to apply for		2	søger om|søgte om|søgt om		jeg søger om|jeg søgte om|jeg har søgt om	I apply for|I applied for|I have applied for	v
at tage fejl	to be wrong		2	tager fejl|tog fejl|taget fejl		jeg tager fejl|jeg tog fejl|jeg har taget fejl	I am wrong|I was wrong|I have been wrong	v
at tage hensyn til	to take into account		2	tager hensyn til|tog hensyn til|taget hensyn til		jeg tager hensyn til|jeg tog hensyn til|jeg har taget hensyn til	I take into account|I took into account|I have taken into account	v
at tage imod	to receive / accept		2	tager imod|tog imod|taget imod		jeg tager imod|jeg tog imod|jeg har taget imod	I receive / accept|I received / accepted|I have received / accepted	v
at tage med	to bring along / come along		2	tager med|tog med|taget med		jeg tager med|jeg tog med|jeg har taget med	I bring along / come along|I brought along / came along|I have brought along / come along	v
at tage stilling til	to take a position on		3	tager stilling til|tog stilling til|taget stilling til		jeg tager stilling til|jeg tog stilling til|jeg har taget stilling til	I take a position on|I took a position on|I have taken a position on	v
at tage sig sammen	to pull oneself together		3	tager sig sammen|tog sig sammen|taget sig sammen		jeg tager mig sammen|jeg tog mig sammen|jeg har taget mig sammen	I pull myself together|I pulled myself together|I have pulled myself together	v
at tale om	to talk about		2	taler om|talte om|talt om		jeg taler om|jeg talte om|jeg har talt om	I talk about|I talked about|I have talked about	v
at tale sammen	to talk (with each other)		2	taler sammen|talte sammen|talt sammen		vi taler sammen|vi talte sammen|vi har talt sammen	we talk (with each other)|we talked (with each other)|we have talked (with each other)	v
at tilbagebetale	to pay back		3	tilbagebetaler|tilbagebetalte|tilbagebetalt		jeg tilbagebetaler|jeg tilbagebetalte|jeg har tilbagebetalt	I pay back|I paid back|I have paid back	v
at tilføje	to add		2	tilføjer|tilføjede|tilføjet		jeg tilføjer|jeg tilføjede|jeg har tilføjet	I add|I added|I have added	v
at tilmelde sig	to sign up		2	tilmelder sig|tilmeldte sig|tilmeldt sig		jeg tilmelder mig|jeg tilmeldte mig|jeg har tilmeldt mig	I sign up|I signed up|I have signed up	v
at træde i kraft	to take effect		3	træder i kraft|trådte i kraft|trådt i kraft		det træder i kraft|det trådte i kraft|det er trådt i kraft	it takes effect|it took effect|it has taken effect	v
at trække sig	to withdraw		3	trækker sig|trak sig|trukket sig		jeg trækker mig|jeg trak mig|jeg har trukket mig	I withdraw|I withdrew|I have withdrawn	v
at tvivle	to doubt		2	tvivler|tvivlede|tvivlet		jeg tvivler|jeg tvivlede|jeg har tvivlet	I doubt|I doubted|I have doubted	v
at tænke over	to think about		2	tænker over|tænkte over|tænkt over		jeg tænker over|jeg tænkte over|jeg har tænkt over	I think about|I thought about|I have thought about	v
at tænke på	to think of		2	tænker på|tænkte på|tænkt på		jeg tænker på|jeg tænkte på|jeg har tænkt på	I think of|I thought of|I have thought of	v
at udarbejde	to prepare / draw up		4	udarbejder|udarbejdede|udarbejdet		jeg udarbejder|jeg udarbejdede|jeg har udarbejdet	I prepare / draw up|I prepared / drew up|I have prepared / drawn up	v
at udbrede	to spread		4	udbreder|udbredte|udbredt		jeg udbreder|jeg udbredte|jeg har udbredt	I spread|I spread|I have spread	v
at uddanne	to educate / train	SL	3	uddanner|uddannede|uddannet		jeg uddanner|jeg uddannede|jeg har uddannet	I educate / train|I educated / trained|I have educated / trained	v
at uddele	to hand out		3	uddeler|uddelte|uddelt		jeg uddeler|jeg uddelte|jeg har uddelt	I hand out|I handed out|I have handed out	v
at udgøre	to constitute		3	udgør|udgjorde|udgjort		jeg udgør|jeg udgjorde|jeg har udgjort	I constitute|I constituted|I have constituted	v
at udløse	to trigger		3	udløser|udløste|udløst		jeg udløser|jeg udløste|jeg har udløst	I trigger|I triggered|I have triggered	v
at udnævne	to appoint		4	udnævner|udnævnte|udnævnt		jeg udnævner|jeg udnævnte|jeg har udnævnt	I appoint|I appointed|I have appointed	v
at udskifte	to replace		3	udskifter|udskiftede|udskiftet		jeg udskifter|jeg udskiftede|jeg har udskiftet	I replace|I replaced|I have replaced	v
at udtale	to pronounce	SL	2	udtaler|udtalte|udtalt		jeg udtaler|jeg udtalte|jeg har udtalt	I pronounce|I pronounced|I have pronounced	v
at udvikle sig	to develop		3	udvikler sig|udviklede sig|udviklet sig		jeg udvikler mig|jeg udviklede mig|jeg har udviklet mig	I develop|I developed|I have developed	v
at undervurdere	to underestimate		3	undervurderer|undervurderede|undervurderet		jeg undervurderer|jeg undervurderede|jeg har undervurderet	I underestimate|I underestimated|I have underestimated	v
at vedligeholde	to maintain		3	vedligeholder|vedligeholdt|vedligeholdt		jeg vedligeholder|jeg vedligeholdt|jeg har vedligeholdt	I maintain|I maintained|I have maintained	v
at vejlede	to guide / advise		3	vejleder|vejledte|vejledt		jeg vejleder|jeg vejledte|jeg har vejledt	I guide / advise|I guided / advised|I have guided / advised	v
at vende tilbage	to return		2	vender tilbage|vendte tilbage|vendt tilbage		jeg vender tilbage|jeg vendte tilbage|jeg er vendt tilbage	I return|I returned|I have returned	v
at vise sig	to turn out		2	viser sig|viste sig|vist sig		det viser sig|det viste sig|det har vist sig	it turns out|it turned out|it has turned out	v
at vågne op	to wake up		1	vågner op|vågnede op|vågnet op		jeg vågner op|jeg vågnede op|jeg er vågnet op	I wake up|I woke up|I have woken up	v
at være ved at	to be about to / be in the middle of		2	er ved at|var ved at|været ved at		jeg er ved at|jeg var ved at|jeg har været ved at	I am about to / am in the middle of|I was about to / was in the middle of|I have been about to / been in the middle of	v
at være nødt til	to have to		2	er nødt til|var nødt til|været nødt til		jeg er nødt til|jeg var nødt til|jeg har været nødt til	I have to|I had to|I have had to	v
at være vant til	to be used to		2	er vant til|var vant til|været vant til		jeg er vant til|jeg var vant til|jeg har været vant til	I am used to|I was used to|I have been used to	v
at åbne op	to open up		2	åbner op|åbnede op|åbnet op		jeg åbner op|jeg åbnede op|jeg har åbnet op	I open up|I opened up|I have opened up	v
at agere	to act		4	agerer|agerede|ageret		jeg agerer|jeg agerede|jeg har ageret	I act|I acted|I have acted	v
at ansøge	to apply		3	ansøger|ansøgte|ansøgt		jeg ansøger|jeg ansøgte|jeg har ansøgt	I apply|I applied|I have applied	v
at betro	to confide		4	betror|betroede|betroet		jeg betror|jeg betroede|jeg har betroet	I confide|I confided|I have confided	v
at bidrage	to contribute		3	bidrager|bidrog|bidraget		jeg bidrager|jeg bidrog|jeg har bidraget	I contribute|I contributed|I have contributed	v
at brokke sig	to complain / grumble		2	brokker sig|brokkede sig|brokket sig		jeg brokker mig|jeg brokkede mig|jeg har brokket mig	I complain / grumble|I complained / grumbled|I have complained / grumbled	v
at dufte	to smell (nice)		2	dufter|duftede|duftet		det dufter|det duftede|det har duftet	it smells (nice)|it smelled (nice)|it has smelled (nice)	v
at eje	to own		2	ejer|ejede|ejet		jeg ejer|jeg ejede|jeg har ejet	I own|I owned|I have owned	v
at forkæle	to spoil (pamper)		3	forkæler|forkælede|forkælet		jeg forkæler|jeg forkælede|jeg har forkælet	I spoil (pamper)|I spoiled (pampered)|I have spoiled (pampered)	v
at gynge	to swing		3	gynger|gyngede|gynget		jeg gynger|jeg gyngede|jeg har gynget	I swing|I swung|I have swung	v
at huske på	to keep in mind		2	husker på|huskede på|husket på		jeg husker på|jeg huskede på|jeg har husket på	I keep in mind|I kept in mind|I have kept in mind	v
at lappe	to patch / mend		3	lapper|lappede|lappet		jeg lapper|jeg lappede|jeg har lappet	I patch / mend|I patched / mended|I have patched / mended	v
at lyse	to shine / light		2	lyser|lyste|lyst		jeg lyser|jeg lyste|jeg har lyst	I shine / light|I shone / lit|I have shone / lit	v
at mumle	to mumble		3	mumler|mumlede|mumlet		jeg mumler|jeg mumlede|jeg har mumlet	I mumble|I mumbled|I have mumbled	v
at nusse	to cuddle / stroke		4	nusser|nussede|nusset		jeg nusser|jeg nussede|jeg har nusset	I cuddle / stroke|I cuddled / stroked|I have cuddled / stroked	v
at pudse	to polish		4	pudser|pudsede|pudset		jeg pudser|jeg pudsede|jeg har pudset	I polish|I polished|I have polished	v
at puste	to blow / puff		2	puster|pustede|pustet		jeg puster|jeg pustede|jeg har pustet	I blow / puff|I blew / puffed|I have blown / puffed	v
at rive i stykker	to tear to pieces		2	river i stykker|rev i stykker|revet i stykker		jeg river i stykker|jeg rev i stykker|jeg har revet i stykker	I tear to pieces|I tore to pieces|I have torn to pieces	v
at sige farvel	to say goodbye	GR	2	siger farvel|sagde farvel|sagt farvel		jeg siger farvel|jeg sagde farvel|jeg har sagt farvel	I say goodbye|I said goodbye|I have said goodbye	v
at sige goddag	to say hello	GR	2	siger goddag|sagde goddag|sagt goddag		jeg siger goddag|jeg sagde goddag|jeg har sagt goddag	I say hello|I said hello|I have said hello	v
at skrabe	to scrape		3	skraber|skrabede|skrabet		jeg skraber|jeg skrabede|jeg har skrabet	I scrape|I scraped|I have scraped	v
at skrubbe	to scrub		3	skrubber|skrubbede|skrubbet		jeg skrubber|jeg skrubbede|jeg har skrubbet	I scrub|I scrubbed|I have scrubbed	v
at snorke	to snore		2	snorker|snorkede|snorket		jeg snorker|jeg snorkede|jeg har snorket	I snore|I snored|I have snored	v
at sprøjte	to spray		2	sprøjter|sprøjtede|sprøjtet		jeg sprøjter|jeg sprøjtede|jeg har sprøjtet	I spray|I sprayed|I have sprayed	v
at trampe	to stomp		3	tramper|trampede|trampet		jeg tramper|jeg trampede|jeg har trampet	I stomp|I stomped|I have stomped	v
at tude	to cry / howl		3	tuder|tudede|tudet		jeg tuder|jeg tudede|jeg har tudet	I cry / howl|I cried / howled|I have cried / howled	v
at vakle	to wobble / waver		4	vakler|vaklede|vaklet		jeg vakler|jeg vaklede|jeg har vaklet	I wobble / waver|I wobbled / wavered|I have wobbled / wavered	v
at vifte	to wave (something)		3	vifter|viftede|viftet		jeg vifter|jeg viftede|jeg har viftet	I wave (something)|I waved (something)|I have waved (something)	v
at vippe	to tip / rock		3	vipper|vippede|vippet		jeg vipper|jeg vippede|jeg har vippet	I tip / rock|I tipped / rocked|I have tipped / rocked	v
at vride	to twist / wring		3	vrider|vred|vredet		jeg vrider|jeg vred|jeg har vredet	I twist / wring|I twisted / wrung|I have twisted / wrung	v
at ønske sig	to wish for		2	ønsker sig|ønskede sig|ønsket sig		jeg ønsker mig|jeg ønskede mig|jeg har ønsket mig	I wish for|I wished for|I have wished for	v
at afbestille	to cancel (an order / booking)		2	afbestiller|afbestilte|afbestilt		jeg afbestiller|jeg afbestilte|jeg har afbestilt	I cancel (an order / booking)|I canceled (an order / booking)|I have canceled (an order / booking)	v
at afgå	to depart		3	afgår|afgik|afgået		jeg afgår|jeg afgik|jeg er afgået	I depart|I departed|I have departed	v
at afholde	to hold (an event)		3	afholder|afholdt|afholdt		jeg afholder|jeg afholdt|jeg har afholdt	I hold (an event)|I held (an event)|I have held (an event)	v
at afmelde	to cancel / unsubscribe		3	afmelder|afmeldte|afmeldt		jeg afmelder|jeg afmeldte|jeg har afmeldt	I cancel / unsubscribe|I canceled / unsubscribed|I have canceled / unsubscribed	v
at afsende	to send / dispatch		3	afsender|afsendte|afsendt		jeg afsender|jeg afsendte|jeg har afsendt	I send / dispatch|I sent / dispatched|I have sent / dispatched	v
at afskaffe	to abolish		3	afskaffer|afskaffede|afskaffet		jeg afskaffer|jeg afskaffede|jeg har afskaffet	I abolish|I abolished|I have abolished	v
at angre	to regret		2	angrer|angrede|angret		jeg angrer|jeg angrede|jeg har angret	I regret|I regretted|I have regretted	v
at annoncere	to announce / advertise		3	annoncerer|annoncerede|annonceret		jeg annoncerer|jeg annoncerede|jeg har annonceret	I announce / advertise|I announced / advertised|I have announced / advertised	v
at applaudere	to applaud		3	applauderer|applauderede|applauderet		jeg applauderer|jeg applauderede|jeg har applauderet	I applaud|I applauded|I have applauded	v
at arve	to inherit		3	arver|arvede|arvet		jeg arver|jeg arvede|jeg har arvet	I inherit|I inherited|I have inherited	v
at bakke op	to back up / support		3	bakker op|bakkede op|bakket op		jeg bakker op|jeg bakkede op|jeg har bakket op	I back up / support|I backed up / supported|I have backed up / supported	v
at bebo	to inhabit		4	bebor|beboede|beboet		jeg bebor|jeg beboede|jeg har beboet	I inhabit|I inhabited|I have inhabited	v
at bedrage	to deceive		3	bedrager|bedrog|bedraget		jeg bedrager|jeg bedrog|jeg har bedraget	I deceive|I deceived|I have deceived	v
at begejstre	to inspire / excite		3	begejstrer|begejstrede|begejstret		jeg begejstrer|jeg begejstrede|jeg har begejstret	I inspire / excite|I inspired / excited|I have inspired / excited	v
at bekende	to confess		4	bekender|bekendte|bekendt		jeg bekender|jeg bekendte|jeg har bekendt	I confess|I confessed|I have confessed	v
at belaste	to burden / strain		3	belaster|belastede|belastet		jeg belaster|jeg belastede|jeg har belastet	I burden / strain|I burdened / strained|I have burdened / strained	v
at belønne	to reward		3	belønner|belønnede|belønnet		jeg belønner|jeg belønnede|jeg har belønnet	I reward|I rewarded|I have rewarded	v
at berette	to report / tell		4	beretter|berettede|berettet		jeg beretter|jeg berettede|jeg har berettet	I report / tell|I reported / told|I have reported / told	v
at beskatte	to tax	MB	4	beskatter|beskattede|beskattet		jeg beskatter|jeg beskattede|jeg har beskattet	I tax|I taxed|I have taxed	v
at beslaglægge	to confiscate	SP	4	beslaglægger|beslaglagde|beslaglagt		jeg beslaglægger|jeg beslaglagde|jeg har beslaglagt	I confiscate|I confiscated|I have confiscated	v
at bestige	to climb (a mountain)		3	bestiger|besteg|besteget		jeg bestiger|jeg besteg|jeg har besteget	I climb (a mountain)|I climbed (a mountain)|I have climbed (a mountain)	v
at betjene	to serve / operate		3	betjener|betjente|betjent		jeg betjener|jeg betjente|jeg har betjent	I serve / operate|I served / operated|I have served / operated	v
at betvivle	to question / doubt		4	betvivler|betvivlede|betvivlet		jeg betvivler|jeg betvivlede|jeg har betvivlet	I question / doubt|I questioned / doubted|I have questioned / doubted	v
at beundre	to admire		3	beundrer|beundrede|beundret		jeg beundrer|jeg beundrede|jeg har beundret	I admire|I admired|I have admired	v
at bevilge	to grant		4	bevilger|bevilgede|bevilget		jeg bevilger|jeg bevilgede|jeg har bevilget	I grant|I granted|I have granted	v
at blegne	to fade		4	blegner|blegnede|blegnet		jeg blegner|jeg blegnede|jeg har blegnet	I fade|I faded|I have faded	v
at bo sammen	to live together		2	bor sammen|boede sammen|boet sammen		jeg bor sammen|jeg boede sammen|jeg har boet sammen	I live together|I lived together|I have lived together	v
at bruge op	to use up		2	bruger op|brugte op|brugt op		jeg bruger op|jeg brugte op|jeg har brugt op	I use up|I used up|I have used up	v
at brøle	to roar		4	brøler|brølede|brølet		jeg brøler|jeg brølede|jeg har brølet	I roar|I roared|I have roared	v
at bukke	to bow		4	bukker|bukkede|bukket		jeg bukker|jeg bukkede|jeg har bukket	I bow|I bowed|I have bowed	v
at censurere	to censor		4	censurerer|censurerede|censureret		jeg censurerer|jeg censurerede|jeg har censureret	I censor|I censored|I have censored	v
at citere	to quote		3	citerer|citerede|citeret		jeg citerer|jeg citerede|jeg har citeret	I quote|I quoted|I have quoted	v
at cirkulere	to circulate		4	cirkulerer|cirkulerede|cirkuleret		jeg cirkulerer|jeg cirkulerede|jeg har cirkuleret	I circulate|I circulated|I have circulated	v
at dampe	to steam		4	damper|dampede|dampet		jeg damper|jeg dampede|jeg har dampet	I steam|I steamed|I have steamed	v
at dirigere	to conduct / direct		4	dirigerer|dirigerede|dirigeret		jeg dirigerer|jeg dirigerede|jeg har dirigeret	I conduct / direct|I conducted / directed|I have conducted / directed	v
at dokumentere	to document		3	dokumenterer|dokumenterede|dokumenteret		jeg dokumenterer|jeg dokumenterede|jeg har dokumenteret	I document|I documented|I have documented	v
at dominere	to dominate		4	dominerer|dominerede|domineret		jeg dominerer|jeg dominerede|jeg har domineret	I dominate|I dominated|I have dominated	v
at donere	to donate		3	donerer|donerede|doneret		jeg donerer|jeg donerede|jeg har doneret	I donate|I donated|I have donated	v
at drysse	to sprinkle		3	drysser|dryssede|drysset		jeg drysser|jeg dryssede|jeg har drysset	I sprinkle|I sprinkled|I have sprinkled	v
at dryppe	to drip		3	drypper|dryppede|dryppet		jeg drypper|jeg dryppede|jeg har dryppet	I drip|I dripped|I have dripped	v
at dyppe	to dip		3	dypper|dyppede|dyppet		jeg dypper|jeg dyppede|jeg har dyppet	I dip|I dipped|I have dipped	v
at efterligne	to imitate		3	efterligner|efterlignede|efterlignet		jeg efterligner|jeg efterlignede|jeg har efterlignet	I imitate|I imitated|I have imitated	v
at efterlyse	to call for / search for		3	efterlyser|efterlyste|efterlyst		jeg efterlyser|jeg efterlyste|jeg har efterlyst	I call for / search for|I called for / searched for|I have called for / searched for	v
at eksperimentere	to experiment		3	eksperimenterer|eksperimenterede|eksperimenteret		jeg eksperimenterer|jeg eksperimenterede|jeg har eksperimenteret	I experiment|I experimented|I have experimented	v
at eksportere	to export	MB	3	eksporterer|eksporterede|eksporteret		jeg eksporterer|jeg eksporterede|jeg har eksporteret	I export|I exported|I have exported	v
at importere	to import	MB	3	importerer|importerede|importeret		jeg importerer|jeg importerede|jeg har importeret	I import|I imported|I have imported	v
at etablere	to establish		3	etablerer|etablerede|etableret		jeg etablerer|jeg etablerede|jeg har etableret	I establish|I established|I have established	v
at falde over	to trip over / come across		2	falder over|faldt over|faldet over		jeg falder over|jeg faldt over|jeg er faldet over	I trip over / come across|I tripped over / came across|I have tripped over / come across	v
at fare	to rush		3	farer|for|faret		jeg farer|jeg for|jeg er faret	I rush|I rushed|I have rushed	v
at farve	to color / dye	CO	2	farver|farvede|farvet		jeg farver|jeg farvede|jeg har farvet	I color / dye|I colored / dyed|I have colored / dyed	v
at finansiere	to finance	MB	3	finansierer|finansierede|finansieret		jeg finansierer|jeg finansierede|jeg har finansieret	I finance|I financed|I have financed	v
at flirte	to flirt		3	flirter|flirtede|flirtet		jeg flirter|jeg flirtede|jeg har flirtet	I flirt|I flirted|I have flirted	v
at flække	to split		4	flækker|flækkede|flækket		jeg flækker|jeg flækkede|jeg har flækket	I split|I split|I have split	v
at forfalde	to fall due / decay		4	forfalder|forfaldt|forfaldet		det forfalder|det forfaldt|det er forfaldet	it falls due / decays|it fell due / decayed|it has fallen due / decayed	v
at forfatte	to author		4	forfatter|forfattede|forfattet		jeg forfatter|jeg forfattede|jeg har forfattet	I author|I authored|I have authored	v
at forhøre sig	to inquire		3	forhører sig|forhørte sig|forhørt sig		jeg forhører mig|jeg forhørte mig|jeg har forhørt mig	I inquire|I inquired|I have inquired	v
at forklæde sig	to disguise oneself		4	forklæder sig|forklædte sig|forklædt sig		jeg forklæder mig|jeg forklædte mig|jeg har forklædt mig	I disguise myself|I disguised myself|I have disguised myself	v
at forløbe	to proceed / go (well/badly)		3	forløber|forløb|forløbet		det forløber|det forløb|det er forløbet	it proceeds / goes (well/badly)|it proceeded / went (well/badly)|it has proceeded / gone (well/badly)	v
at formindske	to reduce		4	formindsker|formindskede|formindsket		jeg formindsker|jeg formindskede|jeg har formindsket	I reduce|I reduced|I have reduced	v
at fornægte	to deny		4	fornægter|fornægtede|fornægtet		jeg fornægter|jeg fornægtede|jeg har fornægtet	I deny|I denied|I have denied	v
at forsone sig	to reconcile		4	forsoner sig|forsonede sig|forsonet sig		jeg forsoner mig|jeg forsonede mig|jeg har forsonet mig	I reconcile|I reconciled|I have reconciled	v
at forsyne	to supply		3	forsyner|forsynede|forsynet		jeg forsyner|jeg forsynede|jeg har forsynet	I supply|I supplied|I have supplied	v
at fortage sig	to wear off		4	fortager sig|fortog sig|fortaget sig		det fortager sig|det fortog sig|det har fortaget sig	it wears off|it wore off|it has worn off	v
at fortrænge	to repress / displace		4	fortrænger|fortrængte|fortrængt		jeg fortrænger|jeg fortrængte|jeg har fortrængt	I repress / displace|I repressed / displaced|I have repressed / displaced	v
at forudse	to foresee		3	forudser|forudså|forudset		jeg forudser|jeg forudså|jeg har forudset	I foresee|I foresaw|I have foreseen	v
at forudsige	to predict		3	forudsiger|forudsagde|forudsagt		jeg forudsiger|jeg forudsagde|jeg har forudsagt	I predict|I predicted|I have predicted	v
at forære	to give (as a gift)		3	forærer|forærede|foræret		jeg forærer|jeg forærede|jeg har foræret	I give (as a gift)|I gave (as a gift)|I have given (as a gift)	v
at fremkalde	to cause / develop (film)		4	fremkalder|fremkaldte|fremkaldt		jeg fremkalder|jeg fremkaldte|jeg har fremkaldt	I cause / develop (film)|I caused / developed (film)|I have caused / developed (film)	v
at fremme	to promote / further		3	fremmer|fremmede|fremmet		jeg fremmer|jeg fremmede|jeg har fremmet	I promote / further|I promoted / furthered|I have promoted / furthered	v
at fremvise	to display / show		4	fremviser|fremviste|fremvist		jeg fremviser|jeg fremviste|jeg har fremvist	I display / show|I displayed / showed|I have displayed / shown	v
at fylde op	to fill up		2	fylder op|fyldte op|fyldt op		jeg fylder op|jeg fyldte op|jeg har fyldt op	I fill up|I filled up|I have filled up	v
at få ondt af	to feel sorry for		2	får ondt af|fik ondt af|fået ondt af		jeg får ondt af|jeg fik ondt af|jeg har fået ondt af	I feel sorry for|I felt sorry for|I have felt sorry for	v
at gemme sig	to hide (oneself)		2	gemmer sig|gemte sig|gemt sig		jeg gemmer mig|jeg gemte mig|jeg har gemt mig	I hide (oneself)|I hid (oneself)|I have hidden (oneself)	v
at genbruge	to recycle / reuse		2	genbruger|genbrugte|genbrugt		jeg genbruger|jeg genbrugte|jeg har genbrugt	I recycle / reuse|I recycled / reused|I have recycled / reused	v
at gengive	to reproduce / render		4	gengiver|gengav|gengivet		jeg gengiver|jeg gengav|jeg har gengivet	I reproduce / render|I reproduced / rendered|I have reproduced / rendered	v
at genoplive	to revive		3	genopliver|genoplivede|genoplivet		jeg genopliver|jeg genoplivede|jeg har genoplivet	I revive|I revived|I have revived	v
at genopbygge	to rebuild		3	genopbygger|genopbyggede|genopbygget		jeg genopbygger|jeg genopbyggede|jeg har genopbygget	I rebuild|I rebuilt|I have rebuilt	v
at give efter	to give in		3	giver efter|gav efter|givet efter		jeg giver efter|jeg gav efter|jeg har givet efter	I give in|I gave in|I have given in	v
at give lov	to give permission		2	giver lov|gav lov|givet lov		jeg giver lov|jeg gav lov|jeg har givet lov	I give permission|I gave permission|I have given permission	v
at give tilbage	to give back		2	giver tilbage|gav tilbage|givet tilbage		jeg giver tilbage|jeg gav tilbage|jeg har givet tilbage	I give back|I gave back|I have given back	v
at gløde	to glow		4	gløder|glødede|glødet		jeg gløder|jeg glødede|jeg har glødet	I glow|I glowed|I have glowed	v
at gnide	to rub		3	gnider|gned|gnedet		jeg gnider|jeg gned|jeg har gnedet	I rub|I rubbed|I have rubbed	v
at gro	to grow		3	gror|groede|groet		jeg gror|jeg groede|jeg har groet	I grow|I grew|I have grown	v
at gruble	to brood / ponder		4	grubler|grublede|grublet		jeg grubler|jeg grublede|jeg har grublet	I brood / ponder|I brooded / pondered|I have brooded / pondered	v
at gruppere	to group		4	grupperer|grupperede|grupperet		jeg grupperer|jeg grupperede|jeg har grupperet	I group|I grouped|I have grouped	v
at gå af	to resign / go off		3	går af|gik af|gået af		jeg går af|jeg gik af|jeg er gået af	I resign / go off|I resigned / went off|I have resigned / gone off	v
at gå forbi	to pass by		2	går forbi|gik forbi|gået forbi		jeg går forbi|jeg gik forbi|jeg er gået forbi	I pass by|I passed by|I have passed by	v
at gå i stykker	to break		2	går i stykker|gik i stykker|gået i stykker		det går i stykker|det gik i stykker|det er gået i stykker	it breaks|it broke|it has broken	v
at gå ind	to go in		2	går ind|gik ind|gået ind		jeg går ind|jeg gik ind|jeg er gået ind	I go in|I went in|I have gone in	v
at gå med til	to agree to		3	går med til|gik med til|gået med til		jeg går med til|jeg gik med til|jeg er gået med til	I agree to|I agreed to|I have agreed to	v
at gå tabt	to be lost		3	går tabt|gik tabt|gået tabt		det går tabt|det gik tabt|det er gået tabt	it is lost|it was lost|it has been lost	v
at gå til	to go to (regularly) / perish		3	går til|gik til|gået til		jeg går til|jeg gik til|jeg har gået til	I go to (regularly)|I went to (regularly)|I have gone to (regularly)	v
at gå væk	to go away		2	går væk|gik væk|gået væk		jeg går væk|jeg gik væk|jeg er gået væk	I go away|I went away|I have gone away	v
at halte	to limp		4	halter|haltede|haltet		jeg halter|jeg haltede|jeg har haltet	I limp|I limped|I have limped	v
at hjælpe til	to help out		2	hjælper til|hjalp til|hjulpet til		jeg hjælper til|jeg hjalp til|jeg har hjulpet til	I help out|I helped out|I have helped out	v
at holde sig	to keep / stay		2	holder sig|holdt sig|holdt sig		jeg holder mig|jeg holdt mig|jeg har holdt mig	I keep / stay|I kept / stayed|I have kept / stayed	v
at holde tale	to give a speech		2	holder tale|holdt tale|holdt tale		jeg holder tale|jeg holdt tale|jeg har holdt tale	I give a speech|I gave a speech|I have given a speech	v
at hyle	to howl		4	hyler|hylede|hylet		jeg hyler|jeg hylede|jeg har hylet	I howl|I howled|I have howled	v
at hænge sammen	to make sense / be connected		2	hænger sammen|hang sammen|hængt sammen		det hænger sammen|det hang sammen|det har hængt sammen	it makes sense / is connected|it made sense / was connected|it has made sense / been connected	v
at høste	to harvest		3	høster|høstede|høstet		jeg høster|jeg høstede|jeg har høstet	I harvest|I harvested|I have harvested	v
at indlede	to begin / introduce		4	indleder|indledte|indledt		jeg indleder|jeg indledte|jeg har indledt	I begin / introduce|I began / introduced|I have begun / introduced	v
at indsamle	to collect		3	indsamler|indsamlede|indsamlet		jeg indsamler|jeg indsamlede|jeg har indsamlet	I collect|I collected|I have collected	v
at indsætte	to insert / deposit		3	indsætter|indsatte|indsat		jeg indsætter|jeg indsatte|jeg har indsat	I insert / deposit|I inserted / deposited|I have inserted / deposited	v
at inspirere	to inspire		3	inspirerer|inspirerede|inspireret		jeg inspirerer|jeg inspirerede|jeg har inspireret	I inspire|I inspired|I have inspired	v
at interviewe	to interview		3	interviewer|interviewede|interviewet		jeg interviewer|jeg interviewede|jeg har interviewet	I interview|I interviewed|I have interviewed	v
at invadere	to invade		4	invaderer|invaderede|invaderet		jeg invaderer|jeg invaderede|jeg har invaderet	I invade|I invaded|I have invaded	v
at jamre	to wail / whine		4	jamrer|jamrede|jamret		jeg jamrer|jeg jamrede|jeg har jamret	I wail / whine|I wailed / whined|I have wailed / whined	v
at juble	to cheer		3	jubler|jublede|jublet		jeg jubler|jeg jublede|jeg har jublet	I cheer|I cheered|I have cheered	v
at kigge efter	to look for		2	kigger efter|kiggede efter|kigget efter		jeg kigger efter|jeg kiggede efter|jeg har kigget efter	I look for|I looked for|I have looked for	v
at kildre	to tickle		2	kildrer|kildrede|kildret		jeg kildrer|jeg kildrede|jeg har kildret	I tickle|I tickled|I have tickled	v
at klippe	to cut (with scissors)		2	klipper|klippede|klippet		jeg klipper|jeg klippede|jeg har klippet	I cut (with scissors)|I cut (with scissors)|I have cut (with scissors)	v
at klynge sig	to cling		4	klynger sig|klyngede sig|klynget sig		jeg klynger mig|jeg klyngede mig|jeg har klynget mig	I cling|I clung|I have clung	v
at knytte	to tie / connect		3	knytter|knyttede|knyttet		jeg knytter|jeg knyttede|jeg har knyttet	I tie / connect|I tied / connected|I have tied / connected	v
at koge over	to boil over	FD	3	koger over|kogte over|kogt over		det koger over|det kogte over|det har kogt over	it boils over|it boiled over|it has boiled over	v
at kollidere	to collide		3	kolliderer|kolliderede|kollideret		jeg kolliderer|jeg kolliderede|jeg har kollideret	I collide|I collided|I have collided	v
at komme ind	to come in		1	kommer ind|kom ind|kommet ind		jeg kommer ind|jeg kom ind|jeg er kommet ind	I come in|I came in|I have come in	v
at komme ud	to come out / get out		1	kommer ud|kom ud|kommet ud		jeg kommer ud|jeg kom ud|jeg er kommet ud	I come out / get out|I came out / got out|I have come out / gotten out	v
at komme med	to come along / bring		2	kommer med|kom med|kommet med		jeg kommer med|jeg kom med|jeg er kommet med	I come along / bring|I came along / brought|I have come along / brought	v
at komme over	to get over		2	kommer over|kom over|kommet over		jeg kommer over|jeg kom over|jeg er kommet over	I get over|I got over|I have gotten over	v
at komponere	to compose		3	komponerer|komponerede|komponeret		jeg komponerer|jeg komponerede|jeg har komponeret	I compose|I composed|I have composed	v
at konstatere	to state / establish		4	konstaterer|konstaterede|konstateret		jeg konstaterer|jeg konstaterede|jeg har konstateret	I state / establish|I stated / established|I have stated / established	v
at konstruere	to construct		4	konstruerer|konstruerede|konstrueret		jeg konstruerer|jeg konstruerede|jeg har konstrueret	I construct|I constructed|I have constructed	v
at korrigere	to correct		3	korrigerer|korrigerede|korrigeret		jeg korrigerer|jeg korrigerede|jeg har korrigeret	I correct|I corrected|I have corrected	v
at krybe	to creep / crawl		3	kryber|krøb|krøbet		jeg kryber|jeg krøb|jeg har krøbet	I creep / crawl|I crept / crawled|I have crept / crawled	v
at kvittere	to acknowledge / sign for		4	kvitterer|kvitterede|kvitteret		jeg kvitterer|jeg kvitterede|jeg har kvitteret	I acknowledge / sign for|I acknowledged / signed for|I have acknowledged / signed for	v
at kæle	to cuddle / pet		3	kæler|kælede|kælet		jeg kæler|jeg kælede|jeg har kælet	I cuddle / pet|I cuddled / petted|I have cuddled / petted	v
at legalisere	to legalize	SP	4	legaliserer|legaliserede|legaliseret		jeg legaliserer|jeg legaliserede|jeg har legaliseret	I legalize|I legalized|I have legalized	v
at lindre	to relieve		4	lindrer|lindrede|lindret		jeg lindrer|jeg lindrede|jeg har lindret	I relieve|I relieved|I have relieved	v
at lokalisere	to locate		4	lokaliserer|lokaliserede|lokaliseret		jeg lokaliserer|jeg lokaliserede|jeg har lokaliseret	I locate|I located|I have located	v
at lyse op	to light up		2	lyser op|lyste op|lyst op		jeg lyser op|jeg lyste op|jeg har lyst op	I light up|I lit up|I have lit up	v
at lytte til	to listen to		2	lytter til|lyttede til|lyttet til		jeg lytter til|jeg lyttede til|jeg har lyttet til	I listen to|I listened to|I have listened to	v
at lægge sig	to lie down		2	lægger sig|lagde sig|lagt sig		jeg lægger mig|jeg lagde mig|jeg har lagt mig	I lie down|I lay down|I have lain down	v
at lægge fra sig	to put down		2	lægger fra sig|lagde fra sig|lagt fra sig		jeg lægger fra mig|jeg lagde fra mig|jeg har lagt fra mig	I put down|I put down|I have put down	v
at lække	to leak		3	lækker|lækkede|lækket		jeg lækker|jeg lækkede|jeg har lækket	I leak|I leaked|I have leaked	v
at læne sig	to lean		3	læner sig|lænede sig|lænet sig		jeg læner mig|jeg lænede mig|jeg har lænet mig	I lean|I leaned|I have leaned	v
at løbe væk	to run away		2	løber væk|løb væk|løbet væk		jeg løber væk|jeg løb væk|jeg er løbet væk	I run away|I ran away|I have run away	v
at mase	to squeeze / push		3	maser|masede|maset		jeg maser|jeg masede|jeg har maset	I squeeze / push|I squeezed / pushed|I have squeezed / pushed	v
at massere	to massage		3	masserer|masserede|masseret		jeg masserer|jeg masserede|jeg har masseret	I massage|I massaged|I have massaged	v
at melde sig	to sign up / volunteer		2	melder sig|meldte sig|meldt sig		jeg melder mig|jeg meldte mig|jeg har meldt mig	I sign up / volunteer|I signed up / volunteered|I have signed up / volunteered	v
at mindske	to reduce		3	mindsker|mindskede|mindsket		jeg mindsker|jeg mindskede|jeg har mindsket	I reduce|I reduced|I have reduced	v
at moderere	to moderate		4	modererer|modererede|modereret		jeg modererer|jeg modererede|jeg har modereret	I moderate|I moderated|I have moderated	v
at navngive	to name		4	navngiver|navngav|navngivet		jeg navngiver|jeg navngav|jeg har navngivet	I name|I named|I have named	v
at nedlægge	to shut down / lay down		4	nedlægger|nedlagde|nedlagt		jeg nedlægger|jeg nedlagde|jeg har nedlagt	I shut down / lay down|I shut down / laid down|I have shut down / laid down	v
at nedtone	to downplay		4	nedtoner|nedtonede|nedtonet		jeg nedtoner|jeg nedtonede|jeg har nedtonet	I downplay|I downplayed|I have downplayed	v
at nøle	to hesitate		4	nøler|nølede|nølet		jeg nøler|jeg nølede|jeg har nølet	I hesitate|I hesitated|I have hesitated	v
at offentliggøre	to publish / make public		3	offentliggør|offentliggjorde|offentliggjort		jeg offentliggør|jeg offentliggjorde|jeg har offentliggjort	I publish / make public|I published / made public|I have published / made public	v
at ofre	to sacrifice		3	ofrer|ofrede|ofret		jeg ofrer|jeg ofrede|jeg har ofret	I sacrifice|I sacrificed|I have sacrificed	v
at omdanne	to transform		4	omdanner|omdannede|omdannet		jeg omdanner|jeg omdannede|jeg har omdannet	I transform|I transformed|I have transformed	v
at omringe	to surround		4	omringer|omringede|omringet		jeg omringer|jeg omringede|jeg har omringet	I surround|I surrounded|I have surrounded	v
at opdele	to divide		4	opdeler|opdelte|opdelt		jeg opdeler|jeg opdelte|jeg har opdelt	I divide|I divided|I have divided	v
at opfordre	to urge / encourage		3	opfordrer|opfordrede|opfordret		jeg opfordrer|jeg opfordrede|jeg har opfordret	I urge / encourage|I urged / encouraged|I have urged / encouraged	v
at opfatte	to perceive		4	opfatter|opfattede|opfattet		jeg opfatter|jeg opfattede|jeg har opfattet	I perceive|I perceived|I have perceived	v
at opgradere	to upgrade		3	opgraderer|opgraderede|opgraderet		jeg opgraderer|jeg opgraderede|jeg har opgraderet	I upgrade|I upgraded|I have upgraded	v
at opsige	to cancel / terminate		3	opsiger|opsagde|opsagt		jeg opsiger|jeg opsagde|jeg har opsagt	I cancel / terminate|I canceled / terminated|I have canceled / terminated	v
at opsummere	to summarize		3	opsummerer|opsummerede|opsummeret		jeg opsummerer|jeg opsummerede|jeg har opsummeret	I summarize|I summarized|I have summarized	v
at opsætte	to set up		4	opsætter|opsatte|opsat		jeg opsætter|jeg opsatte|jeg har opsat	I set up|I set up|I have set up	v
at optimere	to optimize		4	optimerer|optimerede|optimeret		jeg optimerer|jeg optimerede|jeg har optimeret	I optimize|I optimized|I have optimized	v
at overdrage	to hand over / transfer		4	overdrager|overdrog|overdraget		jeg overdrager|jeg overdrog|jeg har overdraget	I hand over / transfer|I handed over / transferred|I have handed over / transferred	v
at overgå	to exceed / surpass		4	overgår|overgik|overgået		jeg overgår|jeg overgik|jeg har overgået	I exceed / surpass|I exceeded / surpassed|I have exceeded / surpassed	v
at overholde	to comply with		3	overholder|overholdt|overholdt		jeg overholder|jeg overholdt|jeg har overholdt	I comply with|I complied with|I have complied with	v
at overskride	to exceed		4	overskrider|overskred|overskredet		jeg overskrider|jeg overskred|jeg har overskredet	I exceed|I exceeded|I have exceeded	v
at plukke	to pick		3	plukker|plukkede|plukket		jeg plukker|jeg plukkede|jeg har plukket	I pick|I picked|I have picked	v
at praktisere	to practice		4	praktiserer|praktiserede|praktiseret		jeg praktiserer|jeg praktiserede|jeg har praktiseret	I practice|I practiced|I have practiced	v
at pynte	to decorate		2	pynter|pyntede|pyntet		jeg pynter|jeg pyntede|jeg har pyntet	I decorate|I decorated|I have decorated	v
at pådrage sig	to incur / catch (an illness)		4	pådrager sig|pådrog sig|pådraget sig		jeg pådrager mig|jeg pådrog mig|jeg har pådraget mig	I incur / catch (an illness)|I incurred / caught (an illness)|I have incurred / caught (an illness)	v
at påføre	to inflict / apply		4	påfører|påførte|påført		jeg påfører|jeg påførte|jeg har påført	I inflict / apply|I inflicted / applied|I have inflicted / applied	v
at påtage sig	to take on		4	påtager sig|påtog sig|påtaget sig		jeg påtager mig|jeg påtog mig|jeg har påtaget mig	I take on|I took on|I have taken on	v
at påpege	to point out		3	påpeger|påpegede|påpeget		jeg påpeger|jeg påpegede|jeg har påpeget	I point out|I pointed out|I have pointed out	v
at rasle	to rattle		4	rasler|raslede|raslet		jeg rasler|jeg raslede|jeg har raslet	I rattle|I rattled|I have rattled	v
at redigere	to edit		3	redigerer|redigerede|redigeret		jeg redigerer|jeg redigerede|jeg har redigeret	I edit|I edited|I have edited	v
at reducere	to reduce		3	reducerer|reducerede|reduceret		jeg reducerer|jeg reducerede|jeg har reduceret	I reduce|I reduced|I have reduced	v
at referere	to refer / report		4	refererer|refererede|refereret		jeg refererer|jeg refererede|jeg har refereret	I refer / report|I referred / reported|I have referred / reported	v
at reflektere	to reflect		4	reflekterer|reflekterede|reflekteret		jeg reflekterer|jeg reflekterede|jeg har reflekteret	I reflect|I reflected|I have reflected	v
at rekruttere	to recruit		4	rekrutterer|rekrutterede|rekrutteret		jeg rekrutterer|jeg rekrutterede|jeg har rekrutteret	I recruit|I recruited|I have recruited	v
at restaurere	to restore		4	restaurerer|restaurerede|restaureret		jeg restaurerer|jeg restaurerede|jeg har restaureret	I restore|I restored|I have restored	v
at ringe efter	to call for		2	ringer efter|ringede efter|ringet efter		jeg ringer efter|jeg ringede efter|jeg har ringet efter	I call for|I called for|I have called for	v
at rode	to rummage / mess up		3	roder|rodede|rodet		jeg roder|jeg rodede|jeg har rodet	I rummage / mess up|I rummaged / messed up|I have rummaged / messed up	v
at runde af	to round off		2	runder af|rundede af|rundet af		jeg runder af|jeg rundede af|jeg har rundet af	I round off|I rounded off|I have rounded off	v
at ryge	to smoke		2	ryger|røg|røget		jeg ryger|jeg røg|jeg har røget	I smoke|I smoked|I have smoked	v
at rynke	to wrinkle / frown		4	rynker|rynkede|rynket		jeg rynker|jeg rynkede|jeg har rynket	I wrinkle / frown|I wrinkled / frowned|I have wrinkled / frowned	v
at signere	to sign		4	signerer|signerede|signeret		jeg signerer|jeg signerede|jeg har signeret	I sign|I signed|I have signed	v
at simulere	to simulate		4	simulerer|simulerede|simuleret		jeg simulerer|jeg simulerede|jeg har simuleret	I simulate|I simulated|I have simulated	v
at sjuske	to be sloppy		4	sjusker|sjuskede|sjusket		jeg sjusker|jeg sjuskede|jeg har sjusket	I am sloppy|I was sloppy|I have been sloppy	v
at skabe sig	to make a fuss		3	skaber sig|skabte sig|skabt sig		jeg skaber mig|jeg skabte mig|jeg har skabt mig	I make a fuss|I made a fuss|I have made a fuss	v
at skele	to squint / glance		4	skeler|skelede|skelet		jeg skeler|jeg skelede|jeg har skelet	I squint / glance|I squinted / glanced|I have squinted / glanced	v
at skifte ud	to replace		2	skifter ud|skiftede ud|skiftet ud		jeg skifter ud|jeg skiftede ud|jeg har skiftet ud	I replace|I replaced|I have replaced	v
at skildre	to depict		4	skildrer|skildrede|skildret		jeg skildrer|jeg skildrede|jeg har skildret	I depict|I depicted|I have depicted	v
at skræmme	to scare		2	skræmmer|skræmte|skræmt		jeg skræmmer|jeg skræmte|jeg har skræmt	I scare|I scared|I have scared	v
at skumme	to foam / skim		4	skummer|skummede|skummet		jeg skummer|jeg skummede|jeg har skummet	I foam / skim|I foamed / skimmed|I have foamed / skimmed	v
at skylle	to rinse		3	skyller|skyllede|skyllet		jeg skyller|jeg skyllede|jeg har skyllet	I rinse|I rinsed|I have rinsed	v
at skåne	to spare		4	skåner|skånede|skånet		jeg skåner|jeg skånede|jeg har skånet	I spare|I spared|I have spared	v
at slentre	to stroll		4	slentrer|slentrede|slentret		jeg slentrer|jeg slentrede|jeg har slentret	I stroll|I strolled|I have strolled	v
at slibe	to sharpen / sand		4	sliber|sleb|slebet		jeg sliber|jeg sleb|jeg har slebet	I sharpen / sand|I sharpened / sanded|I have sharpened / sanded	v
at slide	to wear out / toil		3	slider|sled|slidt		jeg slider|jeg sled|jeg har slidt	I wear out / toil|I wore out / toiled|I have worn out / toiled	v
at smuldre	to crumble		4	smuldrer|smuldrede|smuldret		jeg smuldrer|jeg smuldrede|jeg har smuldret	I crumble|I crumbled|I have crumbled	v
at snuble	to stumble		3	snubler|snublede|snublet		jeg snubler|jeg snublede|jeg har snublet	I stumble|I stumbled|I have stumbled	v
at sortere	to sort		2	sorterer|sorterede|sorteret		jeg sorterer|jeg sorterede|jeg har sorteret	I sort|I sorted|I have sorted	v
at spadsere	to stroll / walk		3	spadserer|spadserede|spadseret		jeg spadserer|jeg spadserede|jeg har spadseret	I stroll / walk|I strolled / walked|I have strolled / walked	v
at spejle	to mirror		4	spejler|spejlede|spejlet		jeg spejler|jeg spejlede|jeg har spejlet	I mirror|I mirrored|I have mirrored	v
at spilde tid	to waste time		2	spilder tid|spildte tid|spildt tid		jeg spilder tid|jeg spildte tid|jeg har spildt tid	I waste time|I wasted time|I have wasted time	v
at sponsorere	to sponsor		4	sponsorerer|sponsorerede|sponsoreret		jeg sponsorerer|jeg sponsorerede|jeg har sponsoreret	I sponsor|I sponsored|I have sponsored	v
at spøge	to joke		3	spøger|spøgte|spøgt		jeg spøger|jeg spøgte|jeg har spøgt	I joke|I joked|I have joked	v
at stabilisere	to stabilize		4	stabiliserer|stabiliserede|stabiliseret		jeg stabiliserer|jeg stabiliserede|jeg har stabiliseret	I stabilize|I stabilized|I have stabilized	v
at stikke af	to run off		2	stikker af|stak af|stukket af		jeg stikker af|jeg stak af|jeg er stukket af	I run off|I ran off|I have run off	v
at stramme	to tighten		3	strammer|strammede|strammet		jeg strammer|jeg strammede|jeg har strammet	I tighten|I tightened|I have tightened	v
at strø	to sprinkle / scatter		4	strør|strøede|strøet		jeg strør|jeg strøede|jeg har strøet	I sprinkle / scatter|I sprinkled / scattered|I have sprinkled / scattered	v
at stønne	to groan		4	stønner|stønnede|stønnet		jeg stønner|jeg stønnede|jeg har stønnet	I groan|I groaned|I have groaned	v
at støve af	to dust		3	støver af|støvede af|støvet af		jeg støver af|jeg støvede af|jeg har støvet af	I dust|I dusted|I have dusted	v
at symbolisere	to symbolize		4	symboliserer|symboliserede|symboliseret		jeg symboliserer|jeg symboliserede|jeg har symboliseret	I symbolize|I symbolized|I have symbolized	v
at tage fat	to get to work / grab hold		3	tager fat|tog fat|taget fat		jeg tager fat|jeg tog fat|jeg har taget fat	I get to work / grab hold|I got to work / grabbed hold|I have gotten to work / grabbed hold	v
at tage hjem	to go home		1	tager hjem|tog hjem|taget hjem		jeg tager hjem|jeg tog hjem|jeg er taget hjem	I go home|I went home|I have gone home	v
at tage op	to pick up / take up		2	tager op|tog op|taget op		jeg tager op|jeg tog op|jeg har taget op	I pick up / take up|I picked up / took up|I have picked up / taken up	v
at tage ud	to go out / take out		2	tager ud|tog ud|taget ud		jeg tager ud|jeg tog ud|jeg er taget ud	I go out|I went out|I have gone out	v
at tale sandt	to tell the truth		2	taler sandt|talte sandt|talt sandt		jeg taler sandt|jeg talte sandt|jeg har talt sandt	I tell the truth|I told the truth|I have told the truth	v
at tilbede	to worship		4	tilbeder|tilbad|tilbedt		jeg tilbeder|jeg tilbad|jeg har tilbedt	I worship|I worshipped|I have worshipped	v
at tildele	to assign / award		4	tildeler|tildelte|tildelt		jeg tildeler|jeg tildelte|jeg har tildelt	I assign / award|I assigned / awarded|I have assigned / awarded	v
at tilpasse sig	to adapt		3	tilpasser sig|tilpassede sig|tilpasset sig		jeg tilpasser mig|jeg tilpassede mig|jeg har tilpasset mig	I adapt|I adapted|I have adapted	v
at tilstræbe	to strive for		4	tilstræber|tilstræbte|tilstræbt		jeg tilstræber|jeg tilstræbte|jeg har tilstræbt	I strive for|I strove for|I have striven for	v
at tolerere	to tolerate		4	tolererer|tolererede|tolereret		jeg tolererer|jeg tolererede|jeg har tolereret	I tolerate|I tolerated|I have tolerated	v
at trodse	to defy		4	trodser|trodsede|trodset		jeg trodser|jeg trodsede|jeg har trodset	I defy|I defied|I have defied	v
at træde tilbage	to step down / resign		3	træder tilbage|trådte tilbage|trådt tilbage		jeg træder tilbage|jeg trådte tilbage|jeg er trådt tilbage	I step down / resign|I stepped down / resigned|I have stepped down / resigned	v
at træffe en beslutning	to make a decision		3	træffer en beslutning|traf en beslutning|truffet en beslutning		jeg træffer en beslutning|jeg traf en beslutning|jeg har truffet en beslutning	I make a decision|I made a decision|I have made a decision	v
at tyde	to interpret		4	tyder|tydede|tydet		jeg tyder|jeg tydede|jeg har tydet	I interpret|I interpreted|I have interpreted	v
at udbetale	to pay out	MB	3	udbetaler|udbetalte|udbetalt		jeg udbetaler|jeg udbetalte|jeg har udbetalt	I pay out|I paid out|I have paid out	v
at udelade	to leave out		4	udelader|udelod|udeladt		jeg udelader|jeg udelod|jeg har udeladt	I leave out|I left out|I have left out	v
at udgå	to be dropped / originate		4	udgår|udgik|udgået		jeg udgår|jeg udgik|jeg er udgået	I am dropped / originate|I was dropped / originated|I have been dropped / originated	v
at udløbe	to expire		3	udløber|udløb|udløbet		det udløber|det udløb|det er udløbet	it expires|it expired|it has expired	v
at udmærke sig	to excel		4	udmærker sig|udmærkede sig|udmærket sig		jeg udmærker mig|jeg udmærkede mig|jeg har udmærket mig	I excel|I excelled|I have excelled	v
at udsende	to broadcast / send out		4	udsender|udsendte|udsendt		jeg udsender|jeg udsendte|jeg har udsendt	I broadcast / send out|I broadcast / sent out|I have broadcast / sent out	v
at udveksle	to exchange		3	udveksler|udvekslede|udvekslet		jeg udveksler|jeg udvekslede|jeg har udvekslet	I exchange|I exchanged|I have exchanged	v
at undertrykke	to suppress / oppress		4	undertrykker|undertrykte|undertrykt		jeg undertrykker|jeg undertrykte|jeg har undertrykt	I suppress / oppress|I suppressed / oppressed|I have suppressed / oppressed	v
at vade	to wade		4	vader|vadede|vadet		jeg vader|jeg vadede|jeg har vadet	I wade|I waded|I have waded	v
at variere	to vary		3	varierer|varierede|varieret		jeg varierer|jeg varierede|jeg har varieret	I vary|I varied|I have varied	v
at vaske sig	to wash (oneself)		2	vasker sig|vaskede sig|vasket sig		jeg vasker mig|jeg vaskede mig|jeg har vasket mig	I wash (oneself)|I washed (oneself)|I have washed (oneself)	v
at vedkende sig	to acknowledge		4	vedkender sig|vedkendte sig|vedkendt sig		jeg vedkender mig|jeg vedkendte mig|jeg har vedkendt mig	I acknowledge|I acknowledged|I have acknowledged	v
at vedrøre	to concern		4	vedrører|vedrørte|vedrørt		det vedrører|det vedrørte|det har vedrørt	it concerns|it concerned|it has concerned	v
at veksle	to exchange (money)	MB	3	veksler|vekslede|vekslet		jeg veksler|jeg vekslede|jeg har vekslet	I exchange (money)|I exchanged (money)|I have exchanged (money)	v
at verificere	to verify		4	verificerer|verificerede|verificeret		jeg verificerer|jeg verificerede|jeg har verificeret	I verify|I verified|I have verified	v
at værne om	to protect / safeguard		4	værner om|værnede om|værnet om		jeg værner om|jeg værnede om|jeg har værnet om	I protect / safeguard|I protected / safeguarded|I have protected / safeguarded	v
at yde	to provide / perform		3	yder|ydede|ydet		jeg yder|jeg ydede|jeg har ydet	I provide / perform|I provided / performed|I have provided / performed	v
at ytre	to express / utter		4	ytrer|ytrede|ytret		jeg ytrer|jeg ytrede|jeg har ytret	I express / utter|I expressed / uttered|I have expressed / uttered	v
at æde	to eat (animals)		2	æder|åd|ædt		jeg æder|jeg åd|jeg har ædt	I eat (animals)|I ate (animals)|I have eaten (animals)	v
at ændre sig	to change		2	ændrer sig|ændrede sig|ændret sig		jeg ændrer mig|jeg ændrede mig|jeg har ændret mig	I change|I changed|I have changed	v
at øse	to scoop / pour		3	øser|øste|øst		jeg øser|jeg øste|jeg har øst	I scoop / pour|I scooped / poured|I have scooped / poured	v
at angribe	to attack		3	angriber|angreb|angrebet		jeg angriber|jeg angreb|jeg har angrebet	I attack|I attacked|I have attacked	v
at barbere	to shave		3	barberer|barberede|barberet		jeg barberer|jeg barberede|jeg har barberet	I shave|I shaved|I have shaved	v
at dø	to die		1	dør|døde|død		jeg dør|jeg døde|jeg er død	I die|I died|I have died	v
at eksplodere	to explode		2	eksploderer|eksploderede|eksploderet		jeg eksploderer|jeg eksploderede|jeg har eksploderet	I explode|I exploded|I have exploded	v
at filme	to film		2	filmer|filmede|filmet		jeg filmer|jeg filmede|jeg har filmet	I film|I filmed|I have filmed	v
at forlade	to leave		2	forlader|forlod|forladt		jeg forlader|jeg forlod|jeg har forladt	I leave|I left|I have left	v
at fortælle	to tell		1	fortæller|fortalte|fortalt		jeg fortæller|jeg fortalte|jeg har fortalt	I tell|I told|I have told	v
at hedde	to be called		1	hedder|hed|heddet		jeg hedder|jeg hed|jeg har heddet	I am called|I was called|I have been called	v
at lide	to suffer		2	lider|led|lidt		jeg lider|jeg led|jeg har lidt	I suffer|I suffered|I have suffered	v
at plyndre	to plunder / loot		4	plyndrer|plyndrede|plyndret		jeg plyndrer|jeg plyndrede|jeg har plyndret	I plunder / loot|I plundered / looted|I have plundered / looted	v
at putte	to put		2	putter|puttede|puttet		jeg putter|jeg puttede|jeg har puttet	I put|I put|I have put	v
at rense	to clean		2	renser|rensede|renset		jeg renser|jeg rensede|jeg har renset	I clean|I cleaned|I have cleaned	v
at skille	to separate		2	skiller|skilte|skilt		jeg skiller|jeg skilte|jeg har skilt	I separate|I separated|I have separated	v
at slappe af	to relax		2	slapper af|slappede af|slappet af		jeg slapper af|jeg slappede af|jeg har slappet af	I relax|I relaxed|I have relaxed	v
at sluge	to swallow		2	sluger|slugte|slugt		jeg sluger|jeg slugte|jeg har slugt	I swallow|I swallowed|I have swallowed	v
at smelte	to melt		2	smelter|smeltede|smeltet		jeg smelter|jeg smeltede|jeg har smeltet	I melt|I melted|I have melted	v
at sparke	to kick		2	sparker|sparkede|sparket		jeg sparker|jeg sparkede|jeg har sparket	I kick|I kicked|I have kicked	v
at sy	to sew		2	syr|syede|syet		jeg syr|jeg syede|jeg har syet	I sew|I sewed|I have sewn	v
at tørre	to dry		2	tørrer|tørrede|tørret		jeg tørrer|jeg tørrede|jeg har tørret	I dry|I dried|I have dried	v
at være med	to take part / be in on it		2	er med|var med|været med		jeg er med|jeg var med|jeg har været med	I take part / am in on it|I took part / was in on it|I have taken part / been in on it	v
at gå ned	to go down		2	går ned|gik ned|gået ned		jeg går ned|jeg gik ned|jeg er gået ned	I go down|I went down|I have gone down	v
at gå op	to go up		2	går op|gik op|gået op		jeg går op|jeg gik op|jeg er gået op	I go up|I went up|I have gone up	v
at gå hjem	to go home		1	går hjem|gik hjem|gået hjem		jeg går hjem|jeg gik hjem|jeg er gået hjem	I go home|I went home|I have gone home	v
at gå rundt	to walk around		2	går rundt|gik rundt|gået rundt		jeg går rundt|jeg gik rundt|jeg har gået rundt	I walk around|I walked around|I have walked around	v
at gå igennem	to go through		2	går igennem|gik igennem|gået igennem		jeg går igennem|jeg gik igennem|jeg har gået igennem	I go through|I went through|I have gone through	v
at gå tilbage	to go back		2	går tilbage|gik tilbage|gået tilbage		jeg går tilbage|jeg gik tilbage|jeg er gået tilbage	I go back|I went back|I have gone back	v
at komme hjem	to come home		1	kommer hjem|kom hjem|kommet hjem		jeg kommer hjem|jeg kom hjem|jeg er kommet hjem	I come home|I came home|I have come home	v
at komme forbi	to come by		2	kommer forbi|kom forbi|kommet forbi		jeg kommer forbi|jeg kom forbi|jeg er kommet forbi	I come by|I came by|I have come by	v
at komme op	to come up / get up		2	kommer op|kom op|kommet op		jeg kommer op|jeg kom op|jeg er kommet op	I come up / get up|I came up / got up|I have come up / gotten up	v
at komme ned	to come down		2	kommer ned|kom ned|kommet ned		jeg kommer ned|jeg kom ned|jeg er kommet ned	I come down|I came down|I have come down	v
at løbe ind i	to run into		2	løber ind i|løb ind i|løbet ind i		jeg løber ind i|jeg løb ind i|jeg har løbet ind i	I run into|I ran into|I have run into	v
at løbe efter	to run after		2	løber efter|løb efter|løbet efter		jeg løber efter|jeg løb efter|jeg har løbet efter	I run after|I ran after|I have run after	v
at køre forbi	to drive past		2	kører forbi|kørte forbi|kørt forbi		jeg kører forbi|jeg kørte forbi|jeg er kørt forbi	I drive past|I drove past|I have driven past	v
at køre hjem	to drive home		1	kører hjem|kørte hjem|kørt hjem		jeg kører hjem|jeg kørte hjem|jeg er kørt hjem	I drive home|I drove home|I have driven home	v
at sætte på	to put on		2	sætter på|satte på|sat på		jeg sætter på|jeg satte på|jeg har sat på	I put on|I put on|I have put on	v
at sætte ind	to put in / deposit		2	sætter ind|satte ind|sat ind		jeg sætter ind|jeg satte ind|jeg har sat ind	I put in / deposit|I put in / deposited|I have put in / deposited	v
at sætte i gang	to start / launch		2	sætter i gang|satte i gang|sat i gang		jeg sætter i gang|jeg satte i gang|jeg har sat i gang	I start / launch|I started / launched|I have started / launched	v
at stille op	to line up / run (for office)		3	stiller op|stillede op|stillet op		jeg stiller op|jeg stillede op|jeg har stillet op	I line up / run (for office)|I lined up / ran (for office)|I have lined up / run (for office)	v
at tage af sted	to set off		2	tager af sted|tog af sted|taget af sted		jeg tager af sted|jeg tog af sted|jeg er taget af sted	I set off|I set off|I have set off	v
at tage fri	to take time off		2	tager fri|tog fri|taget fri		jeg tager fri|jeg tog fri|jeg har taget fri	I take time off|I took time off|I have taken time off	v
at tage på ferie	to go on vacation		2	tager på ferie|tog på ferie|taget på ferie		jeg tager på ferie|jeg tog på ferie|jeg er taget på ferie	I go on vacation|I went on vacation|I have gone on vacation	v
at tage et billede	to take a picture		2	tager et billede|tog et billede|taget et billede		jeg tager et billede|jeg tog et billede|jeg har taget et billede	I take a picture|I took a picture|I have taken a picture	v
at give besked	to let someone know		2	giver besked|gav besked|givet besked		jeg giver besked|jeg gav besked|jeg har givet besked	I let someone know|I let someone know|I have let someone know	v
at få besked	to be notified		2	får besked|fik besked|fået besked		jeg får besked|jeg fik besked|jeg har fået besked	I am notified|I was notified|I have been notified	v
at få fri	to get off (work / school)		2	får fri|fik fri|fået fri		jeg får fri|jeg fik fri|jeg har fået fri	I get off (work / school)|I got off (work / school)|I have gotten off (work / school)	v
at få travlt	to get busy		2	får travlt|fik travlt|fået travlt		jeg får travlt|jeg fik travlt|jeg har fået travlt	I get busy|I got busy|I have gotten busy	v
at få tid	to find time		2	får tid|fik tid|fået tid		jeg får tid|jeg fik tid|jeg har fået tid	I find time|I found time|I have found time	v
at få hjælp	to get help		1	får hjælp|fik hjælp|fået hjælp		jeg får hjælp|jeg fik hjælp|jeg har fået hjælp	I get help|I got help|I have gotten help	v
at få lyst til	to feel like		2	får lyst til|fik lyst til|fået lyst til		jeg får lyst til|jeg fik lyst til|jeg har fået lyst til	I feel like|I felt like|I have felt like	v
at holde pause	to take a break		2	holder pause|holdt pause|holdt pause		jeg holder pause|jeg holdt pause|jeg har holdt pause	I take a break|I took a break|I have taken a break	v
at holde ferie	to be on vacation		2	holder ferie|holdt ferie|holdt ferie		jeg holder ferie|jeg holdt ferie|jeg har holdt ferie	I am on vacation|I was on vacation|I have been on vacation	v
at holde fest	to throw a party		2	holder fest|holdt fest|holdt fest		jeg holder fest|jeg holdt fest|jeg har holdt fest	I throw a party|I threw a party|I have thrown a party	v
at holde styr på	to keep track of		2	holder styr på|holdt styr på|holdt styr på		jeg holder styr på|jeg holdt styr på|jeg har holdt styr på	I keep track of|I kept track of|I have kept track of	v
at holde sig i form	to stay in shape		2	holder sig i form|holdt sig i form|holdt sig i form		jeg holder mig i form|jeg holdt mig i form|jeg har holdt mig i form	I stay in shape|I stayed in shape|I have stayed in shape	v
at holde op med	to stop doing		2	holder op med|holdt op med|holdt op med		jeg holder op med|jeg holdt op med|jeg har holdt op med	I stop doing|I stopped doing|I have stopped doing	v
at lægge planer	to make plans		2	lægger planer|lagde planer|lagt planer		jeg lægger planer|jeg lagde planer|jeg har lagt planer	I make plans|I made plans|I have made plans	v
at lave sjov	to joke around		2	laver sjov|lavede sjov|lavet sjov		jeg laver sjov|jeg lavede sjov|jeg har lavet sjov	I joke around|I joked around|I have joked around	v
at lave lektier	to do homework	SL	1	laver lektier|lavede lektier|lavet lektier		jeg laver lektier|jeg lavede lektier|jeg har lavet lektier	I do homework|I did homework|I have done homework	v
at lave om	to change / redo		2	laver om|lavede om|lavet om		jeg laver om|jeg lavede om|jeg har lavet om	I change / redo|I changed / redid|I have changed / redone	v
at lave en fejl	to make a mistake		2	laver en fejl|lavede en fejl|lavet en fejl		jeg laver en fejl|jeg lavede en fejl|jeg har lavet en fejl	I make a mistake|I made a mistake|I have made a mistake	v
at gøre klar	to get ready		2	gør klar|gjorde klar|gjort klar		jeg gør klar|jeg gjorde klar|jeg har gjort klar	I get ready|I got ready|I have gotten ready	v
at gøre færdig	to finish		2	gør færdig|gjorde færdig|gjort færdig		jeg gør færdig|jeg gjorde færdig|jeg har gjort færdig	I finish|I finished|I have finished	v
at gøre indtryk	to make an impression		3	gør indtryk|gjorde indtryk|gjort indtryk		jeg gør indtryk|jeg gjorde indtryk|jeg har gjort indtryk	I make an impression|I made an impression|I have made an impression	v
at gøre noget ved	to do something about		2	gør noget ved|gjorde noget ved|gjort noget ved		jeg gør noget ved|jeg gjorde noget ved|jeg har gjort noget ved	I do something about|I did something about|I have done something about	v
at se efter	to look for / check		2	ser efter|så efter|set efter		jeg ser efter|jeg så efter|jeg har set efter	I look for / check|I looked for / checked|I have looked for / checked	v
at se op til	to look up to		3	ser op til|så op til|set op til		jeg ser op til|jeg så op til|jeg har set op til	I look up to|I looked up to|I have looked up to	v
at se ned på	to look down on		3	ser ned på|så ned på|set ned på		jeg ser ned på|jeg så ned på|jeg har set ned på	I look down on|I looked down on|I have looked down on	v
at se bort fra	to disregard		3	ser bort fra|så bort fra|set bort fra		jeg ser bort fra|jeg så bort fra|jeg har set bort fra	I disregard|I disregarded|I have disregarded	v
at se tilbage	to look back		2	ser tilbage|så tilbage|set tilbage		jeg ser tilbage|jeg så tilbage|jeg har set tilbage	I look back|I looked back|I have looked back	v
at høre om	to hear about		2	hører om|hørte om|hørt om		jeg hører om|jeg hørte om|jeg har hørt om	I hear about|I heard about|I have heard about	v
at høre fra	to hear from		2	hører fra|hørte fra|hørt fra		jeg hører fra|jeg hørte fra|jeg har hørt fra	I hear from|I heard from|I have heard from	v
at tale med	to talk to		1	taler med|talte med|talt med		jeg taler med|jeg talte med|jeg har talt med	I talk to|I talked to|I have talked to	v
at snakke om	to talk about		2	snakker om|snakkede om|snakket om		jeg snakker om|jeg snakkede om|jeg har snakket om	I talk about|I talked about|I have talked about	v
at spørge om	to ask about		2	spørger om|spurgte om|spurgt om		jeg spørger om|jeg spurgte om|jeg har spurgt om	I ask about|I asked about|I have asked about	v
at svare igen	to talk back		3	svarer igen|svarede igen|svaret igen		jeg svarer igen|jeg svarede igen|jeg har svaret igen	I talk back|I talked back|I have talked back	v
at skrive til	to write to		2	skriver til|skrev til|skrevet til		jeg skriver til|jeg skrev til|jeg har skrevet til	I write to|I wrote to|I have written to	v
at læse om	to read about		2	læser om|læste om|læst om		jeg læser om|jeg læste om|jeg har læst om	I read about|I read about|I have read about	v
at tænke sig om	to think carefully		2	tænker sig om|tænkte sig om|tænkt sig om		jeg tænker mig om|jeg tænkte mig om|jeg har tænkt mig om	I think carefully|I thought carefully|I have thought carefully	v
at vente på	to wait for		1	venter på|ventede på|ventet på		jeg venter på|jeg ventede på|jeg har ventet på	I wait for|I waited for|I have waited for	v
at passe til	to go with / suit		2	passer til|passede til|passet til		jeg passer til|jeg passede til|jeg har passet til	I go with / suit|I went with / suited|I have gone with / suited	v
at passe ind	to fit in		2	passer ind|passede ind|passet ind		jeg passer ind|jeg passede ind|jeg har passet ind	I fit in|I fit in|I have fit in	v
at ringe til	to call (someone)		1	ringer til|ringede til|ringet til		jeg ringer til|jeg ringede til|jeg har ringet til	I call (someone)|I called (someone)|I have called (someone)	v
at betale for	to pay for	MB	2	betaler for|betalte for|betalt for		jeg betaler for|jeg betalte for|jeg har betalt for	I pay for|I paid for|I have paid for	v
at spare på	to save on		2	sparer på|sparede på|sparet på		jeg sparer på|jeg sparede på|jeg har sparet på	I save on|I saved on|I have saved on	v
at stemme på	to vote for	SP	2	stemmer på|stemte på|stemt på		jeg stemmer på|jeg stemte på|jeg har stemt på	I vote for|I voted for|I have voted for	v
at kæmpe for	to fight for		2	kæmper for|kæmpede for|kæmpet for		jeg kæmper for|jeg kæmpede for|jeg har kæmpet for	I fight for|I fought for|I have fought for	v
at arbejde med	to work with	WJ	2	arbejder med|arbejdede med|arbejdet med		jeg arbejder med|jeg arbejdede med|jeg har arbejdet med	I work with|I worked with|I have worked with	v
at arbejde på	to work on	WJ	2	arbejder på|arbejdede på|arbejdet på		jeg arbejder på|jeg arbejdede på|jeg har arbejdet på	I work on|I worked on|I have worked on	v
at interessere	to interest		2	interesserer|interesserede|interesseret		jeg interesserer|jeg interesserede|jeg har interesseret	I interest|I interested|I have interested	v
at vænne sig af med	to get out of the habit of		3	vænner sig af med|vænnede sig af med|vænnet sig af med		jeg vænner mig af med|jeg vænnede mig af med|jeg har vænnet mig af med	I get out of the habit of|I got out of the habit of|I have gotten out of the habit of	v
at melde afbud	to cancel (not attend)		2	melder afbud|meldte afbud|meldt afbud		jeg melder afbud|jeg meldte afbud|jeg har meldt afbud	I cancel (not attend)|I canceled (not attend)|I have canceled (not attend)	v
at melde sig syg	to call in sick		2	melder sig syg|meldte sig syg|meldt sig syg		jeg melder mig syg|jeg meldte mig syg|jeg har meldt mig syg	I call in sick|I called in sick|I have called in sick	v
at sove længe	to sleep in		2	sover længe|sov længe|sovet længe		jeg sover længe|jeg sov længe|jeg har sovet længe	I sleep in|I slept in|I have slept in	v
at blive hjemme	to stay home		2	bliver hjemme|blev hjemme|blevet hjemme		jeg bliver hjemme|jeg blev hjemme|jeg er blevet hjemme	I stay home|I stayed home|I have stayed home	v
at blive væk	to stay away / go missing		2	bliver væk|blev væk|blevet væk		jeg bliver væk|jeg blev væk|jeg er blevet væk	I stay away / go missing|I stayed away / went missing|I have stayed away / gone missing	v
at blive enige	to agree		2	bliver enige|blev enige|blevet enige		vi bliver enige|vi blev enige|vi er blevet enige	we agree|we agreed|we have agreed	v
at blive træt	to get tired		1	bliver træt|blev træt|blevet træt		jeg bliver træt|jeg blev træt|jeg er blevet træt	I get tired|I got tired|I have gotten tired	v
at blive bange	to get scared		1	bliver bange|blev bange|blevet bange		jeg bliver bange|jeg blev bange|jeg er blevet bange	I get scared|I got scared|I have gotten scared	v
at blive overrasket	to be surprised		2	bliver overrasket|blev overrasket|blevet overrasket		jeg bliver overrasket|jeg blev overrasket|jeg er blevet overrasket	I am surprised|I was surprised|I have been surprised	v
at blive til	to become / turn into		2	bliver til|blev til|blevet til		jeg bliver til|jeg blev til|jeg er blevet til	I become / turn into|I became / turned into|I have become / turned into	v
at ende med	to end up with		2	ender med|endte med|endt med		jeg ender med|jeg endte med|jeg er endt med	I end up with|I ended up with|I have ended up with	v
at starte på	to start on		2	starter på|startede på|startet på		jeg starter på|jeg startede på|jeg har startet på	I start on|I started on|I have started on	v
at begynde på	to begin on		2	begynder på|begyndte på|begyndt på		jeg begynder på|jeg begyndte på|jeg har begyndt på	I begin on|I began on|I have begun on	v
at fortsætte med	to continue with		2	fortsætter med|fortsatte med|fortsat med		jeg fortsætter med|jeg fortsatte med|jeg har fortsat med	I continue with|I continued with|I have continued with	v
at hjælpe med	to help with		2	hjælper med|hjalp med|hjulpet med		jeg hjælper med|jeg hjalp med|jeg har hjulpet med	I help with|I helped with|I have helped with	v
at lade som om	to pretend		2	lader som om|lod som om|ladet som om		jeg lader som om|jeg lod som om|jeg har ladet som om	I pretend|I pretended|I have pretended	v
at være vild med	to be crazy about		2	er vild med|var vild med|været vild med		jeg er vild med|jeg var vild med|jeg har været vild med	I am crazy about|I was crazy about|I have been crazy about	v
at være træt af	to be tired of		2	er træt af|var træt af|været træt af		jeg er træt af|jeg var træt af|jeg har været træt af	I am tired of|I was tired of|I have been tired of	v
at være i tvivl	to be in doubt		2	er i tvivl|var i tvivl|været i tvivl		jeg er i tvivl|jeg var i tvivl|jeg har været i tvivl	I am in doubt|I was in doubt|I have been in doubt	v
at være på vej	to be on one's way		2	er på vej|var på vej|været på vej		jeg er på vej|jeg var på vej|jeg har været på vej	I am on my way|I was on my way|I have been on my way	v
at være væk	to be gone		1	er væk|var væk|været væk		jeg er væk|jeg var væk|jeg har været væk	I am gone|I was gone|I have been gone	v
at være syg	to be sick	BH	1	er syg|var syg|været syg		jeg er syg|jeg var syg|jeg har været syg	I am sick|I was sick|I have been sick	v
at have det sjovt	to have fun		2	har det sjovt|havde det sjovt|haft det sjovt		jeg har det sjovt|jeg havde det sjovt|jeg har haft det sjovt	I have fun|I had fun|I have had fun	v
at have mulighed for	to have the opportunity to		2	har mulighed for|havde mulighed for|haft mulighed for		jeg har mulighed for|jeg havde mulighed for|jeg har haft mulighed for	I have the opportunity to|I had the opportunity to|I have had the opportunity to	v
at have tid til	to have time for		2	har tid til|havde tid til|haft tid til		jeg har tid til|jeg havde tid til|jeg har haft tid til	I have time for|I had time for|I have had time for	v
at have fødselsdag	to have a birthday		1	har fødselsdag|havde fødselsdag|haft fødselsdag		jeg har fødselsdag|jeg havde fødselsdag|jeg har haft fødselsdag	I have a birthday|I had a birthday|I have had a birthday	v
at have ansvar for	to be responsible for		2	har ansvar for|havde ansvar for|haft ansvar for		jeg har ansvar for|jeg havde ansvar for|jeg har haft ansvar for	I am responsible for|I was responsible for|I have been responsible for	v
at have noget imod	to mind / object to		2	har noget imod|havde noget imod|haft noget imod		jeg har noget imod|jeg havde noget imod|jeg har haft noget imod	I mind / object to|I minded / objected to|I have minded / objected to	v
at afkøle	to cool down		3	afkøler|afkølede|afkølet		jeg afkøler|jeg afkølede|jeg har afkølet	I cool down|I cooled down|I have cooled down	v
at afslå	to decline / refuse		3	afslår|afslog|afslået		jeg afslår|jeg afslog|jeg har afslået	I decline / refuse|I declined / refused|I have declined / refused	v
at afbøde	to mitigate		4	afbøder|afbødede|afbødet		jeg afbøder|jeg afbødede|jeg har afbødet	I mitigate|I mitigated|I have mitigated	v
at afkræfte	to disprove		4	afkræfter|afkræftede|afkræftet		jeg afkræfter|jeg afkræftede|jeg har afkræftet	I disprove|I disproved|I have disproved	v
at aflaste	to relieve (a burden)		4	aflaster|aflastede|aflastet		jeg aflaster|jeg aflastede|jeg har aflastet	I relieve (a burden)|I relieved (a burden)|I have relieved (a burden)	v
at aflægge	to pay (a visit) / take (an oath)		4	aflægger|aflagde|aflagt		jeg aflægger|jeg aflagde|jeg har aflagt	I pay (a visit) / take (an oath)|I paid (a visit) / took (an oath)|I have paid (a visit) / taken (an oath)	v
at afmontere	to dismantle		4	afmonterer|afmonterede|afmonteret		jeg afmonterer|jeg afmonterede|jeg har afmonteret	I dismantle|I dismantled|I have dismantled	v
at afsætte	to set aside / sell		4	afsætter|afsatte|afsat		jeg afsætter|jeg afsatte|jeg har afsat	I set aside / sell|I set aside / sold|I have set aside / sold	v
at afværge	to avert		4	afværger|afværgede|afværget		jeg afværger|jeg afværgede|jeg har afværget	I avert|I averted|I have averted	v
at anerkende	to recognize / acknowledge		3	anerkender|anerkendte|anerkendt		jeg anerkender|jeg anerkendte|jeg har anerkendt	I recognize / acknowledge|I recognized / acknowledged|I have recognized / acknowledged	v
at anlægge	to construct / file (a lawsuit)		4	anlægger|anlagde|anlagt		jeg anlægger|jeg anlagde|jeg har anlagt	I construct / file (a lawsuit)|I constructed / filed (a lawsuit)|I have constructed / filed (a lawsuit)	v
at appellere	to appeal		4	appellerer|appellerede|appelleret		jeg appellerer|jeg appellerede|jeg har appelleret	I appeal|I appealed|I have appealed	v
at bagatellisere	to downplay		4	bagatelliserer|bagatelliserede|bagatelliseret		jeg bagatelliserer|jeg bagatelliserede|jeg har bagatelliseret	I downplay|I downplayed|I have downplayed	v
at balancere	to balance		3	balancerer|balancerede|balanceret		jeg balancerer|jeg balancerede|jeg har balanceret	I balance|I balanced|I have balanced	v
at bearbejde	to process / work on		4	bearbejder|bearbejdede|bearbejdet		jeg bearbejder|jeg bearbejdede|jeg har bearbejdet	I process / work on|I processed / worked on|I have processed / worked on	v
at bedømme	to judge / assess		3	bedømmer|bedømte|bedømt		jeg bedømmer|jeg bedømte|jeg har bedømt	I judge / assess|I judged / assessed|I have judged / assessed	v
at begunstige	to favor		4	begunstiger|begunstigede|begunstiget		jeg begunstiger|jeg begunstigede|jeg har begunstiget	I favor|I favored|I have favored	v
at beherske	to master / control		4	behersker|beherskede|behersket		jeg behersker|jeg beherskede|jeg har behersket	I master / control|I mastered / controlled|I have mastered / controlled	v
at belære	to lecture (someone)		4	belærer|belærte|belært		jeg belærer|jeg belærte|jeg har belært	I lecture (someone)|I lectured (someone)|I have lectured (someone)	v
at berige	to enrich		4	beriger|berigede|beriget		jeg beriger|jeg berigede|jeg har beriget	I enrich|I enriched|I have enriched	v
at beskadige	to damage		3	beskadiger|beskadigede|beskadiget		jeg beskadiger|jeg beskadigede|jeg har beskadiget	I damage|I damaged|I have damaged	v
at beslutte sig	to decide		2	beslutter sig|besluttede sig|besluttet sig		jeg beslutter mig|jeg besluttede mig|jeg har besluttet mig	I decide|I decided|I have decided	v
at bestræbe sig	to strive		4	bestræber sig|bestræbte sig|bestræbt sig		jeg bestræber mig|jeg bestræbte mig|jeg har bestræbt mig	I strive|I strove|I have striven	v
at betale tilbage	to pay back	MB	2	betaler tilbage|betalte tilbage|betalt tilbage		jeg betaler tilbage|jeg betalte tilbage|jeg har betalt tilbage	I pay back|I paid back|I have paid back	v
at betegne	to denote / describe		4	betegner|betegnede|betegnet		jeg betegner|jeg betegnede|jeg har betegnet	I denote / describe|I denoted / described|I have denoted / described	v
at bevæge	to move		2	bevæger|bevægede|bevæget		jeg bevæger|jeg bevægede|jeg har bevæget	I move|I moved|I have moved	v
at bistå	to assist		4	bistår|bistod|bistået		jeg bistår|jeg bistod|jeg har bistået	I assist|I assisted|I have assisted	v
at blotlægge	to expose		4	blotlægger|blotlagde|blotlagt		jeg blotlægger|jeg blotlagde|jeg har blotlagt	I expose|I exposed|I have exposed	v
at brænde ud	to burn out		3	brænder ud|brændte ud|brændt ud		jeg brænder ud|jeg brændte ud|jeg er brændt ud	I burn out|I burned out|I have burned out	v
at bygge på	to build on / add on		2	bygger på|byggede på|bygget på		jeg bygger på|jeg byggede på|jeg har bygget på	I build on / add on|I built on / added on|I have built on / added on	v
at dække over	to cover up		3	dækker over|dækkede over|dækket over		jeg dækker over|jeg dækkede over|jeg har dækket over	I cover up|I covered up|I have covered up	v
at drage	to draw (a conclusion) / go		4	drager|drog|draget		jeg drager|jeg drog|jeg har draget	I draw (a conclusion) / go|I drew (a conclusion) / went|I have drawn (a conclusion) / gone	v
at efterkomme	to comply with		4	efterkommer|efterkom|efterkommet		jeg efterkommer|jeg efterkom|jeg har efterkommet	I comply with|I complied with|I have complied with	v
at efterspørge	to demand / ask for		4	efterspørger|efterspurgte|efterspurgt		jeg efterspørger|jeg efterspurgte|jeg har efterspurgt	I demand / ask for|I demanded / asked for|I have demanded / asked for	v
at engagere sig	to get involved		3	engagerer sig|engagerede sig|engageret sig		jeg engagerer mig|jeg engagerede mig|jeg har engageret mig	I get involved|I got involved|I have gotten involved	v
at fastsætte	to fix / set		4	fastsætter|fastsatte|fastsat		jeg fastsætter|jeg fastsatte|jeg har fastsat	I fix / set|I fixed / set|I have fixed / set	v
at forankre	to anchor		4	forankrer|forankrede|forankret		jeg forankrer|jeg forankrede|jeg har forankret	I anchor|I anchored|I have anchored	v
at forbeholde	to reserve		4	forbeholder|forbeholdt|forbeholdt		jeg forbeholder|jeg forbeholdt|jeg har forbeholdt	I reserve|I reserved|I have reserved	v
at fordoble	to double		3	fordobler|fordoblede|fordoblet		jeg fordobler|jeg fordoblede|jeg har fordoblet	I double|I doubled|I have doubled	v
at fordybe sig	to immerse oneself		4	fordyber sig|fordybede sig|fordybet sig		jeg fordyber mig|jeg fordybede mig|jeg har fordybet mig	I immerse myself|I immersed myself|I have immersed myself	v
at forenkle	to simplify		3	forenkler|forenklede|forenklet		jeg forenkler|jeg forenklede|jeg har forenklet	I simplify|I simplified|I have simplified	v
at forføre	to seduce		4	forfører|forførte|forført		jeg forfører|jeg forførte|jeg har forført	I seduce|I seduced|I have seduced	v
at forkorte	to shorten		3	forkorter|forkortede|forkortet		jeg forkorter|jeg forkortede|jeg har forkortet	I shorten|I shortened|I have shortened	v
at formidle	to convey / mediate		3	formidler|formidlede|formidlet		jeg formidler|jeg formidlede|jeg har formidlet	I convey / mediate|I conveyed / mediated|I have conveyed / mediated	v
at forpligte	to commit / oblige		4	forpligter|forpligtede|forpligtet		jeg forpligter|jeg forpligtede|jeg har forpligtet	I commit / oblige|I committed / obliged|I have committed / obliged	v
at forskyde	to shift / displace		4	forskyder|forskød|forskudt		jeg forskyder|jeg forskød|jeg har forskudt	I shift / postpone|I shifted / postponed|I have shifted / postponed	v
at forstærke	to reinforce		3	forstærker|forstærkede|forstærket		jeg forstærker|jeg forstærkede|jeg har forstærket	I reinforce|I reinforced|I have reinforced	v
at fortie	to conceal / keep quiet about		4	fortier|fortav|fortiet		jeg fortier|jeg fortav|jeg har fortiet	I conceal / keep quiet about|I concealed / kept quiet about|I have concealed / kept quiet about	v
at fremkomme	to emerge / appear		4	fremkommer|fremkom|fremkommet		jeg fremkommer|jeg fremkom|jeg er fremkommet	I emerge / appear|I emerged / appeared|I have emerged / appeared	v
at fremlægge	to present		3	fremlægger|fremlagde|fremlagt		jeg fremlægger|jeg fremlagde|jeg har fremlagt	I present|I presented|I have presented	v
at fritage	to exempt		4	fritager|fritog|fritaget		jeg fritager|jeg fritog|jeg har fritaget	I exempt|I exempted|I have exempted	v
at fuldende	to complete		4	fuldender|fuldendte|fuldendt		jeg fuldender|jeg fuldendte|jeg har fuldendt	I complete|I completed|I have completed	v
at genoverveje	to reconsider		3	genovervejer|genovervejede|genovervejet		jeg genovervejer|jeg genovervejede|jeg har genovervejet	I reconsider|I reconsidered|I have reconsidered	v
at gennemskue	to see through		4	gennemskuer|gennemskuede|gennemskuet		jeg gennemskuer|jeg gennemskuede|jeg har gennemskuet	I see through|I saw through|I have seen through	v
at godtage	to accept		4	godtager|godtog|godtaget		jeg godtager|jeg godtog|jeg har godtaget	I accept|I accepted|I have accepted	v
at harmonere	to harmonize		4	harmonerer|harmonerede|harmoneret		jeg harmonerer|jeg harmonerede|jeg har harmoneret	I harmonize|I harmonized|I have harmonized	v
at hævde sig	to assert oneself		4	hævder sig|hævdede sig|hævdet sig		jeg hævder mig|jeg hævdede mig|jeg har hævdet mig	I assert myself|I asserted myself|I have asserted myself	v
at iagttage	to observe		3	iagttager|iagttog|iagttaget		jeg iagttager|jeg iagttog|jeg har iagttaget	I observe|I observed|I have observed	v
at igangsætte	to initiate		4	igangsætter|igangsatte|igangsat		jeg igangsætter|jeg igangsatte|jeg har igangsat	I initiate|I initiated|I have initiated	v
at illustrere	to illustrate		3	illustrerer|illustrerede|illustreret		jeg illustrerer|jeg illustrerede|jeg har illustreret	I illustrate|I illustrated|I have illustrated	v
at implementere	to implement		3	implementerer|implementerede|implementeret		jeg implementerer|jeg implementerede|jeg har implementeret	I implement|I implemented|I have implemented	v
at indbyde	to invite		4	indbyder|indbød|indbudt		jeg indbyder|jeg indbød|jeg har indbudt	I invite|I invited|I have invited	v
at indfri	to fulfill / redeem		4	indfrier|indfriede|indfriet		jeg indfrier|jeg indfriede|jeg har indfriet	I fulfill / redeem|I fulfilled / redeemed|I have fulfilled / redeemed	v
at indgive	to submit / file		4	indgiver|indgav|indgivet		jeg indgiver|jeg indgav|jeg har indgivet	I submit / file|I submitted / filed|I have submitted / filed	v
at indkøbe	to purchase		4	indkøber|indkøbte|indkøbt		jeg indkøber|jeg indkøbte|jeg har indkøbt	I purchase|I purchased|I have purchased	v
at indskrænke	to restrict		4	indskrænker|indskrænkede|indskrænket		jeg indskrænker|jeg indskrænkede|jeg har indskrænket	I restrict|I restricted|I have restricted	v
at indstille sig på	to prepare for / adjust to		4	indstiller sig på|indstillede sig på|indstillet sig på		jeg indstiller mig på|jeg indstillede mig på|jeg har indstillet mig på	I prepare for / adjust to|I prepared for / adjusted to|I have prepared for / adjusted to	v
at intensivere	to intensify		4	intensiverer|intensiverede|intensiveret		jeg intensiverer|jeg intensiverede|jeg har intensiveret	I intensify|I intensified|I have intensified	v
at isolere	to isolate / insulate		3	isolerer|isolerede|isoleret		jeg isolerer|jeg isolerede|jeg har isoleret	I isolate / insulate|I isolated / insulated|I have isolated / insulated	v
at kategorisere	to categorize		4	kategoriserer|kategoriserede|kategoriseret		jeg kategoriserer|jeg kategoriserede|jeg har kategoriseret	I categorize|I categorized|I have categorized	v
at klassificere	to classify		4	klassificerer|klassificerede|klassificeret		jeg klassificerer|jeg klassificerede|jeg har klassificeret	I classify|I classified|I have classified	v
at kompensere	to compensate		3	kompenserer|kompenserede|kompenseret		jeg kompenserer|jeg kompenserede|jeg har kompenseret	I compensate|I compensated|I have compensated	v
at komplicere	to complicate		3	komplicerer|komplicerede|kompliceret		jeg komplicerer|jeg komplicerede|jeg har kompliceret	I complicate|I complicated|I have complicated	v
at koordinere	to coordinate		3	koordinerer|koordinerede|koordineret		jeg koordinerer|jeg koordinerede|jeg har koordineret	I coordinate|I coordinated|I have coordinated	v
at kortlægge	to map		4	kortlægger|kortlagde|kortlagt		jeg kortlægger|jeg kortlagde|jeg har kortlagt	I map|I mapped|I have mapped	v
at kvalificere	to qualify		3	kvalificerer|kvalificerede|kvalificeret		jeg kvalificerer|jeg kvalificerede|jeg har kvalificeret	I qualify|I qualified|I have qualified	v
at legitimere	to legitimize / show ID		4	legitimerer|legitimerede|legitimeret		jeg legitimerer|jeg legitimerede|jeg har legitimeret	I legitimize / show ID|I legitimized / showed ID|I have legitimized / shown ID	v
at lempe	to ease / relax (rules)		4	lemper|lempede|lempet		jeg lemper|jeg lempede|jeg har lempet	I ease / relax (rules)|I eased / relaxed (rules)|I have eased / relaxed (rules)	v
at lovgive	to legislate	SP	4	lovgiver|lovgav|lovgivet		jeg lovgiver|jeg lovgav|jeg har lovgivet	I legislate|I legislated|I have legislated	v
at modbevise	to disprove		4	modbeviser|modbeviste|modbevist		jeg modbeviser|jeg modbeviste|jeg har modbevist	I disprove|I disproved|I have disproved	v
at modvirke	to counteract		4	modvirker|modvirkede|modvirket		jeg modvirker|jeg modvirkede|jeg har modvirket	I counteract|I counteracted|I have counteracted	v
at nedbryde	to break down		4	nedbryder|nedbrød|nedbrudt		jeg nedbryder|jeg nedbrød|jeg har nedbrudt	I break down|I broke down|I have broken down	v
at nedkæmpe	to defeat / suppress		4	nedkæmper|nedkæmpede|nedkæmpet		jeg nedkæmper|jeg nedkæmpede|jeg har nedkæmpet	I defeat / suppress|I defeated / suppressed|I have defeated / suppressed	v
at omformulere	to rephrase		3	omformulerer|omformulerede|omformuleret		jeg omformulerer|jeg omformulerede|jeg har omformuleret	I rephrase|I rephrased|I have rephrased	v
at omgå	to bypass / get around		4	omgår|omgik|omgået		jeg omgår|jeg omgik|jeg har omgået	I bypass / get around|I bypassed / got around|I have bypassed / gotten around	v
at omstrukturere	to restructure		4	omstrukturerer|omstrukturerede|omstruktureret		jeg omstrukturerer|jeg omstrukturerede|jeg har omstruktureret	I restructure|I restructured|I have restructured	v
at opfange	to pick up / catch		4	opfanger|opfangede|opfanget		jeg opfanger|jeg opfangede|jeg har opfanget	I pick up / catch|I picked up / caught|I have picked up / caught	v
at opgøre	to calculate / settle		4	opgør|opgjorde|opgjort		jeg opgør|jeg opgjorde|jeg har opgjort	I calculate / settle|I calculated / settled|I have calculated / settled	v
at ophæve	to repeal / lift		4	ophæver|ophævede|ophævet		jeg ophæver|jeg ophævede|jeg har ophævet	I repeal / lift|I repealed / lifted|I have repealed / lifted	v
at oplære	to train		4	oplærer|oplærte|oplært		jeg oplærer|jeg oplærte|jeg har oplært	I train|I trained|I have trained	v
at opprioritere	to prioritize higher		4	opprioriterer|opprioriterede|opprioriteret		jeg opprioriterer|jeg opprioriterede|jeg har opprioriteret	I prioritize higher|I prioritized higher|I have prioritized higher	v
at optrappe	to escalate		4	optrapper|optrappede|optrappet		jeg optrapper|jeg optrappede|jeg har optrappet	I escalate|I escalated|I have escalated	v
at overkomme	to overcome / manage		4	overkommer|overkom|overkommet		jeg overkommer|jeg overkom|jeg har overkommet	I overcome / manage|I overcame / managed|I have overcome / managed	v
at overrække	to hand over / present		4	overrækker|overrakte|overrakt		jeg overrækker|jeg overrakte|jeg har overrakt	I hand over / present|I handed over / presented|I have handed over / presented	v
at overskue	to get an overview of		4	overskuer|overskuede|overskuet		jeg overskuer|jeg overskuede|jeg har overskuet	I get an overview of|I got an overview of|I have gotten an overview of	v
at overtræde	to violate		4	overtræder|overtrådte|overtrådt		jeg overtræder|jeg overtrådte|jeg har overtrådt	I violate|I violated|I have violated	v
at pålægge	to impose		4	pålægger|pålagde|pålagt		jeg pålægger|jeg pålagde|jeg har pålagt	I impose|I imposed|I have imposed	v
at påberåbe sig	to invoke		4	påberåber sig|påberåbte sig|påberåbt sig		jeg påberåber mig|jeg påberåbte mig|jeg har påberåbt mig	I invoke|I invoked|I have invoked	v
at rationalisere	to rationalize		4	rationaliserer|rationaliserede|rationaliseret		jeg rationaliserer|jeg rationaliserede|jeg har rationaliseret	I rationalize|I rationalized|I have rationalized	v
at rehabilitere	to rehabilitate		4	rehabiliterer|rehabiliterede|rehabiliteret		jeg rehabiliterer|jeg rehabiliterede|jeg har rehabiliteret	I rehabilitate|I rehabilitated|I have rehabilitated	v
at respondere	to respond		4	responderer|responderede|responderet		jeg responderer|jeg responderede|jeg har responderet	I respond|I responded|I have responded	v
at rådføre sig	to consult		4	rådfører sig|rådførte sig|rådført sig		jeg rådfører mig|jeg rådførte mig|jeg har rådført mig	I consult|I consulted|I have consulted	v
at sammenkalde	to convene		4	sammenkalder|sammenkaldte|sammenkaldt		jeg sammenkalder|jeg sammenkaldte|jeg har sammenkaldt	I convene|I convened|I have convened	v
at skærpe	to sharpen / tighten		4	skærper|skærpede|skærpet		jeg skærper|jeg skærpede|jeg har skærpet	I sharpen / tighten|I sharpened / tightened|I have sharpened / tightened	v
at slå igennem	to break through		3	slår igennem|slog igennem|slået igennem		jeg slår igennem|jeg slog igennem|jeg har slået igennem	I break through|I broke through|I have broken through	v
at slå ud	to knock out		3	slår ud|slog ud|slået ud		jeg slår ud|jeg slog ud|jeg har slået ud	I knock out|I knocked out|I have knocked out	v
at specialisere sig	to specialize		3	specialiserer sig|specialiserede sig|specialiseret sig		jeg specialiserer mig|jeg specialiserede mig|jeg har specialiseret mig	I specialize|I specialized|I have specialized	v
at stadfæste	to confirm / uphold		4	stadfæster|stadfæstede|stadfæstet		jeg stadfæster|jeg stadfæstede|jeg har stadfæstet	I confirm / uphold|I confirmed / upheld|I have confirmed / upheld	v
at stimulere	to stimulate		3	stimulerer|stimulerede|stimuleret		jeg stimulerer|jeg stimulerede|jeg har stimuleret	I stimulate|I stimulated|I have stimulated	v
at stræbe	to strive		4	stræber|stræbte|stræbt		jeg stræber|jeg stræbte|jeg har stræbt	I strive|I strove|I have striven	v
at supplere	to supplement		3	supplerer|supplerede|suppleret		jeg supplerer|jeg supplerede|jeg har suppleret	I supplement|I supplemented|I have supplemented	v
at søge efter	to search for		2	søger efter|søgte efter|søgt efter		jeg søger efter|jeg søgte efter|jeg har søgt efter	I search for|I searched for|I have searched for	v
at tilbagekalde	to recall / revoke		4	tilbagekalder|tilbagekaldte|tilbagekaldt		jeg tilbagekalder|jeg tilbagekaldte|jeg har tilbagekaldt	I recall / revoke|I recalled / revoked|I have recalled / revoked	v
at tilbagevise	to refute		4	tilbageviser|tilbageviste|tilbagevist		jeg tilbageviser|jeg tilbageviste|jeg har tilbagevist	I refute|I refuted|I have refuted	v
at tilskynde	to encourage		4	tilskynder|tilskyndede|tilskyndet		jeg tilskynder|jeg tilskyndede|jeg har tilskyndet	I encourage|I encouraged|I have encouraged	v
at tilsidesætte	to disregard / override		4	tilsidesætter|tilsidesatte|tilsidesat		jeg tilsidesætter|jeg tilsidesatte|jeg har tilsidesat	I disregard / override|I disregarded / overrode|I have disregarded / overridden	v
at transportere	to transport	TT	3	transporterer|transporterede|transporteret		jeg transporterer|jeg transporterede|jeg har transporteret	I transport|I transported|I have transported	v
at tvivle på	to doubt		2	tvivler på|tvivlede på|tvivlet på		jeg tvivler på|jeg tvivlede på|jeg har tvivlet på	I doubt|I doubted|I have doubted	v
at udbygge	to expand / extend		4	udbygger|udbyggede|udbygget		jeg udbygger|jeg udbyggede|jeg har udbygget	I expand / extend|I expanded / extended|I have expanded / extended	v
at udfase	to phase out		4	udfaser|udfasede|udfaset		jeg udfaser|jeg udfasede|jeg har udfaset	I phase out|I phased out|I have phased out	v
at udforme	to design / draft		4	udformer|udformede|udformet		jeg udformer|jeg udformede|jeg har udformet	I design / draft|I designed / drafted|I have designed / drafted	v
at udgrave	to excavate		4	udgraver|udgravede|udgravet		jeg udgraver|jeg udgravede|jeg har udgravet	I excavate|I excavated|I have excavated	v
at udstede	to issue		4	udsteder|udstedte|udstedt		jeg udsteder|jeg udstedte|jeg har udstedt	I issue|I issued|I have issued	v
at udstille	to exhibit		3	udstiller|udstillede|udstillet		jeg udstiller|jeg udstillede|jeg har udstillet	I exhibit|I exhibited|I have exhibited	v
at udvælge	to select		3	udvælger|udvalgte|udvalgt		jeg udvælger|jeg udvalgte|jeg har udvalgt	I select|I selected|I have selected	v
at underholde	to entertain		3	underholder|underholdt|underholdt		jeg underholder|jeg underholdt|jeg har underholdt	I entertain|I entertained|I have entertained	v
at underkaste sig	to submit to		4	underkaster sig|underkastede sig|underkastet sig		jeg underkaster mig|jeg underkastede mig|jeg har underkastet mig	I submit to|I submitted to|I have submitted to	v
at underminere	to undermine		4	underminerer|underminerede|undermineret		jeg underminerer|jeg underminerede|jeg har undermineret	I undermine|I undermined|I have undermined	v
at vende sig	to turn around		2	vender sig|vendte sig|vendt sig		jeg vender mig|jeg vendte mig|jeg har vendt mig	I turn around|I turned around|I have turned around	v
at videreføre	to continue		4	viderefører|videreførte|videreført		jeg viderefører|jeg videreførte|jeg har videreført	I continue|I continued|I have continued	v
at videregive	to pass on		4	videregiver|videregav|videregivet		jeg videregiver|jeg videregav|jeg har videregivet	I pass on|I passed on|I have passed on	v
at visualisere	to visualize		4	visualiserer|visualiserede|visualiseret		jeg visualiserer|jeg visualiserede|jeg har visualiseret	I visualize|I visualized|I have visualized	v
at ændre på	to change (something)		2	ændrer på|ændrede på|ændret på		jeg ændrer på|jeg ændrede på|jeg har ændret på	I change (something)|I changed (something)|I have changed (something)	v
et hus	a house	HH	1					n	huset|huse	the house|houses
en bil	a car	TT	1					n	bilen|biler	the car|cars
en by	a town	TS	1					n	byen|byer	the town|towns
et land	a country	CL	1					n	landet|lande	the country|countries
en verden	a world	WN	1					n	verdenen|verdener	the world|worlds
en gade	a street	TS	1					n	gaden|gader	the street|streets
en vej	a road	TS	1					n	vejen|veje	the road|roads
et hjem	a home	HH	1					n	hjemmet	the home
en dør	a door	HH	1					n	døren|døre	the door|doors
et vindue	a window	HH	1					n	vinduet|vinduer	the window|windows
et bord	a table	HH	1					n	bordet|borde	the table|tables
en stol	a chair	HH	1					n	stolen|stole	the chair|chairs
en seng	a bed	HH	1					n	sengen|senge	the bed|beds
et skab	a cupboard	HH	1					n	skabet|skabe	the cupboard|cupboards
et gulv	a floor	HH	1					n	gulvet|gulve	the floor|floors
et loft	a ceiling / attic	HH	2					n	loftet|lofter	the ceiling / the attic|ceilings / attics
en væg	a wall	HH	1					n	væggen|vægge	the wall|walls
et tag	a roof	HH	2					n	taget|tage	the roof|roofs
en have	a garden	HH	1					n	haven|haver	the garden|gardens
en skov	a forest	WN	1					n	skoven|skove	the forest|forests
en sø	a lake	WN	1					n	søen|søer	the lake|lakes
et hav	a sea	WN	1					n	havet|have	the sea|seas
en strand	a beach	WN	1					n	stranden|strande	the beach|beaches
et bjerg	a mountain	WN	1					n	bjerget|bjerge	the mountain|mountains
en bro	a bridge	TS	2					n	broen|broer	the bridge|bridges
en park	a park	TS	1					n	parken|parker	the park|parks
en butik	a shop	TS	1					n	butikken|butikker	the shop|shops
et marked	a market	TS	2					n	markedet|markeder	the market|markets
et kontor	an office	WJ	1					n	kontoret|kontorer	the office|offices
en skole	a school	SL	1					n	skolen|skoler	the school|schools
et universitet	a university	SL	2					n	universitetet|universiteter	the university|universities
et sygehus	a hospital	TS	2					n	sygehuset|sygehuse	the hospital|hospitals
en kirke	a church	TS	1					n	kirken|kirker	the church|churches
et museum	a museum	TS	1					n
et bibliotek	a library	TS	1					n	biblioteket|biblioteker	the library|libraries
en restaurant	a restaurant	TS	1					n	restauranten|restauranter	the restaurant|restaurants
en café	a café	TS	1					n	caféen|caféer	the café|cafés
et hotel	a hotel	TS	1					n	hotellet|hoteller	the hotel|hotels
en lufthavn	an airport	TT	1					n	lufthavnen|lufthavne	the airport|airports
en station	a station	TS	1					n	stationen|stationer	the station|stations
et tog	a train	TT	1					n	toget|tog	the train|trains
en bus	a bus	TT	1					n	bussen|busser	the bus|buses
et fly	a plane	TT	1					n	flyet|fly	the plane|planes
et skib	a ship	TT	2					n	skibet|skibe	the ship|ships
en cykel	a bicycle	TT	1					n	cyklen|cykler	the bicycle|bicycles
penge	money	MB	1		pl			n	pengene|penge	the money|money
en krone	a crown (currency)	MB	1					n	kronen|kroner	the crown (currency)|crowns (currency)
en regning	a bill	MB	1					n	regningen|regninger	the bill|bills
en pris	a price	MB	1					n	prisen|priser	the price|prices
en tid	a time	TC	1					n	tiden	the time
en dag	a day	TC	1					n	dagen|dage	the day|days
en uge	a week	TC	1					n	ugen|uger	the week|weeks
en måned	a month	TC	1					n	måneden|måneder	the month|months
et år	a year	TC	1					n	året|år	the year|years
en time	an hour	TC	1					n	timen|timer	the hour|hours
et minut	a minute	TC	1					n	minuttet|minutter	the minute|minutes
et sekund	a second	TC	1					n	sekundet|sekunder	the second|seconds
en morgen	a morning	TC	1					n	morgenen|morgener	the morning|mornings
en aften	an evening	TC	1					n	aftenen|aftener	the evening|evenings
en nat	a night	TC	1					n	natten|nætter	the night|nights
en sommer	a summer	TC	1					n	sommeren|somre	the summer|summers
en vinter	a winter	TC	1					n	vinteren|vintre	the winter|winters
et forår	a spring	TC	1					n	foråret	the spring
et efterår	an autumn	TC	1					n	efteråret	the autumn
vejr	weather	WN	1		et			n	vejret	the weather
en sol	a sun	WN	1					n	solen|sole	the sun|suns
en måne	a moon	WN	1					n	månen|måner	the moon|moons
en stjerne	a star	WN	1					n	stjernen|stjerner	the star|stars
en himmel	a sky	WN	1					n	himlen|himle	the sky|skies
en sky	a cloud	WN	1					n	skyen|skyer	the cloud|clouds
regn	rain	WN	1		et			n	regnet	the rain
sne	snow	WN	1		en			n
vind	wind	WN	1		en			n	vinden	the wind
luft	air	WN	1		en			n	luften	the air
vand	water	FD	1		et			n	vandet	the water
ild	fire	WN	1		en			n	ilden	the fire
jord	earth / soil	WN	1		en			n	jorden	the earth / the soil
en sten	a stone	WN	1					n	stenen|stene	the stone|stones
et træ	a tree / wood	WN	1					n	træet	the tree / the wood
en blomst	a flower	WN	1					n	blomsten|blomster	the flower|flowers
græs	grass	WN	1		et			n	græsset	the grass
et dyr	an animal	AN	1					n	dyret|dyr	the animal|animals
en hund	a dog	AN	1					n	hunden|hunde	the dog|dogs
en kat	a cat	AN	1					n	katten|katte	the cat|cats
en fugl	a bird	AN	1					n	fuglen|fugle	the bird|birds
en fisk	a fish	AN	1					n	fisken|fiske	the fish|fish
en hest	a horse	AN	1					n	hesten|heste	the horse|horses
en ko	a cow	AN	1					n	koen|køer	the cow|cows
en gris	a pig	AN	1					n	grisen|grise	the pig|pigs
et får	a sheep	AN	1					n	fåret|får	the sheep|sheep
en mus	a mouse	AN	1					n	musen|mus	the mouse|mice
et navn	a name	PF	1					n	navnet|navne	the name|names
et ord	a word	SL	1					n	ordet|ord	the word|words
et sprog	a language	CL	1					n	sproget|sprog	the language|languages
en bog	a book	SL	1					n	bogen|bøger	the book|books
en avis	a newspaper	TM	1					n	avisen|aviser	the newspaper|newspapers
et blad	a magazine / a leaf	TM	2					n	bladet|blade	the magazine / the leaf|magazines / leaves
et brev	a letter	TM	1					n	brevet|breve	the letter|letters
en historie	a story / history	SL	1					n	historien|historier	the story / the history|stories / histories
en idé	an idea	IO	1					n	idéen|idéer	the idea|ideas
et spørgsmål	a question	IO	1					n	spørgsmålet|spørgsmål	the question|questions
et svar	an answer	IO	1					n	svaret|svar	the answer|answers
et problem	a problem	IO	1					n	problemet|problemer	the problem|problems
en løsning	a solution	IO	2					n	løsningen|løsninger	the solution|solutions
en grund	a reason	IO	1					n	grunden|grunde	the reason|reasons
en måde	a way / manner	IO	1					n	måden|måder	the way / the manner|ways / manners
et sted	a place	TS	1					n	stedet|steder	the place|places
en retning	a direction	TT	2					n	retningen|retninger	the direction|directions
en side	a page / side		1					n	siden|sider	the page / the side|pages / sides
en del	a part		2					n	delen|dele	the part|parts
et stykke	a piece		1					n	stykket|stykker	the piece|pieces
en ting	a thing		1					n	tingen|ting	the thing|things
en sag	a matter / case	IO	2					n	sagen|sager	the matter / the case|matters / cases
en person	a person	PF	1					n	personen|personer	the person|people
et menneske	a human being	PF	1					n	mennesket|mennesker	the human being|human beings
et folk	a people	PF	2					n	folket|folk	the people|peoples
et samfund	a society	SP	2					n	samfundet|samfund	the society|societies
en regering	a government	SP	2					n	regeringen|regeringer	the government|governments
en politik	a policy	SP	2					n	politikken|politikker	the policy|policies
en lov	a law	SP	2					n	loven|love	the law|laws
en ret	a right / dish	SP	2					n	retten|retter	the right / the dish|rights / dishes
et job	a job	WJ	1					n	jobbet|job	the job|jobs
et firma	a company	MB	2					n	firmaet|firmaer	the company|companies
en virksomhed	a business	MB	2					n	virksomheden|virksomheder	the business|businesses
en chef	a boss	WJ	1					n	chefen|chefer	the boss|bosses
en kollega	a colleague	WJ	1					n	kollegaen|kolleger	the colleague|colleagues
et møde	a meeting	WJ	1					n	mødet|møder	the meeting|meetings
en aftale	an appointment / agreement	WJ	1					n	aftalen|aftaler	the appointment / the agreement|appointments / agreements
en plan	a plan	IO	1					n	planen|planer	the plan|plans
et mål	a goal	IO	2					n	målet|mål	the goal|goals
en drøm	a dream	IO	2					n	drømmen|drømme	the dream|dreams
håb	hope	IO	2		et			n	håbet	the hope
frygt	fear	FP	2		en			n	frygten	the fear
glæde	joy	FP	2		en			n	glæden	the joy
sorg	sorrow / grief	FP	2		en			n	sorgen	the sorrow / the grief
kærlighed	love	FP	2		en			n	kærligheden	the love
et venskab	a friendship	PF	2					n	venskabet|venskaber	the friendship|friendships
en familie	a family	PF	1					n	familien|familier	the family|families
en ven	a friend	PF	1					n	vennen|venner	the friend|friends
en fjende	an enemy	PF	2					n	fjenden|fjender	the enemy|enemies
en gæst	a guest	PF	1					n	gæsten|gæster	the guest|guests
en nabo	a neighbor	PF	1					n	naboen|naboer	the neighbor|neighbors
en fremmed	a stranger	PF	2					n
et arbejde	a job / work	WJ	1					n	arbejdet	the job / the work
en arbejdsgiver	an employer	WJ	2					n	arbejdsgiveren|arbejdsgivere	the employer|employers
en ekspert	an expert	WJ	2					n	eksperten|eksperter	the expert|experts
en amatør	an amateur	WJ	3					n	amatøren|amatører	the amateur|amateurs
en begynder	a beginner	WJ	2					n	begynderen|begyndere	the beginner|beginners
en veteran	a veteran	WJ	3					n	veteranen|veteraner	the veteran|veterans
en repræsentant	a representative	SP	3					n	repræsentanten|repræsentanter	the representative|representatives
en talsperson	a spokesperson	SP	4					n	talspersonen|talspersoner	the spokesperson|spokespeople
en deltager	a participant	PF	3					n	deltageren|deltagere	the participant|participants
en tilhænger	a supporter	SP	3					n	tilhængeren|tilhængere	the supporter|supporters
en kritiker	a critic	SP	3					n	kritikeren|kritikere	the critic|critics
en beundrer	an admirer	PF	3					n	beundreren|beundrere	the admirer|admirers
en autoritet	an authority	SP	3					n	autoriteten|autoriteter	the authority|authorities
en myndighed	an authority/agency	SP	3					n	myndigheden|myndigheder	the authority/agency|authority/agencies
en embedsmand	a civil servant	SP	4					n	embedsmanden|embedsmænd	the civil servant|civil servants
en iværksætter	an entrepreneur	MB	3					n	iværksætteren|iværksættere	the entrepreneur|entrepreneurs
en ejer	an owner	MB	2					n	ejeren|ejere	the owner|owners
et par	a couple / a pair		1					n	parret|par	the couple / the pair|couples / pairs
en chance	a chance	IO	2					n	chancen|chancer	the chance|chances
en plads	a place / room / square	TS	1					n	pladsen|pladser	the place / the room / the square|places / rooms / squares
en rest	a remainder / leftover		2					n	resten|rester	the remainder / the leftover|remainders / leftovers
et nummer	a number		1					n	nummeret|numre	the number|numbers
en masse	a lot / a mass		2					n	massen|masser	the lot / the mass|lots / masses
en kæmpe	a giant		2					n	kæmpen|kæmper	the giant|giants
en tjeneste	a favor / service		2					n	tjenesten|tjenester	the favor / the service|favors / services
et spor	a track / trace / clue		2					n	sporet|spor	the track / the trace / the clue|tracks / traces / clues
en stemme	a voice / vote		2					n	stemmen|stemmer	the voice / the vote|voices / votes
en kontakt	a contact / switch		2					n	kontakten|kontakter	the contact / the switch|contacts / switches
et tegn	a sign		2					n	tegnet|tegn	the sign|signs
adgang	access / entry		2		en			n	adgangen	the access / the entry
et hul	a hole		2					n	hullet|huller	the hole|holes
en form	a form / shape	CO	2					n	formen|former	the form / the shape|forms / shapes
en kontrol	a control / check		2					n	kontrollen|kontroller	the control / the check|controls / checks
et tilfælde	a case / coincidence	IO	2					n	tilfældet|tilfælde	the case / the coincidence|cases / coincidences
en oplysning	a piece of information		2					n	oplysningen|oplysninger	the piece of information|pieces of information
et skud	a shot		3					n	skuddet|skud	the shot|shots
et område	an area		2					n	området|områder	the area|areas
et skridt	a step		2					n	skridtet|skridt	the step|steps
en situation	a situation	IO	2					n	situationen|situationer	the situation|situations
et uheld	an accident / bad luck	IO	2					n	uheldet|uheld	the accident / the bad luck|accidents
en mester	a master / champion	FS	3					n	mesteren|mestre	the master / the champion|masters / champions
en mission	a mission	WJ	3					n	missionen|missioner	the mission|missions
et slag	a blow / battle		3					n	slaget|slag	the blow / the battle|blows / battles
ballade	trouble / fuss		2		en			n	balladen	the trouble / the fuss
et skilt	a sign (board)		2					n	skiltet|skilte	the sign (board)|signs (board)
en type	a type / guy		2					n	typen|typer	the type / the guy|types / guys
et bud	an offer / bid / command		3					n	buddet|bud	the offer / the bid / the command|offers / bids / commands
et system	a system	TM	2					n	systemet|systemer	the system|systems
information	information	TM	2		en			n	informationen	the information
en flok	a flock / crowd		2					n	flokken|flokke	the flock / the crowd|flocks / crowds
et bånd	a band / ribbon / tape / bond		3					n	båndet|bånd	the band / the ribbon / the tape / the bond|bands / ribbons / tapes / bonds
en omgang	a round / lap		3					n	omgangen|omgange	the round / the lap|rounds / laps
en tilstand	a condition / state	IO	3					n	tilstanden|tilstande	the condition / the state|conditions / states
en kugle	a bullet / ball	CO	3					n	kuglen|kugler	the bullet / the ball|bullets / balls
udstyr	equipment	HH	2		et			n	udstyret	the equipment
beskyttelse	protection	SP	2		en			n	beskyttelsen	the protection
en advarsel	a warning	SP	2					n	advarslen|advarsler	the warning|warnings
en bund	a bottom		2					n	bunden|bunde	the bottom|bottoms
en service	a service	WJ	2					n	servicen	the service
en kilde	a source / spring	SL	2					n	kilden|kilder	the source / the spring|sources / springs
et brud	a break / breach		3					n	bruddet|brud	the break / the breach|breaks / breaches
et punkt	a point (spot)		2					n	punktet|punkter	the point (spot)|points (spot)
en model	a model		2					n	modellen|modeller	the model|models
en lyd	a sound		2					n	lyden|lyde	the sound|sounds
en status	a status	IO	3					n	statussen|statusser	the status|statuses
en knibe	a fix / tight spot		4					n	kniben|kniber	the fix / the tight spot|fixes / tight spots
et trin	a step		3					n	trinet|trin	the step|steps
en dækning	a cover / coverage		3					n	dækningen|dækninger	the cover / the coverage|covers / coverages
en katastrofe	a disaster	IO	2					n	katastrofen|katastrofer	the disaster|disasters
en bevægelse	a movement		2					n	bevægelsen|bevægelser	the movement|movements
et væsen	a creature / being		3					n	væsenet|væsener	the creature / the being|creatures / beings
en favorit	a favorite	IO	2					n	favoritten|favoritter	the favorite|favorites
udkig	lookout		4		et			n	udkigget	the lookout
en sæk	a sack		3					n	sækken|sække	the sack|sacks
en base	a base		3					n	basen|baser	the base|bases
et materiale	a material		3					n	materialet|materialer	the material|materials
et middel	a means / remedy		3					n	midlet|midler	the means / the remedy|means / remedies
et tip	a tip		2					n	tippet|tip	the tip|tips
en lugt	a smell		2					n	lugten|lugte	the smell|smells
et bind	a volume / bandage		4					n	bindet|bind	the volume / the bandage|volumes / bandages
en baggrund	a background	IO	2					n	baggrunden|baggrunde	the background|backgrounds
et metal	a metal	WN	3					n	metallet|metaller	the metal|metals
en eksplosion	an explosion		3					n	eksplosionen|eksplosioner	the explosion|explosions
et skrig	a scream		3					n	skriget|skrig	the scream|screams
besvær	trouble / hassle		3		et			n	besværet	the trouble / the hassle
stilhed	silence		2		en			n	stilheden	the silence
larm	noise		2		en			n	larmen	the noise
et stød	a shock / jolt		3					n	stødet|stød	the shock / the jolt|shocks / jolts
et symbol	a symbol	SL	3					n	symbolet|symboler	the symbol|symbols
en zone	a zone		3					n	zonen|zoner	the zone|zones
et lag	a layer		3					n	laget|lag	the layer|layers
en forsyning	a supply	WJ	3					n	forsyningen|forsyninger	the supply|supplies
en kiste	a chest / coffin	HH	3					n	kisten|kister	the chest / the coffin|chests / coffins
en ændring	a change	IO	2					n	ændringen|ændringer	the change|changes
en pil	an arrow / willow		3					n	pilen|pile	the arrow / the willow|arrows / willows
et varsel	a notice / warning		4					n	varslet|varsler	the notice / the warning|notices / warnings
et reb	a rope	HH	3					n	rebet|reb	the rope|ropes
en rækkevidde	a range / reach		3					n	rækkevidden	the range / the reach
jern	iron	WN	3		et			n	jernet	the iron
en belønning	a reward	IO	3					n	belønningen|belønninger	the reward|rewards
en plade	a plate / record		3					n	pladen|plader	the plate / the record|plates / records
et slagsmål	a fight	SP	3					n	slagsmålet|slagsmål	the fight|fights
en proces	a process	IO	3					n	processen|processer	the process|processes
et glimt	a glimpse / gleam		3					n	glimtet|glimt	the glimpse / the gleam|glimpses / gleams
en snor	a string / cord		3					n	snoren|snore	the string / the cord|strings / cords
en begivenhed	an event	IO	3					n	begivenheden|begivenheder	the event|events
en besiddelse	a possession		4					n	besiddelsen|besiddelser	the possession|possessions
et knep	a trick		4					n
en titel	a title		3					n	titlen|titler	the title|titles
en mine	a mine / facial expression		3					n	minen|miner	the mine / the facial expression|mines / facial expressions
en bagside	a back / downside		3					n	bagsiden|bagsider	the back / the downside|backs / downsides
vedkommende	the person concerned		3					p
en blanding	a mixture		3					n	blandingen|blandinger	the mixture|mixtures
et udbrud	an outbreak / outburst		3					n	udbruddet|udbrud	the outbreak / the outburst|outbreaks / outbursts
en hændelse	an incident	IO	3					n	hændelsen|hændelser	the incident|incidents
en gift	a poison		3					n	giften|gifte	the poison|poisons
en pind	a stick		3					n	pinden|pinde	the stick|sticks
en sektion	a section		3					n	sektionen|sektioner	the section|sections
en kvalitet	a quality	IO	3					n	kvaliteten|kvaliteter	the quality|qualities
assistance	assistance		3		en			n	assistancen	the assistance
støj	noise		2		en			n	støjen	the noise
en spids	a tip / point		3					n	spidsen|spidser	the tip / the point|tips / points
en nål	a needle		3					n	nålen|nåle	the needle|needles
et vilkår	a condition / term	IO	3					n	vilkåret|vilkår	the condition / the term|conditions / terms
en prik	a dot	CO	3					n	prikken|prikker	the dot|dots
et bidrag	a contribution	IO	3					n	bidraget|bidrag	the contribution|contributions
en genstand	an object		3					n	genstanden|genstande	the object|objects
en figur	a figure		3					n	figuren|figurer	the figure|figures
en væske	a liquid / fluid		3					n	væsken|væsker	the liquid / the fluid|liquids / fluids
bly	lead (metal)	WN	4		et			n	blyet	the lead (metal)
et fodspor	a footprint		3					n	fodsporet|fodspor	the footprint|footprints
et snit	a cut / average		3					n	snittet|snit	the cut / the average|cuts / averages
et anlæg	a facility / plant / stereo		3					n	anlægget|anlæg	the facility / the plant / the stereo|facilities / plants / stereos
en dusør	a reward (bounty)	SP	4					n	dusøren|dusører	the reward (bounty)|rewards (bounty)
design	design		3		et			n	designet	the design
et felt	a field		3					n	feltet|felter	the field|fields
ly	shelter		4		et			n	lyet	the shelter
en streg	a line / stroke		3					n	stregen|streger	the line / the stroke|lines / strokes
en kerne	a core / kernel / seed		3					n	kernen|kerner	the core / the kernel / the seed|cores / kernels / seeds
en kombination	a combination	IO	3					n	kombinationen|kombinationer	the combination|combinations
en lænke	a chain		4					n	lænken|lænker	the chain|chains
en krog	a hook / corner		3					n	krogen|kroge	the hook / the corner|hooks / corners
en godkendelse	an approval	IO	3					n	godkendelsen|godkendelser	the approval|approvals
en praksis	a practice	IO	3					n	praksissen|praksisser	the practice|practices
en overflade	a surface		3					n	overfladen|overflader	the surface|surfaces
en procedure	a procedure	IO	3					n	proceduren|procedurer	the procedure|procedures
tømmer	timber	WN	4		et			n	tømmeret	the timber
en åbning	an opening		3					n	åbningen|åbninger	the opening|openings
et fund	a find / discovery		3					n	fundet|fund	the find / the discovery|finds / discoveries
småting	small things / trifles		3		pl			n
opsyn	supervision		4		et			n	opsynet	the supervision
en kæde	a chain		2					n	kæden|kæder	the chain|chains
en anbefaling	a recommendation	IO	3					n	anbefalingen|anbefalinger	the recommendation|recommendations
plastik	plastic	HH	2		en			n	plastikken	the plastic
et brag	a bang / crash		3					n	braget|brag	the bang / the crash|bangs / crashes
en fælde	a trap		3					n	fælden|fælder	the trap|traps
en kuvert	an envelope	HH	3					n	kuverten|kuverter	the envelope|envelopes
et frimærke	a stamp	TM	3					n	frimærket|frimærker	the stamp|stamps
et postkort	a postcard	TM	2					n	postkortet|postkort	the postcard|postcards
en notesbog	a notebook	SL	3					n	notesbogen|notesbøger	the notebook|notebooks
en tusch	a marker	SL	3					n	tuschen	the marker
tape	tape	HH	2		en			n	tapen	the tape
lim	glue	HH	2		en			n	limen	the glue
en elastik	a rubber band	HH	3					n	elastikken|elastikker	the rubber band|rubber bands
en nøglering	a key ring	HH	3					n	nøgleringen|nøgleringe	the key ring|key rings
en lommelygte	a flashlight	HH	3					n	lommelygten|lommelygter	the flashlight|flashlights
en tændstik	a match	HH	3					n	tændstikken|tændstikker	the match|matches
en lighter	a lighter	HH	3					n	lighteren|lightere	the lighter|lighters
et askebæger	an ashtray	HH	3					n	askebægeret|askebægre	the ashtray|ashtrays
en balje	a tub	HH	3					n	baljen|baljer	the tub|tubs
en tønde	a barrel	HH	3					n	tønden|tønder	the barrel|barrels
en plastikpose	a plastic bag	CS	2					n	plastikposen|plastikposer	the plastic bag|plastic bags
en mulepose	a tote bag	CS	3					n	muleposen|muleposer	the tote bag|tote bags
en dukke	a doll	PF	2					n	dukken|dukker	the doll|dolls
en klods	a block (toy) / brick	PF	3					n	klodsen|klodser	the block (toy) / the brick|blocks (toy) / bricks
en ballon	a balloon	PF	2					n	ballonen|balloner	the balloon|balloons
en gynge	a swing	PF	3					n	gyngen|gynger	the swing|swings
en rutsjebane	a slide / roller coaster	FS	3					n	rutsjebanen|rutsjebaner	the slide / the roller coaster|slides / roller coasters
en sandkasse	a sandbox	PF	3					n	sandkassen|sandkasser	the sandbox|sandboxes
en barnevogn	a baby carriage / stroller	PF	3					n	barnevognen|barnevogne	the baby carriage / the stroller|baby carriages / strollers
en klapvogn	a stroller	PF	3					n	klapvognen|klapvogne	the stroller|strollers
en ble	a diaper	PF	2					n
en sut	a pacifier	PF	3					n	sutten|sutter	the pacifier|pacifiers
en sutteflaske	a baby bottle	PF	3					n	sutteflasken|sutteflasker	the baby bottle|baby bottles
en hagesmæk	a bib	PF	4					n	hagesmækken|hagesmække	the bib|bibs
en autostol	a car seat	TT	3					n	autostolen|autostole	the car seat|car seats
en cykellås	a bike lock	TT	3					n	cykellåsen|cykellåse	the bike lock|bike locks
en cykelpumpe	a bike pump	TT	3					n	cykelpumpen|cykelpumper	the bike pump|bike pumps
en punktering	a flat tire / puncture	TT	3					n	punkteringen|punkteringer	the flat tire / the puncture|flat tires / punctures
en lygte	a light / lamp (bike, street)	TT	3					n	lygten|lygter	the light / the lamp (bike, street)|lights / lamps (bike, street)
en gadelygte	a streetlight	TS	3					n	gadelygten|gadelygter	the streetlight|streetlights
en kantsten	a curb	TS	4					n	kantstenen|kantstene	the curb|curbs
et højhus	a high-rise	TS	3					n	højhuset|højhuse	the high-rise|high-rises
en skyskraber	a skyscraper	TS	3					n	skyskraberen|skyskrabere	the skyscraper|skyscrapers
en boligblok	an apartment block	TS	3					n	boligblokken|boligblokke	the apartment block|apartment blocks
en fabrik	a factory	MB	2					n	fabrikken|fabrikker	the factory|factories
et værksted	a workshop / garage	WJ	2					n	værkstedet|værksteder	the workshop / the garage|workshops / garages
en gård	a farm / courtyard	WN	2					n	gården|gårde	the farm / the courtyard|farms / courtyards
en baggård	a backyard	HH	3					n	baggården|baggårde	the backyard|backyards
en lade	a barn	WN	3					n	laden|lader	the barn|barns
en traktor	a tractor	WN	3					n	traktoren|traktorer	the tractor|tractors
en mølle	a mill	WN	3					n	møllen|møller	the mill|mills
et fyrtårn	a lighthouse	TS	4					n	fyrtårnet|fyrtårne	the lighthouse|lighthouses
en kaj	a quay / dock	TT	3					n	kajen|kajer	the quay / the dock|quays / docks
en mole	a pier	TT	4					n	molen|moler	the pier|piers
en robåd	a rowboat	TT	3					n	robåden|robåde	the rowboat|rowboats
en sejlbåd	a sailboat	TT	3					n	sejlbåden|sejlbåde	the sailboat|sailboats
en kano	a canoe	TT	3					n	kanoen|kanoer	the canoe|canoes
et anker	an anchor	TT	3					n	ankeret|ankre	the anchor|anchors
en redningsvest	a life jacket	TT	3					n	redningsvesten|redningsveste	the life jacket|life jackets
en maskine	a machine	TM	2					n	maskinen|maskiner	the machine|machines
et apparat	a device / appliance	HH	3					n	apparatet|apparater	the device / the appliance|devices / appliances
et stik	a plug / sting	HH	3					n	stikket|stik	the plug / the sting|plugs / stings
en sikring	a fuse	HH	4					n	sikringen|sikringer	the fuse|fuses
en måler	a meter / gauge	WJ	4					n	måleren|målere	the meter / the gauge|meters / gauges
et termometer	a thermometer	HH	3					n	termometret|termometre	the thermometer|thermometers
en kikkert	a pair of binoculars	FS	3					n	kikkerten|kikkerter	the pair of binoculars|pairs of binoculars
en lup	a magnifying glass	FS	4					n	luppen|luper	the magnifying glass|magnifying glasses
en globus	a globe	SL	3					n	globussen|globusser	the globe|globes
en rulletrappe	an escalator	TS	3					n	rulletrappen|rulletrapper	the escalator|escalators
en ende	an end		2					n
en inderside	an inside		3					n	indersiden|indersider	the inside|insides
en yderside	an outside		3					n	ydersiden|ydersider	the outside|outsides
en række	a row / series		2					n	rækken|rækker	the row / the series|rows / series
en bunke	a pile		3					n	bunken|bunker	the pile|piles
en stak	a stack		3					n	stakken|stakke	the stack|stacks
en klump	a lump		3					n	klumpen|klumper	the lump|lumps
en oversigt	an overview	SL	3					n	oversigten|oversigter	the overview|overviews
en tabel	a table (chart)	SL	3					n	tabellen|tabeller	the table (chart)|tables (chart)
et diagram	a chart / diagram	SL	3					n	diagrammet|diagrammer	the chart / the diagram|charts / diagrams
en plet	a stain / spot		2					n	pletten|pletter	the stain / the spot|stains / spots
en revne	a crack		4					n	revnen|revner	the crack|cracks
en ridse	a scratch		3					n	ridsen|ridser	the scratch|scratches
en bule	a dent / bump		3					n	bulen|buler	the dent / the bump|dents / bumps
en fold	a fold		4					n	folden|folde	the fold|folds
en knude	a knot	HH	3					n	knuden|knuder	the knot|knots
en løkke	a loop		4					n	løkken|løkker	the loop|loops
en spiral	a spiral		3					n	spiralen|spiraler	the spiral|spirals
et ekko	an echo		3					n	ekkoet|ekkoer	the echo|echoes
en stank	a stench		3					n	stanken	the stench
mørke	darkness	WN	2		et			n	mørket	the darkness
damp	steam	WN	3		en			n	dampen	the steam
røg	smoke	WN	2		en			n	røgen	the smoke
en gnist	a spark	WN	4					n	gnisten|gnister	the spark|sparks
en nødudgang	an emergency exit	HH	3					n	nødudgangen|nødudgange	the emergency exit|emergency exits
en brandalarm	a fire alarm	HH	3					n	brandalarmen|brandalarmer	the fire alarm|fire alarms
en brandslukker	a fire extinguisher	HH	3					n	brandslukkeren|brandslukkere	the fire extinguisher|fire extinguishers
førstehjælp	first aid	BH	3		en			n	førstehjælpen	the first aid
et alarmnummer	an emergency number	TS	3					n	alarmnummeret|alarmnumre	the emergency number|emergency numbers
et center	a center		2					n	centret|centre	the center|centers
en gruppe	a group		2					n	gruppen|grupper	the group|groups
guld	gold	WN	2		et			n	guldet	the gold
hjælp	help		1		en			n	hjælpen	the help
et pulver	a powder		3					n	pulveret|pulvere	the powder|powders
et råd	a piece of advice	IO	2					n	rådet|råd	the piece of advice|pieces of advice
en byggeplads	a construction site	TS	3					n	byggepladsen|byggepladser	the construction site|construction sites
en kran	a crane	TS	4					n	kranen|kraner	the crane|cranes
et stillads	scaffolding	TS	4					n	stilladset|stilladser	the scaffolding|scaffoldings
en gravko	an excavator	TS	4					n	gravkoen|gravkøer	the excavator|excavators
en alarmklokke	an alarm bell	HH	4					n	alarmklokken|alarmklokker	the alarm bell|alarm bells
stor	big		1					a	større|størst	bigger|biggest
lille	small		1					a	mindre|mindst	smaller|smallest
lang	long		1					a	længere|længst	longer|longest
kort	short		1					a	kortere|kortest	shorter|shortest
høj	tall / high		1					a	højere|højest	taller / higher|tallest / highest
lav	low		1					a	lavere|lavest	lower|lowest
tyk	thick / fat		1					a	tykkere|tykkest	thicker / fatter|thickest / fattest
tynd	thin		1					a	tyndere|tyndest	thinner|thinnest
bred	wide		2					a	bredere|bredest	wider|widest
smal	narrow		2					a	smallere|smallest	narrower|narrowest
dyb	deep		2					a	dybere|dybest	deeper|deepest
ny	new		1					a	nyere|nyest	newer|newest
gammel	old		1					a	ældre|ældst	older|oldest
ung	young		1					a	yngre|yngst	younger|youngest
god	good		1					a	bedre|bedst	better|best
dårlig	bad		1					a	dårligere|dårligst	worse|worst
rigtig	correct / real		1					a	rigtigere|rigtigst	more correct / more real|most correct / most real
forkert	wrong		1					a
let	easy / light		1					a	lettere|lettest	easier / lighter|easiest / lightest
svær	difficult		1					a	sværere|sværest	more difficult|most difficult
tung	heavy		1					a	tungere|tungest	heavier|heaviest
hurtig	fast		1					a	hurtigere|hurtigst	faster|fastest
langsom	slow		1					a	langsommere|langsomst	slower|slowest
varm	warm		1					a	varmere|varmest	warmer|warmest
kold	cold		1					a	koldere|koldest	colder|coldest
tør	dry		1					a	tørrere|tørrest	drier|driest
våd	wet		1					a	vådere|vådest	wetter|wettest
ren	clean		1					a	renere|renest	cleaner|cleanest
beskidt	dirty		1					a
smuk	beautiful		1					a	smukkere|smukkest	more beautiful|most beautiful
grim	ugly		1					a	grimmere|grimmest	uglier|ugliest
pæn	nice / neat		1					a	pænere|pænest	nicer / neater|nicest / neatest
sød	sweet / cute		1					a	sødere|sødest	sweeter / cuter|sweetest / cutest
sur	sour / grumpy		2					a	surere|surest	sourer / grumpier|sourest / grumpiest
bitter	bitter	FD	2					a	bitrere|bitrest	more bitter|most bitter
rig	rich	MB	1					a	rigere|rigest	richer|richest
fattig	poor	MB	1					a	fattigere|fattigst	poorer|poorest
dyr	expensive	MB	1					a	dyrere|dyrest	more expensive|most expensive
billig	a back courtyard	MB	1					a	billigere|billigst	cheaper|cheapest
fri	free		1					a	friere|friest	freer|freest
optaget	busy / occupied		1					a
træt	tired	BH	1					a	trættere|trættest	more tired|most tired
vågen	awake	BH	2					a
sulten	hungry	FD	1					a
tørstig	thirsty	FD	1					a	tørstigere|tørstigst	thirstier|thirstiest
mæt	full / satisfied	FD	1					a	mættere|mættest	fuller / more satisfied|fullest / most satisfied
syg	sick	BH	1					a	sygere|sygest	sicker|sickest
rask	healthy / recovered	BH	2					a	raskere|raskest	healthier / more recovered|healthiest / most recovered
stærk	strong		1					a	stærkere|stærkest	stronger|strongest
svag	weak		2					a	svagere|svagest	weaker|weakest
glad	happy	FP	1					a	gladere|gladest	happier|happiest
ked af det	sad	FP	2					f
vred	angry	FP	1					a	vredere|vredest	angrier|angriest
bange	afraid	FP	1					a
nervøs	nervous	FP	2					a	nervøsere|nervøsest	more nervous|most nervous
rolig	calm	FP	1					a	roligere|roligst	calmer|calmest
stille	quiet		1					a
højlydt	loud		2					a
venlig	kind / friendly	FP	1					a	venligere|venligst	kinder / friendlier|kindest / friendliest
uhøflig	rude	FP	2					a	uhøfligere|uhøfligst	ruder|rudest
ærlig	honest	FP	2					a	ærligere|ærligst	more honest|most honest
utrolig	unbelievable		2					a	utroligere|utroligst	more unbelievable|most unbelievable
sikker	sure / safe		1					a	sikrere|sikrest	surer / safer|surest / safest
usikker	unsure		2					a	usikrere|usikrest	more unsure|most unsure
vigtig	important		1					a	vigtigere|vigtigst	more important|most important
interessant	interesting		1					a
kedelig	boring		1					a	kedeligere|kedeligst	more boring|most boring
sjov	fun		1					a	sjovere|sjovest	more fun|most fun
morsom	funny / amusing		2					a	morsommere|morsomst	funnier / more amusing|funniest / most amusing
alvorlig	serious		2					a	alvorligere|alvorligst	more serious|most serious
enkel	simple		2					a	enklere|enklest	simpler|simplest
kompliceret	complicated		2					a
klar	ready / clear		1					a	klarere|klarest	readier / clearer|readiest / clearest
færdig	finished / done		1					a
åben	open		1					a
lukket	closed		1					a
tom	empty		1					a	tommere|tommest	emptier|emptiest
fuld	full		1					a	fuldere|fuldest	fuller|fullest
mørk	dark	CO	1					a	mørkere|mørkest	darker|darkest
lys	light / bright	CO	1					a	lysere|lysest	lighter / brighter|lightest / brightest
farverig	colorful	CO	3					a	farverigere|farverigest	more colorful|most colorful
hvid	white	CO	1					a	mere hvid|mest hvid	more white|most white
sort	black	CO	1					a	mere sort|mest sort	more black|most black
rød	red	CO	1					a	mere rød|mest rød	more red|most red
blå	blue	CO	1					a
grøn	green	CO	1					a	mere grøn|mest grøn	more green|most green
gul	yellow	CO	1					a	mere gul|mest gul	more yellow|most yellow
grå	gray	CO	1					a
brun	brown	CO	1					a	mere brun|mest brun	more brown|most brown
lige	straight / equal		1					a
skæv	crooked		3					a	skævere|skævest	more crooked|most crooked
flot	handsome / nice-looking		1					a	flottere|flottest	more handsome / more nice-looking|most handsome / most nice-looking
fantastisk	fantastic		1					a
forfærdelig	terrible		2					a	forfærdeligere|forfærdeligst	more terrible|most terrible
heldig	lucky		1					a	heldigere|heldigst	luckier|luckiest
uheldig	unlucky		2					a	uheldigere|uheldigst	more unlucky|most unlucky
populær	popular		2					a	mere populær|mest populær	more popular|most popular
berømt	famous		2					a
ukendt	unknown		2					a
speciel	special		2					a	mere speciel|mest speciel	more special|most special
normal	normal		1					a
mærkelig	strange		2					a	mærkeligere|mærkeligst	stranger|strangest
typisk	typical		2					a
nødvendig	necessary		2					a	nødvendigere|nødvendigst	more necessary|most necessary
passende	suitable		2					a
praktisk	practical		2					a
moderne	modern		2					a
gammeldags	old-fashioned		2					a
orange	orange	CO	1					a
lilla	purple	CO	1					a
lyserød	pink	CO	1					a
lyseblå	light blue	CO	2					a
mørkeblå	dark blue	CO	3					a
rund	round	CO	2					a	rundere|rundest	rounder|roundest
firkantet	square-shaped	CO	3					a
stribet	striped	CS	3					a
ternet	checkered / plaid	CS	3					a
ensfarvet	solid-colored	CS	3					a
betydelig	significant		3					a	betydeligere|betydeligst	more significant|most significant
tilstrækkelig	sufficient		3					a	tilstrækkeligere|tilstrækkeligst	more sufficient|most sufficient
upassende	inappropriate		3					a
rimelig	reasonable		2					a	rimeligere|rimeligst	more reasonable|most reasonable
urimelig	unreasonable		4					a	urimeligere|urimeligst	more unreasonable|most unreasonable
effektiv	efficient		3					a	mere effektiv|mest effektiv	more efficient|most efficient
ineffektiv	inefficient		4					a	mere ineffektiv|mest ineffektiv	more inefficient|most inefficient
kompleks	complex		3					a	mere kompleks|mest kompleks	more complex|most complex
tydelig	clear		2					a	tydeligere|tydeligst	clearer|clearest
utydelig	unclear		3					a	utydeligere|utydeligst	more unclear|most unclear
konkret	concrete		3					a
abstrakt	abstract		3					a
åbenlys	obvious		3					a
uundgåelig	inevitable		4					a
afgørende	decisive		3					a
unødvendig	unnecessary		3					a	unødvendigere|unødvendigst	more unnecessary|most unnecessary
frivillig	voluntary		3					a
obligatorisk	mandatory		3					a
midlertidig	temporary		3					a	midlertidigere|midlertidigst	more temporary|most temporary
permanent	permanent		3					a
konstant	constant		2					a
stabil	stable		3					a	stabilere|stabilest	more stable|most stable
ustabil	unstable		3					a	ustabilere|ustabilest	more unstable|most unstable
tålmodig	patient	FP	2					a	tålmodigere|tålmodigst	more patient|most patient
utålmodig	impatient	FP	3					a	utålmodigere|utålmodigst	more impatient|most impatient
uærlig	dishonest	FP	3					a	uærligere|uærligst	more dishonest|most dishonest
mistænksom	suspicious	FP	3					a	mistænksommere|mistænksomst	more suspicious|most suspicious
naiv	naive	FP	3					a	mere naiv|mest naiv	more naive|most naive
fordomsfri	unbiased		4					a	fordomsfriere|fordomsfriest	more unbiased|most unbiased
fordomsfuld	prejudiced		4					a	fordomsfuldere|fordomsfuldest	more prejudiced|most prejudiced
solid	solid		3					a	solidere|solidest	more solid|most solid
skrøbelig	fragile		3					a	skrøbeligere|skrøbeligst	more fragile|most fragile
holdbar	durable		3					a	mere holdbar|mest holdbar	more durable|most durable
slidt	worn		3					a
intakt	intact		3					a
beskadiget	damaged		3					a
defekt	defective		3					a
fejlfri	flawless		4					a	fejlfriere|fejlfriest	more flawless|most flawless
original	original		3					a	mere original|mest original	more original|most original
ægte	genuine		2					a
falsk	fake		2					a	falskere|falskest	more fake|most fake
autentisk	authentic		4					a
tidssvarende	up to date		4					a
forældet	outdated		3					a
upopulær	unpopular		3					a	mere upopulær|mest upopulær	more unpopular|most unpopular
almindelig	ordinary		2					a	almindeligere|almindeligst	more ordinary|most ordinary
usædvanlig	unusual		3					a	usædvanligere|usædvanligst	more unusual|most unusual
ekstraordinær	extraordinary		4					a	mere ekstraordinær|mest ekstraordinær	more extraordinary|most extraordinary
bemærkelsesværdig	remarkable		4					a	bemærkelsesværdigere|bemærkelsesværdigst	more remarkable|most remarkable
ubetydelig	insignificant		4					a	ubetydeligere|ubetydeligst	more insignificant|most insignificant
relevant	relevant		3					a
irrelevant	irrelevant		3					a
hel	whole / entire		2					a
samme	same		1					a
tæt	close / tight		2					a	tættere|tættest	closer / tighter|closest / tightest
død	dead		1					a
egen	own		1					a
dum	stupid		1					a	dummere|dummest	more stupid|most stupid
rar	nice / kind		2					a	rarere|rarest	nicer / kinder|nicest / kindest
tidlig	early	TC	2					a	tidligere|tidligst	earlier|earliest
værre	worse		2					a
værd	worth		2					a
kær	dear		2					a	kærere|kærest	dearer|dearest
anderledes	different		2					a
travl	busy		1					a	travlere|travlest	busier|busiest
skidt	bad / crappy		2					a
skør	crazy		2					a	skørere|skørest	crazier|craziest
gal	mad / crazy / wrong		2					a	galere|galest	madder / crazier / wronger|maddest / craziest / wrongest
fed	fat / cool		2					a	federe|fedest	fatter / cooler|fattest / coolest
levende	alive / living		2					a
ødelagt	broken / ruined		2					a
løs	loose		2					a	løsere|løsest	looser|loosest
forskellig	different		2					a
enig	in agreement		2					a	mere enig|mest enig	more in agreement|most in agreement
interesseret	interested		2					a
særlig	special / particular		2					a	særligere|særligst	more special / more particular|most special / most particular
såret	hurt / wounded	BH	2					a
parat	ready		2					a
dygtig	skilled / capable		2					a	dygtigere|dygtigst	more skilled / more capable|most skilled / most capable
smart	smart		2					a	smartere|smartest	smarter|smartest
fyldt	full / filled		2					a
ældre	older / elderly		1					a
sindssyg	insane		3					a	sindssygere|sindssygest	more insane|most insane
sej	tough / cool		2					a	sejere|sejest	tougher / cooler|toughest / coolest
frisk	fresh		1					a	friskere|friskest	fresher|freshest
korrekt	correct		2					a
skyldig	guilty	SP	2					a	skyldigere|skyldigst	guiltier|guiltiest
uskyldig	innocent	SP	2					a	uskyldigere|uskyldigst	more innocent|most innocent
lokal	local		2					a	mere lokal|mest lokal	more local|most local
privat	private		2					a
tosset	silly / crazy		2					a
tilfreds	satisfied / content	FP	2					a	mere tilfreds|mest tilfreds	more satisfied / more content|most satisfied / most content
involveret	involved		2					a
forvirret	confused	FP	2					a
blind	blind		2					a	blindere|blindest	blinder|blindest
fælles	common / shared		2					a
sexet	sexy		2					a
imponerende	impressive		2					a
latterlig	ridiculous		3					a	latterligere|latterligst	more ridiculous|most ridiculous
personlig	personal		2					a	personligere|personligst	more personal|most personal
uskadt	unhurt		3					a
vidunderlig	wonderful		2					a	vidunderligere|vidunderligst	more wonderful|most wonderful
nøgen	naked		2					a
ligegyldig	indifferent / unimportant		2					a	ligegyldigere|ligegyldigst	more indifferent / more unimportant|most indifferent / most unimportant
teknisk	technical		2					a
hemmelig	secret		2					a	hemmeligere|hemmeligst	more secret|most secret
frygtelig	terrible		2					a	frygteligere|frygteligst	more terrible|most terrible
romantisk	romantic	FP	2					a
flink	kind / nice	FP	2					a	flinkere|flinkest	kinder / nicer|kindest / nicest
villig	willing		2					a	villigere|villigst	more willing|most willing
indre	inner		3					a
mistænkt	suspected		3					a
glimrende	excellent		2					a
officiel	official		3					a
yngre	younger		2					a
stakkels	poor (pitiful)		2					a
fysisk	physical		2					a
professionel	professional		2					a
simpel	simple		2					a	simplere|simplest	simpler|simplest
strålende	brilliant / radiant		3					a
udsat	exposed / postponed		3					a
menneskelig	human		3					a
fjollet	silly		3					a
elendig	miserable / terrible		3					a	elendigere|elendigst	more miserable / more terrible|most miserable / most terrible
bevæbnet	armed	SP	3					a
kriminel	criminal	SP	3					a	mere kriminel|mest kriminel	more criminal|most criminal
sædvanlig	usual		3					a	sædvanligere|sædvanligst	more usual|most usual
ordentlig	proper / decent		3					a	ordentligere|ordentligst	more proper / more decent|most proper / most decent
modsat	opposite		3					a
ulækker	disgusting		2					a	ulækrere|ulækrest	more disgusting|most disgusting
magisk	magical		3					a
ældst	oldest		2					a
fortabt	lost		3					a
blød	soft		2					a	blødere|blødest	softer|softest
kommende	upcoming / future		3					a
naturlig	natural		2					a	naturligere|naturligst	more natural|most natural
klam	gross / clammy		3					a	klammere|klammest	grosser / clammier|grossest / clammiest
nuværende	current / present		2					a
civil	civilian / civil		3					a	mere civil|mest civil	more civilian / more civil|most civilian / most civil
central	central		3					a
nøjagtig	exact / accurate		3					a	nøjagtigere|nøjagtigst	more exact / more accurate|most exact / most accurate
aktiv	active		2					a	mere aktiv|mest aktiv	more active|most active
nyttig	useful		2					a	nyttigere|nyttigst	more useful|most useful
siddende	sitting / seated		3					a
uhyggelig	creepy / scary		3					a	uhyggeligere|uhyggeligst	creepier / scarier|creepiest / scariest
genial	brilliant		3					a	mere genial|mest genial	more brilliant|most brilliant
følgende	following		2					a
mystisk	mysterious		3					a
afhængig	dependent / addicted		3					a
total	total		3					a
fascinerende	fascinating		3					a
enorm	enormous		3					a
enestående	unique / outstanding		3					a
kvik	quick / bright		3					a	kvikkere|kvikkest	quicker / brighter|quickest / brightest
ædru	sober	BH	3					a
komplet	complete		3					a	mere komplet|mest komplet	more complete|most complete
evig	eternal		3					a
flad	flat		2					a	fladere|fladest	flatter|flattest
opmærksom	attentive / aware		3					a	opmærksommere|opmærksomst	more attentive / more aware|most attentive / most aware
manglende	missing / lacking		3					a
overraskende	surprising		2					a
intelligent	intelligent		2					a
ydre	outer / exterior		3					a
offentlig	public		2					a	offentligere|offentligst	more public|most public
storartet	magnificent		3					a
afdød	deceased		4					a
negativ	negative		2					a
diskret	discreet		3					a
åndssvag	idiotic		3					a	åndssvagere|åndssvagest	more idiotic|most idiotic
tragisk	tragic		3					a
nuttet	cute		2					a
mægtig	mighty / powerful		3					a	mægtigere|mægtigst	mightier / more powerful|mightiest / most powerful
spærret	blocked / closed		3					a
ledig	vacant / available / unemployed		3					a	ledigere|ledigst	more vacant / more available / more unemployed|most vacant / most available / most unemployed
usynlig	invisible		3					a	usynligere|usynligst	more invisible|most invisible
retfærdig	fair / just		3					a	retfærdigere|retfærdigst	fairer / juster|fairest / justest
positiv	positive		2					a	mere positiv|mest positiv	more positive|most positive
sandsynlig	probable / likely		3					a	sandsynligere|sandsynligst	more probable / more likely|most probable / most likely
gylden	golden	CO	3					a
uventet	unexpected		2					a
indviklet	complicated		3					a
voldsom	violent / intense		3					a	voldsommere|voldsomst	more violent / more intense|most violent / most intense
risikabel	risky		3					a
overordnet	superior / overall		3					a
værdig	worthy / dignified		3					a	værdigere|værdigst	worthier / more dignified|worthiest / most dignified
registreret	registered		3					a
dødelig	deadly / mortal		3					a	dødeligere|dødeligst	deadlier / more mortal|deadliest / most mortal
voldelig	violent		3					a	voldeligere|voldeligst	more violent|most violent
oprindelig	original		3					a	oprindeligere|oprindeligst	more original|most original
overbevisende	convincing		3					a
uenig	in disagreement		2					a	mere uenig|mest uenig	more in disagreement|most in disagreement
begrænset	limited		3					a
udelukket	ruled out / excluded		3					a
ironisk	ironic		3					a
stiv	stiff		3					a	stivere|stivest	stiffer|stiffest
pragtfuld	splendid		3					a	pragtfuldere|pragtfuldest	more splendid|most splendid
lovende	promising		3					a
standard	standard		3					a
ubehagelig	unpleasant		2					a	ubehageligere|ubehageligst	more unpleasant|most unpleasant
omgivet	surrounded		3					a
bevidst	conscious / deliberate		3					a
forrige	previous / last		2					a
behagelig	comfortable / pleasant		2					a	behageligere|behageligst	more comfortable / more pleasant|most comfortable / most pleasant
forgiftet	poisoned	BH	3					a
absurd	absurd		3					a
adskilt	separated		3					a
skarp	sharp		2					a	skarpere|skarpest	sharper|sharpest
grov	coarse / rude / gross		3					a	grovere|grovest	coarser / ruder / grosser|coarsest / rudest / grossest
stram	tight		3					a	strammere|strammest	tighter|tightest
ynkelig	pathetic		4					a	ynkeligere|ynkeligst	more pathetic|most pathetic
barsk	harsh		4					a	barskere|barskest	harsher|harshest
værdifuld	valuable		3					a	værdifuldere|værdifuldest	more valuable|most valuable
global	global		3					a
forvirrende	confusing		3					a
æret	honored / dear		4					a
elegant	elegant		3					a
kritisk	critical		3					a
informeret	informed		3					a
dramatisk	dramatic		3					a
kraftig	strong / powerful / heavy		3					a	kraftigere|kraftigst	stronger / more powerful / heavier|strongest / most powerful / heaviest
yngst	youngest		2					a
køn	pretty		2					a	kønnere|kønnest	prettier|prettiest
misforstået	misunderstood		3					a
forbløffende	astonishing		3					a
avanceret	advanced		3					a
magtfuld	powerful		3					a
fremtidig	future	TC	4					a
indlysende	obvious		3					a
isoleret	isolated		3					a
vanskelig	difficult		3					a	vanskeligere|vanskeligst	more difficult|most difficult
unik	unique		3					a
såkaldt	so-called		3					a
sølle	measly / pathetic		4					a
placeret	placed / located		3					a
foruroligende	disturbing / alarming		3					a
ufattelig	incredible / inconceivable		4					a	ufatteligere|ufatteligst	more incredible / more inconceivable|most incredible / most inconceivable
meningsløs	meaningless		3					a	meningsløsere|meningsløsest	more meaningless|most meaningless
fuldført	completed		3					a
grundlæggende	basic / fundamental		3					a
tavs	silent		3					a	tavsere|tavsest	more silent|most silent
pervers	perverted		4					a	mere pervers|mest pervers	more perverted|most perverted
plat	vulgar / cheesy		4					a	plattere|plattest	more vulgar / cheesier|most vulgar / cheesiest
storslået	grand / magnificent		3					a
tiltrækkende	attractive		3					a
intern	internal		3					a
blokeret	blocked		3					a
uvidende	ignorant / unaware		3					a
forståelig	understandable		3					a	forståeligere|forståeligst	more understandable|most understandable
stinkende	stinking		3					a
ultimativ	ultimate		4					a
øjeblikkelig	immediate		3					a	øjeblikkeligere|øjeblikkeligst	more immediate|most immediate
ubevæbnet	unarmed	SP	3					a
snu	cunning		4					a
suspenderet	suspended		4					a
sløret	blurred / veiled		4					a
overvældende	overwhelming		3					a
fuldkommen	perfect / complete		3					a
omfattende	extensive		3					a
fortrolig	confidential / familiar		3					a	fortroligere|fortroligst	more confidential / more familiar|most confidential / most familiar
pudsig	funny / odd		4					a	pudsigere|pudsigst	funnier / odder|funniest / oddest
daglig	daily	TC	2					a
dødbringende	deadly		4					a
tåbelig	foolish		4					a	tåbeligere|tåbeligst	more foolish|most foolish
reserveret	reserved		3					a
dyrebar	precious		3					a	mere dyrebar|mest dyrebar	more precious|most precious
beruset	drunk / intoxicated	BH	3					a
anonym	anonymous		3					a
ædel	noble		4					a	ædlere|ædlest	nobler|noblest
fredelig	peaceful		3					a	fredeligere|fredeligst	more peaceful|most peaceful
førende	leading		3					a
brutal	brutal		3					a	mere brutal|mest brutal	more brutal|most brutal
streng	strict		2					a	strengere|strengest	stricter|strictest
chokerende	shocking		3					a
skinnende	shiny		3					a
ubrugelig	useless		3					a	ubrugeligere|ubrugeligst	more useless|most useless
mistænkelig	suspicious		3					a	mistænkeligere|mistænkeligst	more suspicious|most suspicious
talentfuld	talented		3					a	talentfuldere|talentfuldest	more talented|most talented
teoretisk	theoretical		3					a
udødelig	immortal		4					a
egnet	suitable		3					a
uacceptabel	unacceptable		3					a
blodig	bloody		3					a	blodigere|blodigst	bloodier|bloodiest
fjendtlig	hostile		3					a	fjendtligere|fjendtligst	more hostile|most hostile
realistisk	realistic		3					a
herlig	wonderful / lovely		2					a	herligere|herligst	more wonderful / more lovely|most wonderful / most lovely
aktuel	current / topical		3					a
akut	acute / urgent		3					a
alternativ	alternative		3					a
anstændig	decent		3					a	anstændigere|anstændigst	more decent|most decent
attraktiv	attractive		3					a	mere attraktiv|mest attraktiv	more attractive|most attractive
behjælpelig	helpful		4					a	behjælpeligere|behjælpeligst	more helpful|most helpful
bekvem	convenient / comfortable		3					a	bekvemmere|bekvemmest	more convenient / more comfortable|most convenient / most comfortable
beslægtet	related		4					a
betydningsfuld	significant		4					a	betydningsfuldere|betydningsfuldest	more significant|most significant
brugbar	usable / useful		3					a	mere brugbar|mest brugbar	more usable / more useful|most usable / most useful
bæredygtig	sustainable		3					a	bæredygtigere|bæredygtigst	more sustainable|most sustainable
dagligdags	everyday		3					a
dedikeret	dedicated		3					a
detaljeret	detailed		3					a
dynamisk	dynamic		3					a
eksisterende	existing		3					a
enkelt	single / simple		2					a
ens	identical / alike		2					a
entusiastisk	enthusiastic	FP	3					a
eventuel	possible / any		3					a
fast	fixed / firm / permanent		2					a
fjern	distant / remote		2					a	fjernere|fjernest	more distant / more remote|most distant / most remote
forbudt	forbidden		2					a
formel	formal		3					a
fremmed	foreign / strange		2					a
frodig	lush		4					a	frodigere|frodigst	lusher|lushest
fyldig	full / rich (flavor)		4					a	fyldigere|fyldigst	fuller / richer (flavor)|fullest / richest (flavor)
gennemsnitlig	average		3					a	gennemsnitligere|gennemsnitligst	more average|most average
gennemsigtig	transparent		3					a	gennemsigtigere|gennemsigtigst	more transparent|most transparent
glat	smooth / slippery		2					a	glattere|glattest	smoother / more slippery|smoothest / most slippery
grundig	thorough		3					a	grundigere|grundigst	more thorough|most thorough
gyldig	valid		3					a
hyppig	frequent		3					a	hyppigere|hyppigst	more frequent|most frequent
ideel	ideal		3					a	mere ideel|mest ideel	more ideal|most ideal
identisk	identical		3					a
individuel	individual		3					a	mere individuel|mest individuel	more individual|most individual
kendt	known / famous		2					a	mere kendt|mest kendt	more known / more famous|most known / most famous
langvarig	long-lasting		3					a	langvarigere|langvarigst	more long-lasting|most long-lasting
lignende	similar		2					a
lydløs	silent		4					a	lydløsere|lydløsest	more silent|most silent
lysende	bright / luminous		4					a
maksimal	maximum		3					a
markant	marked / distinctive		3					a
materiel	material		4					a
meningsfuld	meaningful		3					a	meningsfuldere|meningsfuldest	more meaningful|most meaningful
minimal	minimal		3					a	mere minimal|mest minimal	more minimal|most minimal
mulig	possible		2					a
mærkbar	noticeable		4					a	mere mærkbar|mest mærkbar	more noticeable|most noticeable
neutral	neutral		3					a	mere neutral|mest neutral	more neutral|most neutral
nøgtern	sober / matter-of-fact		4					a
objektiv	objective		3					a	mere objektiv|mest objektiv	more objective|most objective
oplagt	obvious / in good form		3					a
oprigtig	sincere		4					a	oprigtigere|oprigtigst	more sincere|most sincere
primær	primary		3					a
problematisk	problematic		3					a
robust	robust		3					a
rå	raw / crude		2					a
sammenlignelig	comparable		4					a	sammenligneligere|sammenligneligst	more comparable|most comparable
skadelig	harmful		3					a	skadeligere|skadeligst	more harmful|most harmful
slank	slim		3					a	slankere|slankest	slimmer|slimmest
specifik	specific		3					a
spids	pointed / sharp	CO	3					a	spidsere|spidsest	more pointed / sharper|most pointed / sharpest
subjektiv	subjective		3					a	mere subjektiv|mest subjektiv	more subjective|most subjective
synlig	visible		3					a	synligere|synligst	more visible|most visible
særegen	distinctive		4					a
tilgængelig	available / accessible		3					a	tilgængeligere|tilgængeligst	more available / more accessible|most available / most accessible
traditionel	traditional		2					a	mere traditionel|mest traditionel	more traditional|most traditional
uafhængig	independent		3					a
udmærket	excellent / fine		2					a
uendelig	infinite / endless		3					a
uformel	informal		3					a
ugyldig	invalid		4					a
umulig	impossible		2					a
varig	lasting		4					a	varigere|varigst	more lasting|most lasting
vellykket	successful		3					a
væsentlig	essential / significant		3					a	væsentligere|væsentligst	more essential / more significant|most essential / most significant
ekstrem	extreme		3					a
hjælpeløs	helpless		3					a	hjælpeløsere|hjælpeløsest	more helpless|most helpless
håbefuld	hopeful	FP	3					a	håbefuldere|håbefuldest	more hopeful|most hopeful
kostbar	costly / precious		3					a	mere kostbar|mest kostbar	costlier / more precious|costliest / most precious
larmende	noisy		3					a
livlig	lively		3					a	livligere|livligst	more lively|most lively
sjusket	sloppy		3					a
spiselig	edible	FD	3					a	spiseligere|spiseligst	more edible|most edible
træg	sluggish		4					a	trægere|trægest	more sluggish|most sluggish
uforudsigelig	unpredictable		3					a	uforudsigeligere|uforudsigeligst	more unpredictable|most unpredictable
uundværlig	indispensable		4					a
velkendt	well-known		3					a
værdiløs	worthless		3					a	værdiløsere|værdiløsest	more worthless|most worthless
ældgammel	ancient		3					a
øde	deserted		4					a
ansvarsfuld	responsible		3					a	ansvarsfuldere|ansvarsfuldest	more responsible|most responsible
bekymrende	worrying		3					a
blandet	mixed		3					a
fremragende	excellent		3					a
irrationel	irrational		4					a	mere irrationel|mest irrationel	more irrational|most irrational
misvisende	misleading		3					a
sammensat	composite / complex		4					a
tilfældig	random / accidental		2					a	tilfældigere|tilfældigst	more random / more accidental|most random / most accidental
tvivlsom	doubtful		3					a	tvivlsommere|tvivlsomst	more doubtful|most doubtful
vedvarende	persistent / renewable		4					a
vild med	crazy about	FP	2					f
glad for	fond of / happy with	FP	2					f
god til	good at		1					f
dårlig til	bad at		2					f
vant til	used to		2					f
bange for	afraid of	FP	2					f
stolt af	proud of	FP	2					f
sur på	angry with	FP	2					f
vred på	angry at	FP	2					f
jaloux på	jealous of	FP	2					f
ked af	sorry about	FP	2					f
tilfreds med	satisfied with	FP	2					f
færdig med	finished with		2					f
enig med	in agreement with		2					f
afhængig af	dependent on		3					f
opmærksom på	aware of		3					f
bedre	better		1					a
bedst	best		1					a
dejlig	lovely / nice		1					a	dejligere|dejligst	more lovely / nicer|most lovely / nicest
farlig	dangerous		1					a	farligere|farligst	more dangerous|most dangerous
fin	fine / nice / fancy		1					a	finere|finest	finer / nicer / fancier|finest / nicest / fanciest
hård	hard		1					a	hårdere|hårdest	harder|hardest
hyggelig	cozy / nice		1					a	hyggeligere|hyggeligst	cozier / nicer|coziest / nicest
i stykker	broken		2					f
interesseret i	interested in		2					f
klog	wise / clever		2					a	klogere|klogest	wiser / more clever|wisest / most clever
længst	longest / the longest time		2					a
nem	easy		1					a	nemmere|nemmest	easier|easiest
nær	near		2					a	nærmere|nærmest	nearer|nearest
ond	evil / bad		2					a	ondere|ondest	more evil|most evil
perfekt	perfect		1					a
sjælden	rare		2					a	sjældnere|sjældnest	rarer|rarest
spændende	exciting		1					a
størst	biggest		2					a
super	super / great		2					a
tilpas	comfortable / suitable		2					a
underlig	strange / weird		2					a	underligere|underligst	stranger / weirder|strangest / weirdest
vanvittig	crazy / insane		2					a	vanvittigere|vanvittigst	crazier / more insane|craziest / most insane
vild	wild		2					a	vildere|vildest	wilder|wildest
værst	worst		2					a
yndlings-	favorite ...		2					a
økologisk	organic	FD	2					a
anstrengende	strenuous / tiring		3					a
anvendelig	applicable / usable		4					a	anvendeligere|anvendeligst	more applicable / more usable|most applicable / most usable
begavet	gifted / intelligent		4					a
bekendt	familiar / known		2					a
berettiget	justified / entitled		4					a
besværlig	troublesome		3					a	besværligere|besværligst	more troublesome|most troublesome
betænkelig	doubtful / worrying		4					a	betænkeligere|betænkeligst	more doubtful / more worrying|most doubtful / most worrying
blank	shiny / blank		4					a	blankere|blankest	shinier / blanker|shiniest / blankest
brændende	burning		3					a
dristig	bold / daring	FP	4					a	dristigere|dristigst	bolder / more daring|boldest / most daring
dybtgående	thorough / profound		4					a
dødkedelig	deadly boring		3					a
eftertragtet	sought-after		4					a
ejendommelig	peculiar		4					a	ejendommeligere|ejendommeligst	more peculiar|most peculiar
eksklusiv	exclusive		3					a	mere eksklusiv|mest eksklusiv	more exclusive|most exclusive
fantasifuld	imaginative		3					a	fantasifuldere|fantasifuldest	more imaginative|most imaginative
festlig	festive	CH	3					a	festligere|festligst	more festive|most festive
fiktiv	fictional		3					a
fordelagtig	advantageous		4					a	fordelagtigere|fordelagtigst	more advantageous|most advantageous
forgængelig	perishable / transient		4					a	forgængeligere|forgængeligst	more perishable / more transient|most perishable / most transient
forhastet	hasty		4					a
forkælet	spoiled		3					a
forladt	abandoned		2					a
forsømt	neglected		4					a
forståelsesfuld	understanding		3					a
fortjent	deserved		2					a
fremtrædende	prominent		4					a
frygtløs	fearless	FP	4					a	frygtløsere|frygtløsest	more fearless|most fearless
fyldestgørende	satisfactory		4					a
fængslende	captivating		4					a
gennemført	well done / consistent		4					a
glødende	glowing / passionate		4					a
grænseløs	boundless		4					a	grænseløsere|grænseløsest	more boundless|most boundless
gådefuld	mysterious		4					a	gådefuldere|gådefuldest	more mysterious|most mysterious
hektisk	hectic		3					a
hemmelighedsfuld	secretive		4					a	hemmelighedsfuldere|hemmelighedsfuldest	more secretive|most secretive
hjemlig	homely / domestic		4					a	hjemligere|hjemligst	more homely / more domestic|most homely / most domestic
hovedsagelig	mainly		4					d
højtidelig	solemn		4					a	højtideligere|højtideligst	more solemn|most solemn
indbydende	inviting		4					a
indflydelsesrig	influential		4					a	indflydelsesrigere|indflydelsesrigest	more influential|most influential
iøjnefaldende	conspicuous		4					a
klodset	clumsy		3					a
koncentreret	concentrated / focused		3					a
kortvarig	short-lived		3					a	kortvarigere|kortvarigst	more short-lived|most short-lived
langtrukken	long-winded		4					a
levedygtig	viable		4					a	levedygtigere|levedygtigst	more viable|most viable
lidenskabelig	passionate	FP	4					a	lidenskabeligere|lidenskabeligst	more passionate|most passionate
ligeværdig	equal		4					a
lovpligtig	mandatory by law	SP	4					a
lydig	obedient	FP	3					a	lydigere|lydigst	more obedient|most obedient
lysegrøn	light green	CO	2					a
mørkegrøn	dark green	CO	2					a
malerisk	picturesque		4					a
mangelfuld	deficient / inadequate		4					a	mangelfuldere|mangelfuldest	more deficient / more inadequate|most deficient / most inadequate
modstandsdygtig	resilient		4					a	modstandsdygtigere|modstandsdygtigst	more resilient|most resilient
nedslående	disheartening		4					a
nervepirrende	nerve-wracking		4					a
næringsrig	nutritious	FD	4					a	næringsrigere|næringsrigest	more nutritious|most nutritious
omhyggelig	careful / meticulous		4					a	omhyggeligere|omhyggeligst	more careful / more meticulous|most careful / most meticulous
omstændelig	elaborate / long-winded		4					a	omstændeligere|omstændeligst	more elaborate / more long-winded|most elaborate / most long-winded
opfindsom	inventive		4					a	opfindsommere|opfindsomst	more inventive|most inventive
oprørsk	rebellious	FP	4					a
overdreven	exaggerated		3					a
overfladisk	superficial		3					a
overfyldt	overcrowded		3					a
overlegen	superior		4					a
overmodig	overconfident	FP	4					a	overmodigere|overmodigst	more overconfident|most overconfident
overskuelig	manageable / clear		4					a	overskueligere|overskueligst	more manageable / clearer|most manageable / clearest
paradoksal	paradoxical		4					a
passiv	passive		3					a	mere passiv|mest passiv	more passive|most passive
problemfri	problem-free		4					a	problemfriere|problemfriest	more problem-free|most problem-free
påfaldende	striking		4					a
påtrængende	pushy / pressing		4					a
rastløs	restless	FP	3					a
rystende	shocking / shaking		4					a
sammenhængende	coherent		4					a
selvmodsigende	contradictory		4					a
skeptisk	skeptical	FP	3					a
skræmmende	frightening		2					a
skuffende	disappointing		3					a
smagløs	tasteless		4					a	smagløsere|smagløsest	more tasteless|most tasteless
smertelig	painful		4					a	smerteligere|smerteligst	more painful|most painful
snavset	dirty		2					a
spartansk	spartan		4					a
spinkel	slender / frail		4					a	spinklere|spinklest	more slender / frailer|most slender / frailest
spirituel	witty		4					a	mere spirituel|mest spirituel	wittier|wittiest
sporty	sporty	FS	3					a
standhaftig	steadfast		4					a	standhaftigere|standhaftigst	more steadfast|most steadfast
stemningsfuld	atmospheric		4					a	stemningsfuldere|stemningsfuldest	more atmospheric|most atmospheric
stormfuld	stormy		4					a	stormfuldere|stormfuldest	stormier|stormiest
succesfuld	successful		3					a	succesfuldere|succesfuldest	more successful|most successful
tankefuld	pensive		4					a	tankefuldere|tankefuldest	more pensive|most pensive
tankeløs	thoughtless		4					a	tankeløsere|tankeløsest	more thoughtless|most thoughtless
tidskrævende	time-consuming		3					a
tilfredsstillende	satisfying		3					a
tilgivelig	forgivable		4					a	tilgiveligere|tilgiveligst	more forgivable|most forgivable
tillidsfuld	trusting		4					a	tillidsfuldere|tillidsfuldest	more trusting|most trusting
tomhændet	empty-handed		4					a
tvetydig	ambiguous		4					a	tvetydigere|tvetydigst	more ambiguous|most ambiguous
tvungen	forced		4					a
uanstændig	indecent		4					a	uanstændigere|uanstændigst	more indecent|most indecent
ubegribelig	incomprehensible		4					a	ubegribeligere|ubegribeligst	more incomprehensible|most incomprehensible
ubekymret	carefree	FP	4					a
ubelejlig	inconvenient		4					a	ubelejligere|ubelejligst	more inconvenient|most inconvenient
ubestemt	indefinite / vague		4					a
uduelig	incompetent		4					a	udueligere|udueligst	more incompetent|most incompetent
uerfaren	inexperienced		3					a
uforglemmelig	unforgettable		3					a	uforglemmeligere|uforglemmeligst	more unforgettable|most unforgettable
ulydig	disobedient	FP	4					a	ulydigere|ulydigst	more disobedient|most disobedient
umoden	immature		3					a
undvigende	evasive		4					a
uovervindelig	invincible		4					a
upraktisk	impractical		3					a
urealistisk	unrealistic		3					a
uskarp	blurry		4					a	uskarpere|uskarpest	blurrier|blurriest
utaknemmelig	ungrateful		4					a	utaknemmeligere|utaknemmeligst	more ungrateful|most ungrateful
utilstrækkelig	inadequate		4					a	utilstrækkeligere|utilstrækkeligst	more inadequate|most inadequate
uvant	unaccustomed / unfamiliar		4					a
uvedkommende	irrelevant / unauthorized		4					a
varsom	cautious		4					a	varsommere|varsomst	more cautious|most cautious
velbegrundet	well-founded		4					a
veldrevet	well-run		4					a
velfortjent	well-deserved		4					a
velhavende	wealthy	MB	4					a
velholdt	well-kept		4					a
velklædt	well-dressed		4					a
velopdragen	well-behaved		4					a
vidtrækkende	far-reaching		4					a
vindende	winning		4					a
vittig	witty		4					a	vittigere|vittigst	wittier|wittiest
værdsat	appreciated		3					a
ærefuld	honorable		4					a	ærefuldere|ærefuldest	more honorable|most honorable
ærgerrig	ambitious	FP	3					a	ærgerrigere|ærgerrigst	more ambitious|most ambitious
ødelæggende	destructive		4					a
ønskelig	desirable		4					a	ønskeligere|ønskeligst	more desirable|most desirable
åndelig	spiritual / mental		4					a	åndeligere|åndeligst	more spiritual / more mental|most spiritual / most mental
årvågen	alert / vigilant		4					a
forestående	upcoming / impending		4					a
jeg	I		1					p
du	you (one person)		1					p
han	he		1					p
hun	she		1					p
den	it (en-word) / the		1					p
det	it / that / the		1					p
vi	we		1					p
I	you (plural)		1					p
de	they		1					p
mig	me		1					p
dig	you (object)		1					p
ham	him		1					p
hende	her		1					p
os	us		1					p
jer	you (plural, object)		1					p
dem	them		1					p
sig	himself / herself / itself / themselves		1					p
min	my / mine (en-word)		1					p
mit	my / mine (et-word)		1					p
mine	my / mine (plural)		1					p
din	your / yours (en-word)		1					p
dit	your / yours (et-word)		1					p
dine	your / yours (plural)		1					p
hans	his		1					p
hendes	her / hers		1					p
dens	its (en-word)		2					p
dets	its (et-word)		2					p
vores	our / ours		1					p
jeres	your / yours (plural)		1					p
deres	their / theirs		1					p
sin	his / her / its own (en-word)		1					p
sit	his / her / its own (et-word)		1					p
sine	his / her / its own (plural)		1					p
denne	this (en-word)		1					p
dette	this (et-word)		1					p
disse	these		1					p
der	there / who / which		1					p
her	here		1					d
ikke	not		1					d
noget	something / some / anything		1					p
nogen	someone / anyone / any		1					p
nogle	some / a few		1					p
ingen	no one / no / none		1					p
intet	nothing / no (et-word)		2					p
ingenting	nothing		1					p
alle	everyone / all		1					p
alt	everything / all		1					p
al	all (en-word)		2					p
bare	just / only		1					d
mere	more		1					d
mest	most		1					d
igen	again	TC	1					d
tilbage	back		1					d
sammen	together		1					d
sådan	like that / such		1					p
væk	away / gone		1					d
gang	time (occasion) / walk	TC	1		en			n	gangen|gange	the time (occasion) / the walk|times / walks
mange	many		1					p
stadig	still		1					d
virkelig	really		1					d
fint	fine / nicely		1					d
gerne	gladly / would like to		1					d
vel	I suppose / surely		2					d
flere	more (in number) / several		1					p
hver	each / every		1					p
først	first / not until	TC	1					d
engang	once / some day	TC	2					d
faktisk	actually		1					d
begge	both		1					p
hinanden	each other		1					p
heller	either (in "not either")		1					d
hellere	rather		2					d
nogensinde	ever		2					d
helst	preferably / rather		2					d
tidligere	earlier / former		2					d
mindre	less / smaller		1					d
præcis	exactly / precise		2					d
hvert	each / every (et-word)		1					p
endelig	finally / by all means		2					d
oppe	up (there)		1					d
derude	out there		2					d
derinde	in there		2					d
herinde	in here		2					d
desværre	unfortunately		1					d
blot	merely / just		2					d
afsted	off / away		2					d
hertil	here (to this place) / to this		2					d
overhovedet	at all		2					d
enhver	anyone / every		2					p
netop	exactly / just		2					d
alting	everything		2					p
naturligvis	of course		2					d
midt	in the middle		2					d
egentlig	actually / really		2					d
overalt	everywhere		2					d
derovre	over there		2					d
dengang	back then	TC	2					d
endda	even		2					d
åbenbart	apparently		2					d
især	especially		2					d
mindst	least / at least		2					d
ovenpå	upstairs	HH	2					d
derfra	from there		2					d
dernede	down there		2					d
derefter	after that		2					d
deroppe	up there		3					d
herfra	from here		2					d
derhen	(to) there		2					d
evigt	forever		2					d
personligt	personally		2					d
ekstra	extra		1					d
ganske	quite / fairly		2					d
fuldstændig	completely		2					d
absolut	absolutely		2					d
herude	out here		3					d
herhen	(to) here		3					d
halvdelen	half (of it)	NC	2		en			n
derhjemme	at home	HH	1					d
totalt	totally		2					d
næppe	hardly / barely		3					d
seneste	latest / most recent		2					a
visse	certain (some)		3					p
muligvis	possibly		2					d
bestemt	definitely / certain		2					d
direkte	directly / direct		2					d
cirka	approximately		2					d
dobbelt	double	NC	2					u
lettere	easier / lighter / slightly		2					d
forfra	from the beginning		2					d
ligefrem	downright / straightforward		3					d
nylig	recently	TC	2					d
heldigvis	fortunately		2					d
imens	meanwhile	TC	2					d
nærmest	almost / nearest		3					d
stadigvæk	still		2					d
indeni	inside		2					d
officielt	officially		3					d
forhåbentlig	hopefully		2					d
sandsynligvis	probably		2					d
temmelig	rather / fairly		2					d
tydeligvis	obviously		3					d
galt	wrong / bad		2					a
højst	at most / highly		2					d
sagtens	easily / surely		2					d
yderst	extremely / outermost		3					d
simpelthen	simply		2					d
sommetider	sometimes	TC	2					d
afgjort	decided / definitely		3					d
tilsyneladende	apparently		3					d
yderligere	further / additional		2					d
ligeså	just as		3					d
garanteret	guaranteed		3					d
i øvrigt	by the way / moreover		2					d
rigeligt	plenty		3					d
uhyre	immensely / monster		4					d
megen	much		3					p
omvendt	reverse / the other way around		3					d
sandelig	indeed / truly		4					d
hvorfra	from where		2					d
fortsat	continued / still		2					d
desto	the (more…) / all the		3					d
snarere	rather		3					d
alverden	the whole world / all sorts		4					d
bagud	behind (in time/score)		3					d
nødig	reluctantly ("vil nødig" = would rather not)		3					d
offentligt	publicly		3					d
i gang	going / underway		2					d
øverst	at the top		3					d
sådanne	such (plural)		3					p
tilfældigt	randomly / by chance		3					d
formentlig	presumably		3					d
hermed	herewith / hereby		3					d
tilfældigvis	by chance		3					d
ethvert	any / every (et-word)		3					p
enormt	enormously		2					d
omgående	immediately	TC	3					d
vældig	very / mighty		2					d
nøje	closely / carefully		3					d
ekstremt	extremely		2					d
grundigt	thoroughly		3					d
forgæves	in vain		3					d
således	thus / like this		2					d
indefra	from the inside		3					d
udefra	from outside		3					d
adskillige	several		3					p
bagfra	from behind		3					d
bogstaveligt	literally		3					d
nødvendigvis	necessarily		3					d
nøjagtigt	exactly		3					d
kvit	even / quits		4					a
halvvejs	halfway		3					d
samtlige	all (every single one)		3					p
færre	fewer		2					p
baglæns	backwards		3					d
fortroligt	confidentially		3					d
omsider	at last / finally	TC	4					d
ligeud	straight ahead / straight out		3					d
opad	upward		3					d
indimellem	now and then		3					d
positivt	positively		3					d
nedad	downward		3					d
inderst	innermost / deep down		3					d
skråt	diagonally / at an angle		3					d
hidtil	so far / until now	TC	3					d
kraftigt	strongly / heavily		3					d
stramt	tightly		3					d
knapt	barely / scarcely		3					d
fremover	from now on	TC	3					d
tværtimod	on the contrary		3					d
atter	again	TC	3					d
udelukkende	exclusively		3					d
trygt	safely		3					d
forude	ahead	TC	3					d
forud	ahead / in advance	TC	3					d
omtrent	about / approximately		2					d
derimod	on the other hand		3					d
skarpt	sharply		3					d
forrest	at the front		3					d
til fælles	in common		2					d
med forsæt	on purpose		4					d
utallige	countless		3					a
følelsesmæssigt	emotionally		3					d
mentalt	mentally		3					d
specifikt	specifically		3					d
lokalt	locally		3					d
sågar	even		4					d
nogenlunde	fairly / reasonably		2					d
anonymt	anonymously		3					d
foreløbig	for the time being / preliminary	TC	2					d
aldeles	entirely / quite		4					d
endeligt	definitively		3					d
på forhånd	in advance	TC	2					d
udenad	by heart	SL	3					d
ellers	otherwise / or else		1					d
nedenunder	below / downstairs		2					d
sidenhen	since then / later on	TC	4					d
somme tider	sometimes	TC	2					d
tilmed	moreover		3					d
tilsammen	together / in total		2					d
trods alt	after all		3					d
vist	probably / I think		2					d
vistnok	apparently / I believe		3					d
øjensynligt	apparently		4					d
bogstavelig talt	literally		3					d
dernæst	next / then	TC	3					d
derudover	in addition		3					d
endvidere	furthermore		4					d
fortrinsvis	chiefly / mainly		4					d
generelt	generally		2					d
gradvist	gradually		3					d
hovedsageligt	mainly		3					d
jævnligt	regularly	TC	3					d
løbende	continuously / ongoing		3					d
oftest	most often	TC	2					d
primært	primarily		3					d
relativt	relatively		3					d
umiddelbart	immediately / at first sight		3					d
utroligt	incredibly		2					d
ganske vist	admittedly		3					d
ikke desto mindre	nevertheless		3					d
i stedet	instead		2					d
ligeledes	likewise		4					d
navnlig	especially / in particular		4					d
så at sige	so to speak		3					d
under alle omstændigheder	in any case		3					d
hvilket	which (et-word)		2					p
hvilke	which (plural)		2					p
indenfor	inside		1					d
udenfor	outside		1					d
man	one / you (general)		1					p
nemt	easily		1					d
nødt til	have to / forced to		2					f
slut	over / finished		1					a
som helst	at all / any (whatever)		2					p
enkeltvis	one by one		4					d
forholdsvis	relatively		3					d
i	in		1					r
på	on		1					r
til	to		1					r
fra	from		1					r
med	with		1					r
uden	without		1					r
for	for		1					r
om	about / around		1					r
over	over		1					r
under	under		1					r
ved	by / at		1					r
hos	at someone's place		1					r
mellem	between		1					r
gennem	through		2					r
imod	against		2					r
efter	after		1					r
før	before		1					r
siden	since		1					r
indtil	until		1					r
mens	while		1					c
da	when (past)		1					c
når	when (general/future)		1					c
hvis	if		1					c
fordi	because		1					c
så	so / then		1					c
men	but		1					c
og	and		1					c
eller	or		1					c
derfor	therefore		1					d
altså	thus / so		1					d
dog	however		1					d
alligevel	nevertheless		2					d
desuden	furthermore		2					d
også	also		1					d
kun	only		1					d
både…og	both…and		2					c
enten…eller	either…or		2					c
hverken…eller	neither…nor		2					c
selv	even / self		1					p
næsten	almost		1					d
helt	completely		1					d
lidt	a little		1					d
meget	very / a lot		1					d
nok	enough / probably		1					d
hvor	where		1					d
hvorfor	why		1					d
hvordan	how		1					d
hvornår	when (question)		1					d
hvem	who		1					p
hvad	what		1					p
hvilken	which		1					p
op	up		1					d
ned	down		1					d
ind	in (direction)		1					d
ud	out (direction)		1					d
hen	over / toward		2					d
forbi	past / by		1					r
omkring	around		1					r
skønt	although		3					c
medmindre	unless		2					c
forudsat at	provided that		3					c
i tilfælde af	in case of		2					r
i mangel af	for lack of		4					r
som følge af	as a result of		3					r
i kraft af	by virtue of		4					r
med hensyn til	regarding		3					r
angående	concerning		3					r
bortset fra	apart from		2					r
ud over	besides		2					r
ligesom	just like		1					c
hvorimod	whereas		3					c
hvorved	whereby		4					c
hvorefter	after which		4					c
som	who / which / that / as		1					p
end	than		1					c
bag	behind		1					r
igennem	through		1					r
foran	in front of		1					r
uanset	regardless of / no matter		2					r
ifølge	according to		2					r
hverken	neither		2					c
enten	either		2					c
overfor	opposite / across from		2					r
trods	despite		2					r
imellem	between / in between		2					r
undtagen	except		2					r
udover	besides / beyond		2					r
via	via		2					r
eftersom	since / because		3					c
såsom	such as		3					r
samt	as well as		2					c
inklusive	including		2					r
vedrørende	concerning		3					r
iblandt	among		4					r
hinsides	beyond		4					r
foruden	besides / apart from		3					r
bagom	behind		3					r
blandt	among		2					r
dels ... dels	partly ... partly		3					c
efterhånden som	as (gradually)		3					c
endskønt	although		4					c
fremfor	rather than		3					r
hvorvidt	whether		3					c
i og med	since / given that		3					c
idet	as / since		2					c
jo ... desto	the ... the		4					c
langs	along		3					r
ovenover	above		3					r
som om	as if		2					c
så længe	as long as		2					c
så snart	as soon as		2					c
så vidt	as far as		3					c
hellere end	rather than		2					c
bagved	behind		2					r
ved siden af	next to		1					r
hej	hi	GR	1					f
farvel	goodbye	GR	1					f
godmorgen	good morning	GR	1					f
godaften	good evening	GR	1					f
godnat	good night	GR	1					f
tak	thanks	GR	1					f
tak for det	thanks for that	GR	1					f
selv tak	you're welcome	GR	1					f
undskyld	sorry / excuse me	GR	1					f
det gør ikke noget	it's ok / no problem	GR	1					f
hvordan går det?	how's it going?	GR	1					f
det går godt	it's going well	GR	1					f
hvad hedder du?	what's your name?	GR	1					f
jeg hedder…	my name is…	GR	1					f
hvor kommer du fra?	where are you from?	GR	1					f
jeg kommer fra…	I'm from…	GR	1					f
hvor gammel er du?	how old are you?	GR	1					f
jeg forstår ikke	I don't understand	GR	1					f
kan du gentage det?	can you repeat that?	GR	1					f
tal langsomt	speak slowly	GR	1					f
hvad betyder det?	what does that mean?	GR	1					f
det ved jeg ikke	I don't know	GR	1					f
det tror jeg ikke	I don't think so	GR	1					f
måske	maybe		1					d
selvfølgelig	of course		1					d
det er lige meget	it doesn't matter	GR	1					f
hvor meget koster det?	how much does it cost?	GR	1					f
må jeg få regningen?	may I have the bill?	GR	1					f
værsgo	here you go	GR	1					f
god fornøjelse	enjoy	GR	1					f
held og lykke	good luck	GR	1					f
tillykke	congratulations	GR	1					f
vi ses	see you	GR	1					f
vi tales ved	talk soon	GR	2					f
pas på dig selv	take care	GR	2					f
god weekend	have a good weekend	GR	1					f
god appetit	bon appétit	GR	1					f
hvad så?	what's up?	GR	1					f
det er lige det	that's exactly it	GR	2					f
i det store hele	all in all		3					d
det kommer an på	it depends	GR	2					f
sådan er det bare	that's just how it is	GR	2					f
tag det roligt	take it easy / calm down	GR	2					f
hold op	stop it	GR	2					f
lad være	don't / stop	GR	2					f
kom nu	come on	GR	1					f
vent lidt	wait a bit	GR	1					f
skynd dig	hurry up	GR	2					f
pas på	watch out / be careful	GR	1					f
det er synd	that's a shame	GR	2					f
sikke noget	what a thing / wow	GR	2					f
hold da op	wow / whoa	GR	2					f
er du sikker?	are you sure?	GR	1					f
jeg er enig	I agree	IO	2					f
jeg er uenig	I disagree	IO	2					f
det giver mening	that makes sense	GR	2					f
det giver ikke mening	that doesn't make sense	GR	2					f
i mellemtiden	in the meantime		2					d
med det samme	right away		2					d
lidt efter lidt	little by little		2					d
i hvert fald	in any case / at least		2					d
for eksempel	for example		1					d
med andre ord	in other words		2					d
det vil sige	that is to say	GR	2					f
på trods af	despite		2					r
på grund af	because of		2					r
selvom	even though		2					c
i stedet for	instead of		2					r
i forhold til	in relation to		2					r
fra tid til anden	from time to time		3					d
en gang imellem	once in a while		2					d
det kan man ikke vide	you never know	GR	2					f
lad os se	let's see	GR	2					f
det håber jeg	I hope so	GR	1					f
det tror jeg	I think so	GR	1					f
stort set	basically		2					d
i det mindste	at least		2					d
hvis jeg var dig	if I were you	GR	2					f
at være enig	to agree	IO	2	er enig|var enig|været enig		jeg er enig|jeg var enig|jeg har været enig	I agree|I agreed|I have agreed	v
at være uenig	to disagree	IO	2	er uenig|var uenig|været uenig		jeg er uenig|jeg var uenig|jeg har været uenig	I disagree|I disagreed|I have disagreed	v
at modsige	to contradict	IO	3	modsiger|modsagde|modsagt		jeg modsiger|jeg modsagde|jeg har modsagt	I contradict|I contradicted|I have contradicted	v
at understøtte	to support	IO	3	understøtter|understøttede|understøttet		jeg understøtter|jeg understøttede|jeg har understøttet	I support|I supported|I have supported	v
at bestride	to dispute	IO	4	bestrider|bestred|bestridt		jeg bestrider|jeg bestred|jeg har bestridt	I dispute|I disputed|I have disputed	v
at retfærdiggøre	to justify	IO	3	retfærdiggør|retfærdiggjorde|retfærdiggjort		jeg retfærdiggør|jeg retfærdiggjorde|jeg har retfærdiggjort	I justify|I justified|I have justified	v
at understrege	to emphasize	IO	3	understreger|understregede|understreget		jeg understreger|jeg understregede|jeg har understreget	I emphasize|I emphasized|I have emphasized	v
at antyde	to imply	IO	3	antyder|antydede|antydet		jeg antyder|jeg antydede|jeg har antydet	I imply|I implied|I have implied	v
at konkludere	to conclude	IO	3	konkluderer|konkluderede|konkluderet		jeg konkluderer|jeg konkluderede|jeg har konkluderet	I conclude|I concluded|I have concluded	v
at generalisere	to generalize	IO	3	generaliserer|generaliserede|generaliseret		jeg generaliserer|jeg generaliserede|jeg har generaliseret	I generalize|I generalized|I have generalized	v
at sammenligne	to compare	IO	2	sammenligner|sammenlignede|sammenlignet		jeg sammenligner|jeg sammenlignede|jeg har sammenlignet	I compare|I compared|I have compared	v
at modstille	to contrast	IO	4	modstiller|modstillede|modstillet		jeg modstiller|jeg modstillede|jeg har modstillet	I contrast|I contrasted|I have contrasted	v
at vurdere	to evaluate	IO	3	vurderer|vurderede|vurderet		jeg vurderer|jeg vurderede|jeg har vurderet	I evaluate|I evaluated|I have evaluated	v
at kritisere	to criticize	IO	2	kritiserer|kritiserede|kritiseret		jeg kritiserer|jeg kritiserede|jeg har kritiseret	I criticize|I criticized|I have criticized	v
at rose	to praise	IO	2	roser|roste|rost		jeg roser|jeg roste|jeg har rost	I praise|I praised|I have praised	v
efter min mening	in my opinion	GR	2					f
på den ene side	on one hand	GR	2					f
på den anden side	on the other hand	GR	2					f
i modsætning til	in contrast to		3					r
alt i alt	all in all		2					d
kort sagt	in short		2					d
at slå to fluer med et smæk	to kill two birds with one stone	GR	3					f
at tage tyren ved hornene	to take the bull by the horns	GR	3					f
at falde med næsen i smøret	to strike lucky	GR	3					f
at have en finger med i spillet	to be involved in something	GR	4					f
at gå over åen efter vand	to make things unnecessarily complicated	GR	4					f
at kaste håndklædet i ringen	to throw in the towel	GR	3					f
at være ude i god tid	to be well ahead of time	GR	3					f
at stikke en kæp i hjulet	to throw a wrench in the works	GR	4					f
at tage skeen i den anden hånd	to change one's approach	GR	4					f
at have hjertet på rette sted	to have one's heart in the right place	GR	3					f
at gøre en dyd af nødvendigheden	to make a virtue of necessity	GR	4					f
at være på bar bund	to be at a total loss	GR	3					f
at ramme plet	to hit the mark	GR	3					f
at gå agurk	to go crazy	GR	3					f
at tale udenom	to beat around the bush	GR	3					f
ja	yes	GR	1					f
nej	no	GR	1					f
jo	yes (answering a negative question) / you know	GR	1					f
nå	well / oh	GR	1					f
jamen	but / well	GR	2					f
javel	I see / very well	GR	2					f
nemlig	exactly / you see	GR	2					f
venligst	please (formal)	GR	2					f
forresten	by the way		2					d
vrøvl	nonsense	GR	2		et			n	vrøvlet	the nonsense
goddag	good day / hello (formal)	GR	1					f
hallo	hello	GR	1					f
hvabehar	pardon? / excuse me?	GR	2					f
tja	well (hesitating)	GR	2					f
gudskelov	thank God	GR	3					f
jaså	is that so	GR	2					f
glædelig jul	merry Christmas	GR	1					f
hold kæft	shut up	GR	2					f
pyt	never mind	GR	2					f
davs	hi	GR	2					f
hejsa	hi there	GR	2					f
jøsses	gosh	GR	3					f
bravo	bravo	GR	2					f
halløj	hey / hello there	GR	2					f
pjat	nonsense	GR	2		et			n	pjattet	the nonsense
møg	muck / crap	GR	3		et			n	møget	the muck / the crap
hurra	hooray	GR	2					f
velbekomme	enjoy (your meal) / you're welcome (after a meal)	GR	2					f
nuvel	well now	GR	4					f
uha	oh dear	GR	2					f
det går fint	it's going fine	GR	1					f
hvad laver du?	what are you doing?	GR	1					f
hyggeligt at møde dig	nice to meet you	GR	1					f
i lige måde	likewise / same to you	GR	2					f
tak for mad	thanks for the meal	GR	1					f
tak for i dag	thanks for today	GR	1					f
tak for sidst	thanks for last time	GR	2					f
ingen årsag	don't mention it	GR	2					f
mange tak	thank you very much	GR	1					f
tusind tak	thanks a lot	GR	1					f
undskyld mig	excuse me	GR	1					f
ingen problemer	no problem	GR	1					f
det er i orden	it's okay	GR	2					f
hvad hedder det på dansk?	what is that called in Danish?	GR	2					f
taler du engelsk?	do you speak English?	GR	1					f
lidt langsommere, tak	a bit slower, please	GR	1					f
hvor er toilettet?	where is the restroom?	GR	1					f
hvad koster det?	how much does it cost?	GR	1					f
jeg vil gerne have	I would like	GR	1					f
må jeg bede om regningen?	may I have the bill?	GR	2					f
kan jeg betale med kort?	can I pay by card?	GR	2					f
skal vi ikke bare...?	shall we just...?	GR	2					f
god tur	have a good trip	GR	1					f
god bedring	get well soon	GR	1					f
godt nytår	happy New Year	GR	1					f
god påske	happy Easter	GR	2					f
tillykke med fødselsdagen	happy birthday	GR	1					f
hav en god dag	have a good day	GR	1					f
på gensyn	see you again	GR	1					f
vi snakkes	talk to you later	GR	2					f
ses i morgen	see you tomorrow	GR	1					f
hej med dig	hi there / bye	GR	2					f
det lyder godt	that sounds good	GR	1					f
det er fint med mig	that's fine with me	GR	2					f
det er en god idé	that's a good idea	GR	2					f
det er rigtigt	that's right	GR	1					f
det passer	that's true	GR	2					f
det passer ikke	that's not true	GR	2					f
for pokker	darn it	GR	2					f
for søren	oh dear / goodness	GR	2					f
av	ouch	GR	2					f
føj	yuck	GR	2					f
nå ja	oh right	GR	2					f
nå men	well then	GR	2					f
okay så	okay then	GR	2					f
sikke en dag	what a day	GR	2					f
det var dog utroligt	that's incredible	GR	2					f
det kan godt være	that may be	GR	2					f
jeg glæder mig	I'm looking forward to it	GR	2					f
jeg har det godt	I'm doing well	GR	1					f
jeg har det skidt	I'm not doing well	GR	1					f
jeg er ked af det	I'm sad / I'm sorry	GR	1					f
det er min skyld	it's my fault	GR	2					f
først og fremmest	first and foremost	GR	2					f
til gengæld	on the other hand / in return		3					d
blandt andet	among other things		2					d
i det hele taget	on the whole / generally		2					d
i virkeligheden	in reality / actually		2					d
i princippet	in principle		2					d
som regel	as a rule / usually		2					d
for det meste	mostly		2					d
lige om lidt	in just a moment		2					d
i gang med	busy with		2					r
på vej	on the way		1					d
på tide	about time	GR	2					f
ud over det	besides that		2					d
uden tvivl	without a doubt		2					d
i orden	all right / in order	GR	1					f
ikke engang	not even		2					d
ikke endnu	not yet		1					d
ikke mere	no more / not anymore		1					d
slet ikke	not at all		2					d
næsten aldrig	almost never		2					d
lige meget hvad	no matter what		2					d
hvad som helst	anything		2					p
hvem som helst	anyone		2					p
hvor som helst	anywhere		2					d
når som helst	anytime		2					d
hvad med dig?	what about you?	GR	1					f
hvad er klokken?	what time is it?	TC	1					f
klokken er fem	it's five o'clock	TC	1					f
halv tre	half past two	TC	1					f
kvart over	quarter past	TC	1					f
kvart i	quarter to	TC	1					f
at have ret	to be right	GR	1	har ret|havde ret|haft ret		jeg har ret|jeg havde ret|jeg har haft ret	I am right|I was right|I have been right	v
at have lyst til	to feel like / want to	GR	2	har lyst til|havde lyst til|haft lyst til		jeg har lyst til|jeg havde lyst til|jeg har haft lyst til	I feel like / want to|I felt like / wanted to|I have felt like / wanted to	v
at have brug for	to need	GR	1	har brug for|havde brug for|haft brug for		jeg har brug for|jeg havde brug for|jeg har haft brug for	I need|I needed|I have needed	v
at have råd til	to afford	GR	2	har råd til|havde råd til|haft råd til		jeg har råd til|jeg havde råd til|jeg har haft råd til	I can afford|I could afford|I have been able to afford	v
at have ondt i	to have a pain in	GR	2	har ondt i|havde ondt i|haft ondt i		jeg har ondt i|jeg havde ondt i|jeg har haft ondt i	I have a pain in|I had a pain in|I have had a pain in	v
at have svært ved	to find it hard to	GR	2	har svært ved|havde svært ved|haft svært ved		jeg har svært ved|jeg havde svært ved|jeg har haft svært ved	I find it hard to|I found it hard to|I have found it hard to	v
at have let ved	to find it easy to	GR	2	har let ved|havde let ved|haft let ved		jeg har let ved|jeg havde let ved|jeg har haft let ved	I find it easy to|I found it easy to|I have found it easy to	v
at gøre sit bedste	to do one's best	GR	2	gør sit bedste|gjorde sit bedste|gjort sit bedste		jeg gør mit bedste|jeg gjorde mit bedste|jeg har gjort mit bedste	I do my best|I did my best|I have done my best	v
at gøre grin med	to make fun of	GR	2	gør grin med|gjorde grin med|gjort grin med		jeg gør grin med|jeg gjorde grin med|jeg har gjort grin med	I make fun of|I made fun of|I have made fun of	v
at gøre en forskel	to make a difference	IO	2	gør en forskel|gjorde en forskel|gjort en forskel		jeg gør en forskel|jeg gjorde en forskel|jeg har gjort en forskel	I make a difference|I made a difference|I have made a difference	v
at tage det roligt	to take it easy	GR	2	tager det roligt|tog det roligt|taget det roligt		jeg tager det roligt|jeg tog det roligt|jeg har taget det roligt	I take it easy|I took it easy|I have taken it easy	v
at tage en beslutning	to make a decision	GR	2	tager en beslutning|tog en beslutning|taget en beslutning		jeg tager en beslutning|jeg tog en beslutning|jeg har taget en beslutning	I make a decision|I made a decision|I have made a decision	v
at tage sig tid	to take one's time	GR	2	tager sig tid|tog sig tid|taget sig tid		jeg tager mig tid|jeg tog mig tid|jeg har taget mig tid	I take my time|I took my time|I have taken my time	v
at give en hånd med	to give a hand	GR	2	giver en hånd med|gav en hånd med|givet en hånd med		jeg giver en hånd med|jeg gav en hånd med|jeg har givet en hånd med	I give a hand|I gave a hand|I have given a hand	v
at få ret	to be proven right	GR	2	får ret|fik ret|fået ret		jeg får ret|jeg fik ret|jeg har fået ret	I am proven right|I was proven right|I have been proven right	v
at få styr på	to get control of / sort out	GR	2	får styr på|fik styr på|fået styr på		jeg får styr på|jeg fik styr på|jeg har fået styr på	I get control of / sort out|I got control of / sorted out|I have gotten control of / sorted out	v
at få nok	to have had enough	GR	2	får nok|fik nok|fået nok		jeg får nok|jeg fik nok|jeg har fået nok	I get fed up (have had enough)|I got fed up|I have gotten fed up	v
at holde ord	to keep one's word	GR	3	holder ord|holdt ord|holdt ord		jeg holder ord|jeg holdt ord|jeg har holdt ord	I keep my word|I kept my word|I have kept my word	v
at holde med	to support (a team / side)	GR	2	holder med|holdt med|holdt med		jeg holder med|jeg holdt med|jeg har holdt med	I support (a team / side)|I supported (a team / side)|I have supported (a team / side)	v
at slå et smut forbi	to drop by	GR	3	slår et smut forbi|slog et smut forbi|slået et smut forbi		jeg slår et smut forbi|jeg slog et smut forbi|jeg har slået et smut forbi	I drop by|I dropped by|I have dropped by	v
at skifte mening	to change one's mind	GR	2	skifter mening|skiftede mening|skiftet mening		jeg skifter mening|jeg skiftede mening|jeg har skiftet mening	I change my mind|I changed my mind|I have changed my mind	v
at gå i stå	to come to a standstill	GR	3	går i stå|gik i stå|gået i stå		det går i stå|det gik i stå|det er gået i stå	it comes to a standstill|it came to a standstill|it has come to a standstill	v
at gå i panik	to panic	GR	2	går i panik|gik i panik|gået i panik		jeg går i panik|jeg gik i panik|jeg er gået i panik	I panic|I panicked|I have panicked	v
at gå galt	to go wrong	GR	2	går galt|gik galt|gået galt		det går galt|det gik galt|det er gået galt	it goes wrong|it went wrong|it has gone wrong	v
at gå som smurt	to go smoothly	GR	3	går som smurt|gik som smurt|gået som smurt		det går som smurt|det gik som smurt|det er gået som smurt	it goes smoothly|it went smoothly|it has gone smoothly	v
at komme i gang	to get started		2	kommer i gang|kom i gang|kommet i gang		jeg kommer i gang|jeg kom i gang|jeg er kommet i gang	I get started|I got started|I have gotten started	v
at komme til skade	to get hurt	GR	2	kommer til skade|kom til skade|kommet til skade		jeg kommer til skade|jeg kom til skade|jeg er kommet til skade	I get hurt|I got hurt|I have gotten hurt	v
at falde i god jord	to go down well	GR	3	falder i god jord|faldt i god jord|faldet i god jord		det falder i god jord|det faldt i god jord|det er faldet i god jord	it goes down well|it went down well|it has gone down well	v
at tale med store bogstaver	to speak bluntly	GR	4					f
at feje noget ind under gulvtæppet	to sweep something under the rug	GR	4					f
at være oppe at køre	to be worked up	GR	3					f
at gå som katten om den varme grød	to beat around the bush	GR	4					f
at have en høne at plukke med nogen	to have a bone to pick with someone	GR	4					f
at stikke en finger i jorden	to take stock / reflect	GR	4					f
at have is i maven	to keep cool / stay calm	GR	4					f
at holde tand for tunge	to keep quiet	GR	4					f
at få kolde fødder	to get cold feet	GR	3					f
at være på Herrens mark	to be completely lost	GR	4					f
at snakke om vejret	to make small talk	GR	2					f
der er ingen ko på isen	there's nothing to worry about	GR	3					f
det er ikke så svært	it's not that hard	GR	3					f
nu skal du høre	now listen	GR	2					f
det var på høje tid	it was high time	GR	3					f
det er hip som hap	it's six of one, half a dozen of the other	GR	3					f
bedre sent end aldrig	better late than never	GR	2					f
øvelse gør mester	practice makes perfect	GR	3					f
man skal ikke skue hunden på hårene	don't judge a book by its cover	GR	4					f
den tid, den sorg	cross that bridge when we come to it	GR	4					f
ude af øje, ude af sind	out of sight, out of mind	GR	3					f
en hilsen	a greeting	GR	2					n	hilsenen|hilsner	the greeting|greetings
jeg beklager	I'm sorry (formal)	GR	2					f
det er	it is / that is	GR	1					f
det var så lidt	you're welcome / don't mention it	GR	1					f
er det ...?	is it ...?	GR	1					f
hvordan har du det?	how are you?	GR	1					f
kan jeg købe ...?	can I buy ...?	GR	1					f
nederen	a bummer (slang)	GR	3					f
okay	okay	GR	1					f
sgu	damn (mild intensifier)	GR	2					f
sikke	what a ... (exclamation)	GR	2					f
sov godt	sleep well	GR	1					f
stop	stop	GR	1					f
velkommen	welcome	GR	1					f
wow	wow	GR	1					f
en / et	one	NC	1					u
to	two	NC	1					u
tre	three	NC	1					u
fire	four	NC	1					u
fem	five	NC	1					u
seks	six	NC	1					u
syv	seven	NC	1					u
otte	eight	NC	1					u
ni	nine	NC	1					u
ti	ten	NC	1					u
elleve	eleven	NC	1					u
tolv	twelve	NC	1					u
tretten	thirteen	NC	1					u
fjorten	fourteen	NC	1					u
femten	fifteen	NC	1					u
seksten	sixteen	NC	1					u
sytten	seventeen	NC	1					u
atten	eighteen	NC	1					u
nitten	nineteen	NC	1					u
tyve	twenty	NC	1					u
tredive	thirty	NC	1					u
fyrre	forty	NC	1					u
halvtreds	fifty	NC	1					u
tres	sixty	NC	1					u
halvfjerds	seventy	NC	1					u
firs	eighty	NC	1					u
halvfems	ninety	NC	1					u
hundrede	hundred	NC	1					u
tusind	thousand	NC	1					u
million	million	NC	2					u
første	first	NC	1					u
anden	second	NC	1					u
tredje	third	NC	1					u
fjerde	fourth	NC	1					u
femte	fifth	NC	1					u
sidste	last	NC	1					u
mandag	Monday	TC	1		en			n
tirsdag	Tuesday	TC	1		en			n
onsdag	Wednesday	TC	1		en			n
torsdag	Thursday	TC	1		en			n
fredag	Friday	TC	1		en			n
lørdag	Saturday	TC	1		en			n
søndag	Sunday	TC	1		en			n
januar	January	TC	1		et			n
februar	February	TC	1		et			n
marts	March	TC	1		et			n
april	April	TC	1		et			n
maj	May	TC	1		et			n
juni	June	TC	1		et			n
juli	July	TC	1		et			n
august	August	TC	1		et			n
september	September	TC	1		et			n
oktober	October	TC	1		et			n
november	November	TC	1		et			n
december	December	TC	1		et			n
i dag	today	TC	1					d
i morgen	tomorrow	TC	1					d
i går	yesterday	TC	1					d
nu	now	TC	1					d
senere	later	TC	1					d
snart	soon	TC	1					d
altid	always	TC	1					d
aldrig	never	TC	1					d
nogle gange	sometimes	TC	1					d
ofte	often	TC	1					d
sjældent	rarely	TC	2					d
tidligt	early	TC	1					d
sent	late	TC	1					d
klokken	the clock / o'clock	TC	1					d
halv	half	NC	1					u
kvart	quarter	NC	1					u
en weekend	a weekend	TC	1					n	weekenden|weekender	the weekend|weekends
en ferie	a vacation	TC	1					n	ferien|ferier	the vacation|vacations
en fødselsdag	a birthday	TC	1					n	fødselsdagen|fødselsdage	the birthday|birthdays
et øjeblik	a moment	TC	1					n	øjeblikket|øjeblikke	the moment|moments
en periode	a period	TC	2					n	perioden|perioder	the period|periods
øjeblikkeligt	immediately	TC	3					d
straks	right away	TC	2					d
længe	for a long time	TC	1					d
endnu	yet / still	TC	1					d
allerede	already	TC	1					d
nul	zero	NC	1					u
i sidste ende	in the end	TC	2					d
i første omgang	at first	TC	3					d
efterhånden	gradually	TC	2					d
pludselig	suddenly	TC	2					d
i forvejen	already / beforehand	TC	3					d
bagefter	afterwards	TC	1					d
undervejs	along the way	TC	3					d
indtil videre	for now / so far	TC	2					d
fra nu af	from now on	TC	2					d
indtil nu	until now	TC	2					d
for evigt	forever	TC	2					d
lejlighedsvis	occasionally	TC	3					d
regelmæssigt	regularly	TC	3					d
af og til	now and then	TC	1					d
samtidig	simultaneously	TC	2					d
forinden	beforehand	TC	3					d
efterfølgende	subsequently	TC	3					d
i fremtiden	in the future	TC	2					d
i fortiden	in the past	TC	2					d
nutildags	nowadays	TC	2					d
en cirkel	a circle	CO	2					n	cirklen|cirkler	the circle|circles
et kvadrat	a square	CO	3					n	kvadratet|kvadrater	the square|squares
en trekant	a triangle	CO	2					n	trekanten|trekanter	the triangle|triangles
en firkant	a square / four-sided shape	CO	3					n	firkanten|firkanter	the square / the four-sided shape|squares / four-sided shapes
en linje	a line	CO	2					n	linjen|linjer	the line|lines
en kant	an edge	CO	2					n	kanten|kanter	the edge|edges
et hjørne	a corner	CO	2					n	hjørnet|hjørner	the corner|corners
en længde	a length	NC	2					n	længden|længder	the length|lengths
en bredde	a width	NC	2					n	bredden|bredder	the width|widths
en højde	a height	NC	2					n	højden|højder	the height|heights
en dybde	a depth	NC	2					n	dybden|dybder	the depth|depths
en vægt	a weight	NC	2					n	vægten|vægte	the weight|weights
et rumfang	a volume	SL	3					n	rumfanget	the volume
en diameter	a diameter	SL	3					n	diameteren|diametre	the diameter|diameters
en afstand	a distance	NC	2					n	afstanden|afstande	the distance|distances
en vinkel	an angle	SL	2					n	vinklen|vinkler	the angle|angles
en procent	a percent	NC	2					n	procenten|procenter	the percentage|percentages
en brøk	a fraction	SL	3					n	brøken|brøker	the fraction|fractions
et gennemsnit	an average	NC	3					n	gennemsnittet	the average
en mængde	an amount	NC	2					n	mængden|mængder	the amount|amounts
et tidspunkt	a point in time	TC	2					n	tidspunktet	the point in time
en alder	an age	TC	2					n	alderen|aldre	the age|ages
en fortid	a past	TC	2					n	fortiden|fortider	the past|pasts
midnat	midnight	TC	2		en			n	midnatten	the midnight
en evighed	an eternity	TC	3					n	evigheden|evigheder	the eternity|eternities
en milliard	a billion	NC	2					n	milliarden|milliarder	the billion|billions
et århundrede	a century	TC	3					n
tusindvis	thousands	NC	3					u
et daggry	a dawn	TC	3					n	daggryet	the dawn
et antal	a number (amount)	NC	2					n	antallet	the number (amount)
en sæson	a season	TC	2					n	sæsonen|sæsoner	the season|seasons
et døgn	a day (24 hours)	TC	2					n	døgnet	the day (24 hours)
et dusin	a dozen	NC	3					n	dusinet	the dozen
en dato	a date (calendar)	TC	2					n	datoen|datoer	the date (calendar)|dates (calendar)
en livstid	a lifetime	TC	3					n	livstiden	the lifetime
en liter	a liter	NC	2					n	literen	the liter
en stund	a while	TC	3					n	stunden|stunder	the while|whiles
halvanden	one and a half	NC	2					u
et gram	a gram	NC	2					n	grammet|gram	the gram|grams
et nytår	a New Year	TC	2					n	nytåret	the New Year
månedsvis	for months	TC	3					d
timevis	for hours	TC	3					d
ugevis	for weeks	TC	3					d
en afslutning	an ending / conclusion	TC	2					n	afslutningen|afslutninger	the ending / the conclusion|endings / conclusions
en mil	a (Danish) mile / 10 km	NC	3					n	milen|mil	the (Danish) mile / the 10 km|(Danish) miles / 10 kms
dagligt	daily	TC	2					d
dagevis	for days	TC	3					d
et årti	a decade	TC	3					n	årtiet|årtier	the decade|decades
årlig	annual	TC	3					a
en håndfuld	a handful	NC	3					n	håndfulden|håndfulde	the handful|handfuls
ottende	eighth	NC	2					u
et kilo	a kilo	NC	2					n	kiloet	the kilo
en deciliter	a deciliter	NC	2					n	deciliteren	the deciliter
turkis	turquoise	CO	2					a
beige	beige	CO	3					a
sølv	silver	CO	2		et			n	sølvet	the silver
et rektangel	a rectangle	CO	3					n	rektanglet|rektangler	the rectangle|rectangles
en centimeter	a centimeter	NC	2					n	centimeteren	the centimeter
en kilometer	a kilometer	NC	1					n	kilometeren	the kilometer
en halvdel	a half	NC	2					n	halvdelen|halvdele	the half|halves
en fjerdedel	a quarter	NC	3					n	fjerdedelen|fjerdedele	the quarter|quarters
en tredjedel	a third	NC	2					n	tredjedelen|tredjedele	the third|thirds
et ciffer	a digit	NC	3					n	cifret|cifre	the digit|digits
niende	ninth	NC	2					u
tiende	tenth	NC	2					u
to gange	twice	NC	1					d
en halv time	half an hour	TC	1					n
et årstal	a year (date)	TC	3					n	årstallet	the year (date)
sommertid	daylight saving time	TC	3		en			n	sommertiden	the daylight saving time
nutiden	the present	TC	3		en			n
i nat	tonight / last night	TC	1					d
i aften	this evening	TC	1					d
i eftermiddag	this afternoon	TC	1					d
i weekenden	this weekend / at the weekend	TC	2					d
om morgenen	in the morning	TC	1					d
om aftenen	in the evening	TC	1					d
om natten	at night	TC	1					d
om ugen	per week	TC	1					d
om året	per year	TC	2					d
hver dag	every day	TC	1					d
en gang om ugen	once a week	TC	2					d
for tiden	at the moment	TC	2					d
lige nu	right now	TC	1					d
for længe siden	a long time ago	TC	2					d
for nylig	recently	TC	2					d
i tide	in time	TC	2					d
til tiden	on time	TC	2					d
hele tiden	all the time	TC	1					d
dagen efter	the day after	TC	2					d
ugen efter	the week after	TC	2					d
at tage tid	to take time	TC	2	tager tid|tog tid|taget tid		det tager tid|det tog tid|det har taget tid	it takes time|it took time|it has taken time	v
at komme for sent	to be late	TC	2	kommer for sent|kom for sent|kommet for sent		jeg kommer for sent|jeg kom for sent|jeg er kommet for sent	I am late|I was late|I have been late	v
at nå det	to make it (in time)	TC	2	når det|nåede det|nået det		jeg når det|jeg nåede det|jeg har nået det	I make it (in time)|I made it (in time)|I have made it (in time)	v
at have travlt	to be busy	TC	1	har travlt|havde travlt|haft travlt		jeg har travlt|jeg havde travlt|jeg har haft travlt	I am busy|I was busy|I have been busy	v
at have god tid	to have plenty of time	TC	2	har god tid|havde god tid|haft god tid		jeg har god tid|jeg havde god tid|jeg har haft god tid	I have plenty of time|I had plenty of time|I have had plenty of time	v
at stille uret	to set the clock	TC	2	stiller uret|stillede uret|stillet uret		jeg stiller uret|jeg stillede uret|jeg har stillet uret	I set the clock|I set the clock|I have set the clock	v
en begyndelse	a beginning	TC	2					n	begyndelsen|begyndelser	the beginning|beginnings
en eftermiddag	an afternoon	TC	1					n	eftermiddagen|eftermiddage	the afternoon|afternoons
enogtyve	twenty-one	NC	1					u
femogtredive	thirty-five	NC	1					u
fireogtyve	twenty-four	NC	1					u
en fremtid	a future	TC	2					n	fremtiden|fremtider	the future|futures
en hverdag	a weekday / everyday life	TC	2					n	hverdagen|hverdage	the weekday / the everyday life|weekdays / everyday lives
i aftes	last night / yesterday evening	TC	1					d
i år	this year	TC	1					d
i forgårs	the day before yesterday	TC	2					d
i morges	this morning (earlier today)	TC	1					d
i overmorgen	the day after tomorrow	TC	2					d
en meter	a meter	NC	1					n	meteren	the meter
om lidt	in a little while	TC	1					d
sidst	last / lastly	TC	1					d
sjette	sixth	NC	2					u
syvende	seventh	NC	2					u
en slutning	an ending	TC	2					n	slutningen|slutninger	the ending|endings
et tal	a number	NC	1					n	tallet	the number
til sidst	finally / in the end	TC	2					d
en efterårsdag	an autumn day	TC	2					n	efterårsdagen|efterårsdage	the autumn day|autumn days
en forårsdag	a spring day	TC	2					n	forårsdagen|forårsdage	the spring day|spring days
en sommerdag	a summer day	TC	2					n	sommerdagen|sommerdage	the summer day|summer days
en vinterdag	a winter day	TC	2					n	vinterdagen|vinterdage	the winter day|winter days
en regnvejrsdag	a rainy day	TC	2					n	regnvejrsdagen|regnvejrsdage	the rainy day|rainy days
en ugedag	a day of the week	TC	2					n	ugedagen|ugedage	the day of the week|days of the week
elvte	eleventh	NC	2					u
tolvte	twelfth	NC	3					u
tyvende	twentieth	NC	3					u
hundrededel	hundredth (fraction)	NC	3					u
en sommernat	a summer night	TC	2					n	sommernatten|sommernætter	the summer night|summer nights
en vinternat	a winter night	TC	2					n	vinternatten|vinternætter	the winter night|winter nights
et kvartal	a quarter (of a year)	TC	3					n	kvartalet|kvartaler	the quarter (of a year)|quarters (of a year)
et halvår	a half year	TC	3					n	halvåret	the half year
et skudår	a leap year	TC	3					n	skudåret	the leap year
en tidsplan	a schedule	TC	2					n	tidsplanen|tidsplaner	the schedule|schedules
et tidsrum	a period of time	TC	3					n	tidsrummet	the period of time
tidspres	time pressure	TC	3		et			n	tidspresset	the time pressure
en yndlingsfarve	a favorite color	CO	2					n	yndlingsfarven|yndlingsfarver	the favorite color|favorite colors
en mor	a mother	PF	1					n	moren|mødre	the mother|mothers
en far	a father	PF	1					n	faren|fædre	the father|fathers
forældre	parents	PF	1		pl			n	forældrene|	the parents|
et barn	a child	PF	1					n	barnet|børn	the child|children
en søn	a son	PF	1					n	sønnen|sønner	the son|sons
en datter	a daughter	PF	1					n	datteren|døtre	the daughter|daughters
en bror	a brother	PF	1					n	broren|brødre	the brother|brothers
en søster	a sister	PF	1					n	søsteren|søstre	the sister|sisters
en bedstemor	a grandmother	PF	1					n	bedstemoren|bedstemødre	the grandmother|grandmothers
en bedstefar	a grandfather	PF	1					n	bedstefaren|bedstefædre	the grandfather|grandfathers
et barnebarn	a grandchild	PF	2					n	barnebarnet|børnebørn	the grandchild|grandchildren
en tante	an aunt	PF	1					n	tanten|tanter	the aunt|aunts
en onkel	an uncle	PF	1					n	onklen|onkler	the uncle|uncles
en fætter	a male cousin	PF	1					n	fætteren|fætre	the male cousin|male cousins
en kusine	a female cousin	PF	1					n	kusinen|kusiner	the female cousin|female cousins
en nevø	a nephew	PF	2					n	nevøen|nevøer	the nephew|nephews
en niece	a niece	PF	2					n	niecen|niecer	the niece|nieces
en mand	a husband / man	PF	1					n	manden|mænd	the husband / the man|husbands / men
en kone	a wife	PF	1					n	konen|koner	the wife|wives
en ægtefælle	a spouse	PF	2					n	ægtefællen|ægtefæller	the spouse|spouses
en kæreste	a girlfriend / boyfriend	PF	1					n	kæresten|kærester	the girlfriend / the boyfriend|girlfriends / boyfriends
en veninde	a female friend	PF	1					n	veninden|veninder	the female friend|female friends
en bekendt	an acquaintance	PF	2					n
en svigermor	a mother-in-law	PF	2					n	svigermoren|svigermødre	the mother-in-law|mothers-in-law
en svigerfar	a father-in-law	PF	3					n	svigerfaren|svigerfædre	the father-in-law|fathers-in-law
en stedmor	a stepmother	PF	3					n	stedmoren|stedmødre	the stepmother|stepmothers
en stedfar	a stepfather	PF	3					n	stedfaren|stedfædre	the stepfather|stepfathers
en tvilling	a twin	PF	3					n	tvillingen|tvillinger	the twin|twins
en baby	a baby	PF	1					n	babyen|babyer	the baby|babies
en voksen	an adult	PF	2					n
en teenager	a teenager	PF	2					n	teenageren|teenagere	the teenager|teenagers
en dreng	a boy	PF	1					n	drengen|drenge	the boy|boys
en pige	a girl	PF	1					n	pigen|piger	the girl|girls
en kvinde	a woman	PF	1					n	kvinden|kvinder	the woman|women
en forfatter	an author	WJ	2					n	forfatteren|forfattere	the author|authors
en læge	a doctor	WJ	1					n	lægen|læger	the doctor|doctors
en sygeplejerske	a nurse	WJ	2					n	sygeplejersken|sygeplejersker	the nurse|nurses
en lærer	a teacher	SL	1					n	læreren|lærere	the teacher|teachers
en elev	a pupil	SL	1					n	eleven|elever	the pupil|pupils
en studerende	a student	SL	2					n	studerenden|studerende	the student|students
en professor	a professor	SL	2					n	professoren|professorer	the professor|professors
en advokat	a lawyer	WJ	2					n	advokaten|advokater	the lawyer|lawyers
en politibetjent	a police officer	WJ	2					n	politibetjenten|politibetjente	the police officer|police officers
en brandmand	a firefighter	WJ	2					n	brandmanden|brandmænd	the firefighter|firefighters
en sælger	a salesperson	WJ	2					n	sælgeren|sælgere	the salesperson|salespeople
en kunde	a customer	PF	2					n	kunden|kunder	the customer|customers
en chauffør	a driver	WJ	2					n	chaufføren|chauffører	the driver|drivers
en kok	a chef	WJ	1					n	kokken|kokke	the chef|chefs
en tjener	a waiter	WJ	1					n	tjeneren|tjenere	the waiter|waiters
en håndværker	a craftsman	WJ	2					n	håndværkeren|håndværkere	the craftsman|craftsmen
en ingeniør	an engineer	WJ	2					n	ingeniøren|ingeniører	the engineer|engineers
en programmør	a programmer	WJ	3					n	programmøren|programmører	the programmer|programmers
en kunstner	an artist	WJ	2					n	kunstneren|kunstnere	the artist|artists
en musiker	a musician	WJ	2					n	musikeren|musikere	the musician|musicians
en skuespiller	an actor	WJ	2					n	skuespilleren|skuespillere	the actor|actors
en journalist	a journalist	WJ	2					n	journalisten|journalister	the journalist|journalists
en præst	a priest	WJ	2					n	præsten|præster	the priest|priests
en soldat	a soldier	WJ	2					n	soldaten|soldater	the soldier|soldiers
en bonde	a farmer	WJ	2					n	bonden|bønder	the farmer|farmers
en fisker	a fisherman	WJ	2					n	fiskeren|fiskere	the fisherman|fishermen
en direktør	a director / CEO	WJ	2					n	direktøren|direktører	the director / the CEO|directors / CEOs
en statsminister	a prime minister	SP	2					n	statsministeren|statsministre	the prime minister|prime ministers
en borgmester	a mayor	SP	2					n	borgmesteren|borgmestre	the mayor|mayors
en turist	a tourist	TT	2					n	turisten|turister	the tourist|tourists
et medlem	a member	PF	2					n	medlemmet|medlemmer	the member|members
en leder	a leader	WJ	2					n	lederen|ledere	the leader|leaders
en medarbejder	an employee	WJ	2					n	medarbejderen|medarbejdere	the employee|employees
en pensionist	a retiree	PF	3					n	pensionisten|pensionister	the retiree|retirees
et kærlighedsforhold	a romantic relationship	PF	3					n	kærlighedsforholdet	the romantic relationship
en date	a date	PF	2					n
et ægteskab	a marriage	PF	2					n	ægteskabet|ægteskaber	the marriage|marriages
en skilsmisse	a divorce	PF	2					n	skilsmissen|skilsmisser	the divorce|divorces
en forlovelse	an engagement	PF	3					n	forlovelsen|forlovelser	the engagement|engagements
et bryllup	a wedding	PF	2					n	brylluppet|bryllupper	the wedding|weddings
et jubilæum	an anniversary	PF	3					n
en fest	a party	PF	1					n	festen|fester	the party|parties
en invitation	an invitation	PF	2					n	invitationen|invitationer	the invitation|invitations
en vært	a host	PF	2					n	værten|værter	the host|hosts
et selskab	a company/gathering	PF	2					n	selskabet|selskaber	the company/gathering|company/gatherings
en underordnet	a subordinate	WJ	3					n
en misforståelse	a misunderstanding	PF	2					n	misforståelsen|misforståelser	the misunderstanding|misunderstandings
et skænderi	an argument	PF	3					n	skænderiet|skænderier	the argument|arguments
en forsoning	a reconciliation	PF	3					n	forsoningen|forsoninger	the reconciliation|reconciliations
en undskyldning	an apology	PF	2					n	undskyldningen|undskyldninger	the apology|apologies
tilgivelse	forgiveness	PF	3		en			n	tilgivelsen	the forgiveness
loyalitet	loyalty	PF	3		en			n
en flirt	a flirt	PF	2					n	flirten|flirter	the flirt|flirts
en eks	an ex	PF	2					n
gensidighed	mutuality	PF	4		en			n	gensidigheden	the mutuality
fortrolighed	confidentiality / familiarity	PF	3		en			n	fortroligheden	the confidentiality / the familiarity
sladder	gossip	PF	3		en			n	sladderen	the gossip
et rygte	a rumor	PF	2					n	rygtet|rygter	the rumor|rumors
en fyr	a guy	PF	2					n	fyren|fyre	the guy|guys
en herre	a gentleman / lord	PF	2					n	herren|herrer	the gentleman / the lord|gentlemen / lords
en knægt	a lad / kid	PF	3					n	knægten|knægte	the lad / the kid|lads / kids
en dame	a lady	PF	1					n	damen|damer	the lady|ladies
en frøken	a miss / young lady	PF	3					n	frøkenen|frøkener	the miss / the young lady|misses / young ladies
en kammerat	a buddy / comrade	PF	2					n	kammeraten|kammerater	the buddy / the comrade|buddies / comrades
et kys	a kiss	PF	2					n	kysset	the kiss
en partner	a partner	PF	2					n	partneren|partnere	the partner|partners
en hustru	a wife (formal)	PF	3					n	hustruen|hustruer	the wife (formal)|wives (formal)
en affære	an affair	PF	3					n	affæren|affærer	the affair|affairs
en jomfru	a virgin / maiden	PF	3					n	jomfruen|jomfruer	the virgin / the maiden|virgins / maidens
et kram	a hug	PF	2					n	krammet	the hug
single	single	PF	2					a
en tøs	a girl / lass	PF	3					n	tøsen|tøser	the girl / the lass|girls / lasses
forlovet	engaged (to marry)	PF	2					a
et knus	a hug	PF	2					n	knuset	the hug
en barndom	a childhood	PF	2					n	barndommen	the childhood
en ægtemand	a husband	PF	3					n	ægtemanden|ægtemænd	the husband|husbands
kvindelig	female	PF	2					a	kvindeligere|kvindeligst	more female|most female
et kompliment	a compliment	PF	2					n
en forfader	an ancestor	PF	3					n	forfaderen|forfædre	the ancestor|ancestors
lesbisk	lesbian	PF	3					a
en barnepige	a nanny / babysitter	PF	3					n	barnepigen|barnepiger	the nanny / the babysitter|nannies / babysitters
en enke	a widow	PF	3					n	enken|enker	the widow|widows
en afsked	a farewell	PF	2					n	afskeden|afskeder	the farewell|farewells
en babysitter	a babysitter	PF	2					n	babysitteren|babysittere	the babysitter|babysitters
en gut	a guy / lad	PF	3					n	gutten|gutter	the guy / the lad|guys / lads
en besøgende	a visitor	PF	3					n
en bryllupsdag	a wedding anniversary	PF	3					n	bryllupsdagen|bryllupsdage	the wedding anniversary|wedding anniversaries
manerer	manners	PF	3		pl			n	manererne|	the manners|
søskende	siblings	PF	2		pl			n	søskendene|	the siblings|
opdraget	brought up	PF	3					a
en forælder	a parent	PF	2					n	forælderen|forældre	the parent|parents
en bryllupsrejse	a honeymoon	PF	3					n	bryllupsrejsen|bryllupsrejser	the honeymoon|honeymoons
en arving	an heir	PF	3					n	arvingen|arvinger	the heir|heirs
en ekskæreste	an ex (boyfriend/girlfriend)	PF	3					n	ekskæresten|ekskærester	the ex (boyfriend/girlfriend)|exes (boyfriend/girlfriend)
en slægtning	a relative	PF	3					n	slægtningen|slægtninge	the relative|relatives
ungdom	youth	PF	2		en			n	ungdommen	the youth
en elskerinde	a mistress	PF	4					n	elskerinden|elskerinder	the mistress|mistresses
en ledsager	a companion / escort	PF	3					n	ledsageren|ledsagere	the companion / the escort|companions / escorts
en moster	an aunt (mother's sister)	PF	2					n	mosteren|mostre	the aunt (mother's sister)|aunts (mother's sister)
en faster	an aunt (father's sister)	PF	2					n	fasteren|fastre	the aunt (father's sister)|aunts (father's sister)
en morbror	an uncle (mother's brother)	PF	2					n	morbroren|morbrødre	the uncle (mother's brother)|uncles (mother's brother)
en farbror	an uncle (father's brother)	PF	3					n	farbroren|farbrødre	the uncle (father's brother)|uncles (father's brother)
en eksmand	an ex-husband	PF	3					n	eksmanden|eksmænd	the ex-husband|ex-husbands
en svoger	a brother-in-law	PF	2					n	svogeren|svogre	the brother-in-law|brothers-in-law
en svigerinde	a sister-in-law	PF	3					n	svigerinden|svigerinder	the sister-in-law|sisters-in-law
adopteret	adopted	PF	2					a
en forlover	a best man / maid of honor	PF	3					n	forloveren|forlovere	the best man / the maid of honor|best men / maids of honor
omsorg	care	PF	3		en			n	omsorgen	the care
enlig	single / solitary	PF	3					a	enligere|enligst	more single / more solitary|most single / most solitary
en polterabend	a bachelor / bachelorette party	CH	3					n
forældreløs	orphaned	PF	3					a
mandlig	male	PF	2					a	mandligere|mandligst	more male|most male
en blondine	a blonde	PF	3					n	blondinen|blondiner	the blonde|blondes
at kramme	to hug	PF	2	krammer|krammede|krammet		jeg krammer|jeg krammede|jeg har krammet	I hug|I hugged|I have hugged	v
en mormor	a grandmother (mother's mother)	PF	1					n	mormoren|mormødre	the grandmother (mother's mother)|grandmothers (mother's mother)
en farmor	a grandmother (father's mother)	PF	1					n	farmoren|farmødre	the grandmother (father's mother)|grandmothers (father's mother)
en morfar	a grandfather (mother's father)	PF	1					n	morfaren|morfædre	the grandfather (mother's father)|grandfathers (mother's father)
en farfar	a grandfather (father's father)	PF	1					n	farfaren|farfædre	the grandfather (father's father)|grandfathers (father's father)
bedsteforældre	grandparents	PF	1		pl			n	bedsteforældrene|	the grandparents|
en oldemor	a great-grandmother	PF	3					n	oldemoren|oldemødre	the great-grandmother|great-grandmothers
en oldefar	a great-grandfather	PF	3					n	oldefaren|oldefædre	the great-grandfather|great-grandfathers
svigerforældre	parents-in-law	PF	2		pl			n	svigerforældrene|	the parents-in-law|
en svigersøn	a son-in-law	PF	3					n	svigersønnen|svigersønner	the son-in-law|sons-in-law
en svigerdatter	a daughter-in-law	PF	3					n	svigerdatteren|svigerdøtre	the daughter-in-law|daughters-in-law
en halvbror	a half-brother	PF	3					n	halvbroren|halvbrødre	the half-brother|half-brothers
en halvsøster	a half-sister	PF	2					n	halvsøsteren|halvsøstre	the half-sister|half-sisters
en storebror	a big brother	PF	1					n	storebroren|storebrødre	the big brother|big brothers
en storesøster	a big sister	PF	1					n	storesøsteren|storesøstre	the big sister|big sisters
en lillebror	a little brother	PF	1					n	lillebroren|lillebrødre	the little brother|little brothers
en lillesøster	a little sister	PF	1					n	lillesøsteren|lillesøstre	the little sister|little sisters
et spædbarn	an infant	PF	3					n	spædbarnet|spædbørn	the infant|infants
et småbarn	a toddler	PF	2					n	småbarnet|småbørn	the toddler|toddlers
en samlever	a live-in partner	PF	3					n	samleveren|samlevere	the live-in partner|live-in partners
en slægt	a family line / lineage	PF	3					n	slægten|slægter	the family line / the lineage|family lines / lineages
et fornavn	a first name	PF	1					n	fornavnet|fornavne	the first name|first names
et efternavn	a last name	PF	1					n	efternavnet|efternavne	the last name|last names
et mellemnavn	a middle name	PF	3					n	mellemnavnet|mellemnavne	the middle name|middle names
et kælenavn	a nickname	PF	3					n	kælenavnet|kælenavne	the nickname|nicknames
en fødselsdato	a date of birth	PF	2					n	fødselsdatoen|fødselsdatoer	the date of birth|dates of birth
at blive gift	to get married	PF	2	bliver gift|blev gift|blevet gift		jeg bliver gift|jeg blev gift|jeg er blevet gift	I get married|I got married|I have gotten married	v
at blive skilt	to get divorced	PF	2	bliver skilt|blev skilt|blevet skilt		jeg bliver skilt|jeg blev skilt|jeg er blevet skilt	I get divorced|I got divorced|I have gotten divorced	v
at date	to date	PF	2	dater|datede|datet		jeg dater|jeg datede|jeg har datet	I date|I dated|I have dated	v
at gå fra hinanden	to break up	PF	2	går fra hinanden|gik fra hinanden|gået fra hinanden		vi går fra hinanden|vi gik fra hinanden|vi er gået fra hinanden	we break up|we broke up|we have broken up	v
at forlove sig	to get engaged	PF	2	forlover sig|forlovede sig|forlovet sig		jeg forlover mig|jeg forlovede mig|jeg har forlovet mig	I get engaged|I got engaged|I have gotten engaged	v
at få et barn	to have a baby	PF	2	får et barn|fik et barn|fået et barn		jeg får et barn|jeg fik et barn|jeg har fået et barn	I have a baby|I had a baby|I have had a baby	v
at passe børn	to babysit	PF	2	passer børn|passede børn|passet børn		jeg passer børn|jeg passede børn|jeg har passet børn	I babysit|I babysat|I have babysat	v
at vokse op	to grow up	PF	2	vokser op|voksede op|vokset op		jeg vokser op|jeg voksede op|jeg er vokset op	I grow up|I grew up|I have grown up	v
at komme godt ud af det med	to get along with	PF	3	kommer godt ud af det med|kom godt ud af det med|kommet godt ud af det med		jeg kommer godt ud af det med|jeg kom godt ud af det med|jeg er kommet godt ud af det med	I get along with|I got along with|I have gotten along with	v
at blive venner	to become friends	PF	2	bliver venner|blev venner|blevet venner		vi bliver venner|vi blev venner|vi er blevet venner	we become friends|we became friends|we have become friends	v
at hilse på	to say hello to / meet	PF	2	hilser på|hilste på|hilst på		jeg hilser på|jeg hilste på|jeg har hilst på	I say hello to / meet|I said hello to / met|I have said hello to / met	v
at tage sig af	to take care of	PF	2	tager sig af|tog sig af|taget sig af		jeg tager mig af|jeg tog mig af|jeg har taget mig af	I take care of|I took care of|I have taken care of	v
at fylde år	to have a birthday	PF	2	fylder år|fyldte år|fyldt år		jeg fylder år|jeg fyldte år|jeg har fyldt år	I have a birthday|I had a birthday|I have had a birthday	v
gift	married	PF	1					a
ugift	unmarried	PF	3					a
fraskilt	divorced	PF	2					a
voksen	grown-up	PF	2					a
en opvækst	an upbringing	PF	3					n	opvæksten	the upbringing
et besøg	a visit	PF	1					n	besøget	the visit
en værtinde	a hostess	PF	3					n	værtinden|værtinder	the hostess|hostesses
en brudgom	a groom	PF	3					n	brudgommen|brudgomme	the groom|grooms
en brudepige	a bridesmaid	PF	3					n	brudepigen|brudepiger	the bridesmaid|bridesmaids
en vielsesring	a wedding ring	PF	3					n	vielsesringen|vielsesringe	the wedding ring|wedding rings
en forlovelsesring	an engagement ring	PF	3					n	forlovelsesringen|forlovelsesringe	the engagement ring|engagement rings
et løfte	a promise	PF	2					n	løftet|løfter	the promise|promises
et afslag	a refusal / rejection	PF	3					n	afslaget	the refusal / the rejection
en barndomsven	a childhood friend	PF	2					n	barndomsvennen|barndomsvenner	the childhood friend|childhood friends
en omgangskreds	a circle of friends	PF	3					n	omgangskredsen|omgangskredse	the circle of friends|circles of friends
ros	praise	PF	2		en			n	rosen	the praise
en løgn	a lie	PF	2					n	løgnen|løgne	the lie|lies
et svigt	a betrayal / letdown	PF	3					n	svigtet	the betrayal / the letdown
et kærlighedsbrev	a love letter	PF	2					n	kærlighedsbrevet|kærlighedsbreve	the love letter|love letters
et crush	a crush	PF	3					n	crushet|crushes	the crush|crushes
romantik	romance	PF	2		en			n	romantikken	the romance
en tiltrækning	an attraction	PF	3					n	tiltrækningen|tiltrækninger	the attraction|attractions
et ægtepar	a married couple	PF	2					n	ægteparret|ægtepar	the married couple|married couples
et kærestepar	a couple (dating)	PF	2					n	kæresteparret|kærestepar	the couple (dating)|couples (dating)
en enlig forsørger	a single parent	PF	3					n
en plejefamilie	a foster family	PF	3					n	plejefamilien|plejefamilier	the foster family|foster families
et plejebarn	a foster child	PF	3					n	plejebarnet|plejebørn	the foster child|foster children
en adoption	an adoption	PF	3					n	adoptionen|adoptioner	the adoption|adoptions
en familiefest	a family party	PF	3					n	familiefesten|familiefester	the family party|family parties
en generationskløft	a generation gap	PF	4					n	generationskløften|generationskløfter	the generation gap|generation gaps
et samvær	a time together / custody visit	PF	3					n	samværet	the time together / the custody visit
et samliv	a life together	PF	3					n	samlivet	the life together
forældremyndighed	custody (parental)	PF	3		en			n	forældremyndigheden	the custody (parental)
en opdragelse	an upbringing	PF	3					n	opdragelsen	the upbringing
børnepasning	childcare	PF	3		en			n	børnepasningen	the childcare
en dagplejer	a childminder	PF	3					n	dagplejeren|dagplejere	the childminder|childminders
en babyalarm	a baby monitor	PF	3					n	babyalarmen|babyalarmer	the baby monitor|baby monitors
en graviditetstest	a pregnancy test	PF	3					n	graviditetstesten	the pregnancy test
en termin	a due date / term	PF	3					n	terminen|terminer	the due date / the term|due dates / terms
en navngivning	a naming	PF	4					n	navngivningen|navngivninger	the naming|namings
et gudbarn	a godchild	PF	3					n	gudbarnet|gudbørn	the godchild|godchildren
en gudmor	a godmother	PF	3					n	gudmoren|gudmødre	the godmother|godmothers
en gudfar	a godfather	PF	3					n	gudfaren|gudfædre	the godfather|godfathers
at tale ud	to talk things through	PF	3	taler ud|talte ud|talt ud		jeg taler ud|jeg talte ud|jeg har talt ud	I talk things through|I talked things through|I have talked things through	v
at holde et løfte	to keep a promise	PF	2	holder et løfte|holdt et løfte|holdt et løfte		jeg holder et løfte|jeg holdt et løfte|jeg har holdt et løfte	I keep a promise|I kept a promise|I have kept a promise	v
at bryde et løfte	to break a promise	PF	2	bryder et løfte|brød et løfte|brudt et løfte		jeg bryder et løfte|jeg brød et løfte|jeg har brudt et løfte	I break a promise|I broke a promise|I have broken a promise	v
at blive uvenner	to fall out	PF	3	bliver uvenner|blev uvenner|blevet uvenner		vi bliver uvenner|vi blev uvenner|vi er blevet uvenner	we fall out|we fell out|we have fallen out	v
at slutte fred	to make peace	PF	3	slutter fred|sluttede fred|sluttet fred		jeg slutter fred|jeg sluttede fred|jeg har sluttet fred	I make peace|I made peace|I have made peace	v
at sige undskyld	to say sorry	PF	2	siger undskyld|sagde undskyld|sagt undskyld		jeg siger undskyld|jeg sagde undskyld|jeg har sagt undskyld	I say sorry|I said sorry|I have said sorry	v
at holde sammen	to stick together	PF	2	holder sammen|holdt sammen|holdt sammen		vi holder sammen|vi holdt sammen|vi har holdt sammen	we stick together|we stuck together|we have stuck together	v
at flytte sammen	to move in together	PF	2	flytter sammen|flyttede sammen|flyttet sammen		vi flytter sammen|vi flyttede sammen|vi er flyttet sammen	we move in together|we moved in together|we have moved in together	v
at gå ud med	to go out with	PF	2	går ud med|gik ud med|gået ud med		jeg går ud med|jeg gik ud med|jeg er gået ud med	I go out with|I went out with|I have gone out with	v
at falde for	to fall for	PF	2	falder for|faldt for|faldet for		jeg falder for|jeg faldt for|jeg er faldet for	I fall for|I fell for|I have fallen for	v
at være kærester	to be dating	PF	2	er kærester|var kærester|været kærester		vi er kærester|vi var kærester|vi har været kærester	we are dating|we were dating|we have been dating	v
at fri	to propose	PF	2	frier|friede|friet		jeg frier|jeg friede|jeg har friet	I propose|I proposed|I have proposed	v
at holde i hånd	to hold hands	PF	2	holder i hånd|holdt i hånd|holdt i hånd		vi holder i hånd|vi holdt i hånd|vi har holdt i hånd	we hold hands|we held hands|we have held hands	v
at tage hensyn	to be considerate	PF	2	tager hensyn|tog hensyn|taget hensyn		jeg tager hensyn|jeg tog hensyn|jeg har taget hensyn	I am considerate|I was considerate|I have been considerate	v
at gå på nerverne	to get on someone's nerves	PF	3	går på nerverne|gik på nerverne|gået på nerverne		jeg går ham på nerverne|jeg gik ham på nerverne|jeg er gået ham på nerverne	I get on his nerves|I got on his nerves|I have gotten on his nerves	v
at gøre det forbi	to end it (a relationship)	PF	2	gør det forbi|gjorde det forbi|gjort det forbi		jeg gør det forbi|jeg gjorde det forbi|jeg har gjort det forbi	I end it (a relationship)|I ended it (a relationship)|I have ended it (a relationship)	v
trofast	faithful	FP	3					a
utro	unfaithful	PF	2					a
forstående	understanding	FP	3					a
tolerant	tolerant	FP	3					a
beskyttende	protective	FP	3					a
nærværende	present / attentive	FP	3					a
fraværende	absent / absent-minded	FP	3					a
sladrevorn	gossipy	FP	4					a
snakkesalig	chatty	FP	3					a	snakkesaligere|snakkesaligst	chattier|chattiest
diplomatisk	diplomatic	FP	3					a
et familiemedlem	a family member	PF	2					n	familiemedlemmet|familiemedlemmer	the family member|family members
en husmor	a housewife	PF	3					n	husmoren|husmødre	the housewife|housewives
et naboskab	a neighborhood relationship	PF	4					n	naboskabet|naboskaber	the neighborhood relationship|neighborhood relationships
en storfamilie	an extended family	PF	3					n	storfamilien|storfamilier	the extended family|extended families
en vennegruppe	a group of friends	PF	2					n	vennegruppen|vennegrupper	the group of friends|groups of friends
et familiebillede	a family photo	PF	2					n	familiebilledet|familiebilleder	the family photo|family photos
et fødested	a birthplace	PF	3					n	fødestedet|fødesteder	the birthplace|birthplaces
et samtaleemne	a topic of conversation	PF	3					n	samtaleemnet|samtaleemner	the topic of conversation|topics of conversation
mad	food	FD	1		en			n	maden	the food
morgenmad	breakfast	FD	1		en			n	morgenmaden	the breakfast
frokost	lunch	FD	1		en			n	frokosten	the lunch
aftensmad	dinner	FD	1		en			n	aftensmaden	the dinner
et måltid	a meal	FD	1					n	måltidet|måltider	the meal|meals
brød	bread	FD	1		et			n	brødet	the bread
rugbrød	rye bread	FD	1		et			n	rugbrødet	the rye bread
smør	butter	FD	1		et			n	smørret	the butter
ost	cheese	FD	1		en			n	osten	the cheese
mælk	milk	FD	1		en			n	mælken	the milk
fløde	cream	FD	2		en			n	fløden	the cream
et æg	an egg	FD	1					n	ægget|æg	the egg|eggs
kød	meat	FD	1					n	kødet	the meat
oksekød	beef	FD	2					n	oksekødet	the beef
svinekød	pork	FD	2					n	svinekødet	the pork
kylling	chicken (meat)	FD	1		en			n	kyllingen	the chicken (meat)
en pølse	a sausage	FD	1					n	pølsen|pølser	the sausage|sausages
laks	salmon	FD	2		en			n	laksen	the salmon
en reje	a shrimp	FD	2					n	rejen|rejer	the shrimp|shrimps
ris	rice	FD	1		en			n	risen	the rice
pasta	pasta	FD	1		en			n	pastaen	the pasta
en kartoffel	a potato	FD	1					n	kartoflen|kartofler	the potato|potatoes
en grøntsag	a vegetable	FD	2					n	grøntsagen|grøntsager	the vegetable|vegetables
en gulerod	a carrot	FD	1					n	guleroden|gulerødder	the carrot|carrots
et løg	an onion	FD	2					n	løget	the onion
hvidløg	garlic	FD	2		et			n	hvidløget	the garlic
en tomat	a tomato	FD	1					n	tomaten|tomater	the tomato|tomatoes
en agurk	a cucumber	FD	1					n	agurken|agurker	the cucumber|cucumbers
en salat	a salad / lettuce	FD	1					n	salaten|salater	the salad / the lettuce|salads / lettuces
en frugt	a fruit	FD	1					n	frugten	the fruit
et æble	an apple	FD	1					n	æblet|æbler	the apple|apples
en banan	a banana	FD	1					n	bananen|bananer	the banana|bananas
en appelsin	an orange	FD	1					n	appelsinen|appelsiner	the orange|oranges
en citron	a lemon	FD	1					n	citronen|citroner	the lemon|lemons
et jordbær	a strawberry	FD	1					n	jordbærret|jordbær	the strawberry|strawberries
en vindrue	a grape	FD	2					n	vindruen|vindruer	the grape|grapes
en pære	a pear	FD	2					n	pæren|pærer	the pear|pears
en nød	a nut	FD	2					n	nøden|nødder	the nut|nuts
en mandel	an almond	FD	3					n	mandlen|mandler	the almond|almonds
en suppe	a soup	FD	1					n	suppen|supper	the soup|soups
en sovs	a sauce / gravy	FD	2					n	sovsen|sovse	the sauce / the gravy|sauces / gravies
et krydderi	a spice	FD	2					n	krydderiet|krydderier	the spice|spices
peber	pepper	FD	1		et			n	peberen	the pepper
sukker	sugar	FD	1		et			n	sukkeret	the sugar
honning	honey	FD	2		en			n	honningen	the honey
syltetøj	jam	FD	2		et			n	syltetøjet	the jam
en kage	a cake	FD	1					n	kagen|kager	the cake|cakes
is	ice cream / ice	FD	1		en			n	isen	the ice cream / the ice
chokolade	chocolate	FD	1		en			n	chokoladen	the chocolate
slik	candy	FD	1		et			n	slikket	the candy
en kiks	a biscuit	FD	2					n	kiksen|kiks	the biscuit|biscuits
juice	juice	FD	1		en			n	juicen	the juice
en sodavand	a soda	FD	1					n	sodavanden|sodavander	the soda|sodas
en øl	a beer	FD	1					n	ølen|øl	the beer|beers
en vin	a wine	FD	1					n	vinen|vine	the wine|wines
kaffe	coffee	FD	1		en			n	kaffen	the coffee
te	tea	FD	1		en			n
en drik	a drink	FD	2					n	drikken|drikke	the drink|drinks
et glas	a glass	FD	1					n	glasset	the glass
en kop	a cup	FD	1					n	koppen|kopper	the cup|cups
en tallerken	a plate	FD	1					n	tallerkenen|tallerkner	the plate|plates
en skål	a bowl	FD	1					n	skålen|skåle	the bowl|bowls
en ske	a spoon	FD	1					n
en gaffel	a fork	FD	1					n	gaflen|gafler	the fork|forks
en kniv	a knife	FD	1					n	kniven|knive	the knife|knives
en serviet	a napkin	FD	2					n	servietten|servietter	the napkin|napkins
en opskrift	a recipe	FD	2					n	opskriften|opskrifter	the recipe|recipes
en ingrediens	an ingredient	FD	3					n	ingrediensen|ingredienser	the ingredient|ingredients
en smag	a taste	FD	2					n	smagen|smage	the taste|tastes
lækker	delicious	FD	1					a	lækrere|lækrest	more delicious|most delicious
at tilberede	to prepare (food)	FD	3	tilbereder|tilberedte|tilberedt		jeg tilbereder|jeg tilberedte|jeg har tilberedt	I prepare (food)|I prepared (food)|I have prepared (food)	v
at stege	to fry / roast	FD	2	steger|stegte|stegt		jeg steger|jeg stegte|jeg har stegt	I fry / roast|I fried / roasted|I have fried / roasted	v
at koge	to boil	FD	1	koger|kogte|kogt		jeg koger|jeg kogte|jeg har kogt	I boil|I boiled|I have boiled	v
at bage	to bake	FD	1	bager|bagte|bagt		jeg bager|jeg bagte|jeg har bagt	I bake|I baked|I have baked	v
at grille	to grill	FD	3	griller|grillede|grillet		jeg griller|jeg grillede|jeg har grillet	I grill|I grilled|I have grilled	v
at skære	to cut	FD	2	skærer|skar|skåret		jeg skærer|jeg skar|jeg har skåret	I cut|I cut|I have cut	v
at rive	to grate	FD	2	river|rev|revet		jeg river|jeg rev|jeg har revet	I grate|I grated|I have grated	v
at blande	to mix	FD	2	blander|blandede|blandet		jeg blander|jeg blandede|jeg har blandet	I mix|I mixed|I have mixed	v
at smage	to taste	FD	1	smager|smagte|smagt		jeg smager|jeg smagte|jeg har smagt	I taste|I tasted|I have tasted	v
at servere	to serve	FD	2	serverer|serverede|serveret		jeg serverer|jeg serverede|jeg har serveret	I serve|I served|I have served	v
at bestille	to order	FD	1	bestiller|bestilte|bestilt		jeg bestiller|jeg bestilte|jeg har bestilt	I order|I ordered|I have ordered	v
drikkepenge	a tip (money)	MB	3		pl			n	drikkepengene|	the tips|
en vegetar	a vegetarian	FD	2					n	vegetaren|vegetarer	the vegetarian|vegetarians
en veganer	a vegan	FD	2					n	veganeren|veganere	the vegan|vegans
en allergi	an allergy	FD	2					n	allergien|allergier	the allergy|allergies
appetit	appetite	FD	2		en			n	appetitten	the appetite
skål	cheers	GR	1					f
franskbrød	white bread	FD	2		et			n	franskbrødet	the white bread
en bolle	a bun	FD	2					n	bollen|boller	the bun|buns
en pandekage	a pancake	FD	2					n	pandekagen|pandekager	the pancake|pancakes
risengrød	rice porridge	FD	3		en			n	risengrøden	the rice porridge
en frikadelle	a meatball	FD	2					n	frikadellen|frikadeller	the meatball|meatballs
leverpostej	liver pâté	FD	2		en			n	leverpostejen	the liver pâté
rødgrød	red berry pudding	FD	3		en			n	rødgrøden	the red berry pudding
en snaps	a schnapps	FD	3					n	snapsen|snapse	the schnapps|schnapps
en rødvin	a red wine	FD	2					n	rødvinen|rødvine	the red wine|red wines
en hvidvin	a white wine	FD	2					n	hvidvinen|hvidvine	the white wine|white wines
et fadøl	a draft beer	FD	2					n	fadølet	the draft beer
knækbrød	crispbread	FD	3		et			n	knækbrødet	the crispbread
müsli	muesli	FD	2		en			n
yoghurt	yogurt	FD	2		en			n	yoghurten	the yogurt
spegepølse	salami	FD	3		en			n	spegepølsen	the salami
et smørrebrød	an open sandwich	FD	2					n	smørrebrødet	the open sandwich
en portion	a portion	FD	2					n	portionen|portioner	the portion|portions
en gryde	a pot	FD	2					n	gryden|gryder	the pot|pots
en pande	a pan	FD	2					n	panden|pander	the pan|pans
et menukort	a menu	FD	2					n	menukortet	the menu
en forret	a starter	FD	2					n	forretten|forretter	the starter|starters
en hovedret	a main course	FD	2					n	hovedretten|hovedretter	the main course|main courses
en dessert	a dessert	FD	2					n	desserten|desserter	the dessert|desserts
en duft	a scent / fragrance	FD	2					n	duften|dufte	the smell|smells
en konsistens	a texture	FD	3					n	konsistensen	the texture
krydret	spicy	FD	2					a
mild	mild	FD	2					a	mildere|mildest	milder|mildest
mættende	filling	FD	3					a
vegetarisk	vegetarian	FD	2					a
vegansk	vegan	FD	2					a
en bagning	a baking	FD	3					n	bagningen|bagninger	the baking|bakings
en stegning	a frying	FD	3					n	stegningen|stegninger	the frying|fryings
en kogning	a boiling	FD	3					n	kogningen|kogninger	the boiling|boilings
en middag	a dinner / noon	FD	1					n	middagen|middage	the dinner / the noon|dinners / noons
en whisky	a whisky	FD	2					n	whiskyen|whiskyer	the whisky|whiskies
champagne	champagne	FD	2		en			n	champagnen	the champagne
sprut	booze	FD	3		en			n	sprutten	the booze
tyggegummi	chewing gum	FD	2		et			n	tyggegummiet	the chewing gum
en bøf	a steak / beef patty	FD	2					n	bøffen|bøffer	the steak / the beef patty|steaks / beef patties
en kalkun	a turkey	FD	2					n	kalkunen|kalkuner	the turkey|turkeys
en småkage	a cookie / biscuit	FD	2					n	småkagen|småkager	the cookie / the biscuit|cookies / biscuits
gin	gin	FD	2		en			n	ginnen	the gin
popcorn	popcorn	FD	2		en			n
en skinke	a ham	FD	2					n	skinken|skinker	the ham|hams
en snack	a snack	FD	2					n	snacken	the snack
et krus	a mug	FD	2					n	kruset	the mug
en teske	a teaspoon	FD	2					n
en spiseske	a tablespoon	FD	2					n
en dug	a tablecloth	FD	3					n	dugen|duge	the tablecloth|tablecloths
en bradepande	a roasting pan	FD	3					n	bradepanden|bradepander	the roasting pan|roasting pans
en bageplade	a baking tray	FD	3					n	bagepladen|bageplader	the baking tray|baking trays
et skærebræt	a cutting board	FD	3					n	skærebrættet|skærebrætter	the cutting board|cutting boards
en øse	a ladle	FD	3					n	øsen|øser	the ladle|ladles
et piskeris	a whisk	FD	3					n	piskeriset	the whisk
en dåseåbner	a can opener	FD	3					n	dåseåbneren|dåseåbnere	the can opener|can openers
en proptrækker	a corkscrew	FD	3					n	proptrækkeren|proptrækkere	the corkscrew|corkscrews
en termokande	a thermos	FD	3					n	termokanden|termokander	the thermos|thermoses
en kaffemaskine	a coffee maker	FD	2					n	kaffemaskinen|kaffemaskiner	the coffee maker|coffee makers
en elkedel	an electric kettle	FD	2					n	elkedlen|elkedler	the electric kettle|electric kettles
en brødrister	a toaster	FD	2					n	brødristeren|brødristere	the toaster|toasters
en mikroovn	a microwave	FD	2					n	mikroovnen|mikroovne	the microwave|microwaves
rester	leftovers	FD	2		pl			n	resterne|	the leftovers|
en brunch	a brunch	FD	2					n	brunchen|bruncher	the brunch|brunches
drikkevarer	drinks / beverages	FD	2		pl			n	drikkevarerne|	the drinks / the beverages|
kakao	cocoa / hot chocolate	FD	2		en			n	kakaoen	the cocoa / the hot chocolate
saft	cordial / squash	FD	2		en			n	saften	the cordial / the squash
et rundstykke	a bread roll	FD	1					n	rundstykket|rundstykker	the bread roll|bread rolls
et wienerbrød	a Danish pastry	FD	2					n	wienerbrødet	the Danish pastry
en kanelsnegl	a cinnamon roll	FD	2					n	kanelsneglen|kanelsnegle	the cinnamon roll|cinnamon rolls
en lagkage	a layer cake	FD	2					n	lagkagen|lagkager	the layer cake|layer cakes
en vaffel	a waffle	FD	2					n	vaflen|vafler	the waffle|waffles
en æbleskive	an æbleskive (round Danish pancake)	FD	2					n	æbleskiven|æbleskiver	the æbleskive (round Danish pancake)|æbleskives (round Danish pancake)
piskefløde	whipping cream	FD	3		en			n	piskefløden	the whipping cream
creme fraiche	crème fraîche	FD	3		en			n
et spejlæg	a fried egg	FD	2					n	spejlægget|spejlæg	the fried egg|fried eggs
røræg	scrambled eggs	FD	2		et			n
havregryn	oatmeal / rolled oats	FD	2		pl			n
grød	porridge	FD	2		en			n	grøden	the porridge
cornflakes	cornflakes	FD	2		pl			n
marmelade	marmalade / jam	FD	2		en			n	marmeladen	the marmalade / the jam
pålæg	cold cuts / sandwich toppings	FD	2		et			n	pålægget	the cold cuts / the sandwich toppings
en hotdog	a hot dog	FD	2					n
en burger	a burger	FD	1					n	burgeren|burgere	the burger|burgers
en pizza	a pizza	FD	1					n	pizzaen|pizzaer	the pizza|pizzas
nudler	noodles	FD	2		pl			n
kartofler	potatoes	FD	1		pl			n
pommes frites	French fries	FD	1		pl			n
en sandwich	a sandwich	FD	1					n	sandwichen|sandwicher	the sandwich|sandwiches
lammekød	lamb (meat)	FD	2		et			n	lammekødet	the lamb (meat)
hakket oksekød	ground beef	FD	2		et			n
flæskesteg	roast pork	FD	3		en			n	flæskestegen	the roast pork
bacon	bacon	FD	2		en			n	baconen	the bacon
torsk	cod	FD	3		en			n	torsken	the cod
tun	tuna	FD	2		en			n	tunen	the tuna
sild	herring	FD	3		en			n	silden	the herring
rejer	shrimp	FD	2		pl			n
en musling	a mussel / clam	FD	3					n	muslingen|muslinger	the mussel / the clam|mussels / clams
en hummer	a lobster	FD	3					n	hummeren|hummere	the lobster|lobsters
en krabbe	a crab	FD	3					n	krabben|krabber	the crab|crabs
skaldyr	shellfish	FD	3		pl			n
grøntsager	vegetables	FD	1		pl			n
en peberfrugt	a bell pepper	FD	2					n	peberfrugten|peberfrugter	the bell pepper|bell peppers
en squash	a zucchini	FD	3					n	squashen|squasher	the zucchini|zucchinis
en aubergine	an eggplant	FD	3					n	auberginen|auberginer	the eggplant|eggplants
broccoli	broccoli	FD	2		en			n	broccolien	the broccoli
blomkål	cauliflower	FD	2		en			n	blomkålen	the cauliflower
kål	cabbage	FD	2		en			n	kålen	the cabbage
spinat	spinach	FD	2		en			n	spinaten	the spinach
ærter	peas	FD	2		pl			n
bønner	beans	FD	2		pl			n
majs	corn	FD	2		en			n	majsen	the corn
en porre	a leek	FD	3					n	porren|porrer	the leek|leeks
selleri	celery	FD	3		en			n	sellerien	the celery
en rødbede	a beet	FD	3					n	rødbeden|rødbeder	the beet|beets
en champignon	a mushroom	FD	2					n	champignonen|champignoner	the mushroom|mushrooms
en avocado	an avocado	FD	2					n	avocadoen|avocadoer	the avocado|avocados
en oliven	an olive	FD	2					n	olivenen	the olive
en lime	a lime	FD	2					n	limen|limer	the lime|limes
en blomme	a plum	FD	3					n	blommen|blommer	the plum / the yolk|plums / yolks
en fersken	a peach	FD	2					n	ferskenen|ferskner	the peach|peaches
en abrikos	an apricot	FD	3					n	abrikosen|abrikoser	the apricot|apricots
et kirsebær	a cherry	FD	2					n	kirsebærret|kirsebær	the cherry|cherries
et hindbær	a raspberry	FD	2					n	hindbærret|hindbær	the raspberry|raspberries
et blåbær	a blueberry	FD	2					n	blåbærret|blåbær	the blueberry|blueberries
et solbær	a blackcurrant	FD	3					n	solbærret|solbær	the blackcurrant|blackcurrants
en melon	a melon	FD	2					n	melonen|meloner	the melon|melons
en vandmelon	a watermelon	FD	2					n	vandmelonen|vandmeloner	the watermelon|watermelons
en ananas	a pineapple	FD	2					n	ananassen|ananasser	the pineapple|pineapples
en mango	a mango	FD	2					n	mangoen|mangoer	the mango|mangoes
en kiwi	a kiwi	FD	2					n	kiwien|kiwier	the kiwi|kiwis
en rosin	a raisin	FD	3					n	rosinen|rosiner	the raisin|raisins
en jordnød	a peanut	FD	2					n	jordnødden|jordnødder	the peanut|peanuts
en hasselnød	a hazelnut	FD	3					n	hasselnødden|hasselnødder	the hazelnut|hazelnuts
en valnød	a walnut	FD	3					n	valnødden|valnødder	the walnut|walnuts
salt	salt	FD	1		et			n	saltet	the salt
mel	flour	FD	2		et			n	melet	the flour
gær	yeast	FD	3		en			n	gæren	the yeast
bagepulver	baking powder	FD	3		et			n	bagepulveret	the baking powder
olie	oil	FD	2		en			n	olien	the oil
olivenolie	olive oil	FD	2		en			n	olivenolien	the olive oil
eddike	vinegar	FD	3		en			n	eddiken	the vinegar
sennep	mustard	FD	2		en			n	senneppen	the mustard
ketchup	ketchup	FD	2		en			n	ketchuppen	the ketchup
mayonnaise	mayonnaise	FD	2		en			n	mayonnaisen	the mayonnaise
remoulade	remoulade (Danish relish sauce)	FD	3		en			n	remouladen	the remoulade (Danish relish sauce)
dressing	dressing	FD	2		en			n	dressingen	the dressing
krydderier	spices	FD	2		pl			n
kanel	cinnamon	FD	2		en			n	kanelen	the cinnamon
vanilje	vanilla	FD	2		en			n	vaniljen	the vanilla
persille	parsley	FD	3		en			n	persillen	the parsley
dild	dill	FD	3		en			n	dilden	the dill
purløg	chives	FD	3		et			n	purløget	the chives
basilikum	basil	FD	3		en			n	basilikummen	the basil
karry	curry	FD	2		en			n	karryen	the curry
chili	chili	FD	2		en			n	chilien	the chili
ingefær	ginger	FD	3		en			n	ingefæren	the ginger
lakrids	licorice	FD	2		en			n	lakridsen	the licorice
en flødebolle	a chocolate-covered marshmallow treat	FD	3					n	flødebollen|flødeboller	the chocolate-covered marshmallow treat|chocolate-covered marshmallow treats
chips	chips / crisps	FD	2		pl			n
et takeaway	a takeaway	FD	2					n
et bageri	a bakery	FD	2					n	bageriet|bagerier	the bakery|bakeries
en grønthandler	a greengrocer	FD	3					n	grønthandleren|grønthandlere	the greengrocer|greengrocers
en kantine	a canteen / cafeteria	FD	2					n	kantinen|kantiner	the canteen / the cafeteria|canteens / cafeterias
en madvogn	a food truck	FD	3					n	madvognen|madvogne	the food truck|food trucks
en grill	a grill / barbecue	FD	2					n	grillen|griller	the grill / the barbecue|grills / barbecues
at lave mad	to cook	FD	1	laver mad|lavede mad|lavet mad		jeg laver mad|jeg lavede mad|jeg har lavet mad	I cook|I cooked|I have cooked	v
at riste	to toast / roast	FD	3	rister|ristede|ristet		jeg rister|jeg ristede|jeg har ristet	I toast / roast|I toasted / roasted|I have toasted / roasted	v
at hakke	to chop / mince	FD	3	hakker|hakkede|hakket		jeg hakker|jeg hakkede|jeg har hakket	I chop / mince|I chopped / minced|I have chopped / minced	v
at skrælle	to peel	FD	2	skræller|skrællede|skrællet		jeg skræller|jeg skrællede|jeg har skrællet	I peel|I peeled|I have peeled	v
at piske	to whisk / whip	FD	3	pisker|piskede|pisket		jeg pisker|jeg piskede|jeg har pisket	I whisk / whip|I whisked / whipped|I have whisked / whipped	v
at røre rundt	to stir	FD	2	rører rundt|rørte rundt|rørt rundt		jeg rører rundt|jeg rørte rundt|jeg har rørt rundt	I stir|I stirred|I have stirred	v
at krydre	to season	FD	3	krydrer|krydrede|krydret		jeg krydrer|jeg krydrede|jeg har krydret	I season|I seasoned|I have seasoned	v
at smøre	to spread / butter	FD	2	smører|smurte|smurt		jeg smører|jeg smurte|jeg har smurt	I spread / butter|I spread / buttered|I have spread / buttered	v
at dække bord	to set the table	FD	2	dækker bord|dækkede bord|dækket bord		jeg dækker bord|jeg dækkede bord|jeg har dækket bord	I set the table|I set the table|I have set the table	v
at tage af bordet	to clear the table	FD	2	tager af bordet|tog af bordet|taget af bordet		jeg tager af bordet|jeg tog af bordet|jeg har taget af bordet	I clear the table|I cleared the table|I have cleared the table	v
at skænke	to pour (a drink)	FD	3	skænker|skænkede|skænket		jeg skænker|jeg skænkede|jeg har skænket	I pour (a drink)|I poured (a drink)|I have poured (a drink)	v
at nippe	to sip	FD	3	nipper|nippede|nippet		jeg nipper|jeg nippede|jeg har nippet	I sip|I sipped|I have sipped	v
at tygge	to chew	FD	3	tygger|tyggede|tygget		jeg tygger|jeg tyggede|jeg har tygget	I chew|I chewed|I have chewed	v
at mætte	to fill (up) / satisfy	FD	3	mætter|mættede|mættet		jeg mætter|jeg mættede|jeg har mættet	I fill (up) / satisfy|I filled (up) / satisfied|I have filled (up) / satisfied	v
at skåle	to toast (with drinks)	FD	2	skåler|skålede|skålet		jeg skåler|jeg skålede|jeg har skålet	I toast (with drinks)|I toasted (with drinks)|I have toasted (with drinks)	v
velsmagende	tasty	FD	3					a
saltet	salted	FD	3					a
kogt	boiled	FD	2					a
stegt	fried / roasted	FD	2					a
bagt	baked	FD	2					a
sprød	crispy	FD	3					a	sprødere|sprødest	crispier|crispiest
mør	tender	FD	3					a	mørere|mørest	more tender|most tender
mager	lean / skinny	FD	3					a	magrere|magrest	leaner / skinnier|leanest / skinniest
glutenfri	gluten-free	FD	3					a
laktosefri	lactose-free	FD	3					a
hjemmelavet	homemade	FD	2					a
færdiglavet	ready-made	FD	3					a
frossen	frozen	FD	2					a
en karton	a carton	FD	3					n	kartonen|kartoner	the carton|cartons
en krukke	a jar	FD	3					n	krukken|krukker	the jar|jars
en skive	a slice	FD	2					n	skiven|skiver	the slice|slices
en klat	a dollop / blob	FD	3					n	klatten|klatter	the dollop / the blob|dollops / blobs
en knivspids	a pinch	FD	4					n	knivspidsen|knivspidser	the pinch|pinches
en spisning	a meal / dinner (event)	FD	3					n	spisningen|spisninger	the meal / the dinner (event)|meals / dinners (event)
en madkasse	a lunch box	FD	2					n	madkassen|madkasser	the lunch box|lunch boxes
en vandflaske	a water bottle	FD	2					n	vandflasken|vandflasker	the water bottle|water bottles
en kaffekop	a coffee cup	FD	2					n	kaffekoppen|kaffekopper	the coffee cup|coffee cups
et vinglas	a wine glass	FD	2					n	vinglasset|vinglas	the wine glass|wine glasses
en ølflaske	a beer bottle	FD	2					n	ølflasken|ølflasker	the beer bottle|beer bottles
en tekande	a teapot	FD	2					n	tekanden|tekander	the teapot|teapots
en kaffekande	a coffee pot	FD	2					n	kaffekanden|kaffekander	the coffee pot|coffee pots
en sukkerskål	a sugar bowl	FD	4					n	sukkerskålen|sukkerskåle	the sugar bowl|sugar bowls
en saltbøsse	a salt shaker	FD	4					n	saltbøssen|saltbøsser	the salt shaker|salt shakers
en peberkværn	a pepper mill	FD	4					n	peberkværnen|peberkværne	the pepper mill|pepper mills
en smørkniv	a butter knife	FD	4					n	smørkniven|smørknive	the butter knife|butter knives
en osteskærer	a cheese slicer	FD	4					n	osteskæreren|osteskærere	the cheese slicer|cheese slicers
en brødkniv	a bread knife	FD	4					n	brødkniven|brødknive	the bread knife|bread knives
et æggebæger	an egg cup	FD	4					n	æggebægeret|æggebægre	the egg cup|egg cups
en kagerulle	a rolling pin	FD	4					n	kagerullen|kageruller	the rolling pin|rolling pins
en blender	a blender	FD	2					n	blenderen|blendere	the blender|blenders
en røremaskine	a stand mixer	FD	4					n	røremaskinen|røremaskiner	the stand mixer|stand mixers
en airfryer	an air fryer	FD	2					n	airfryeren|airfryere	the air fryer|air fryers
en pølsevogn	a hot dog stand	FD	2					n	pølsevognen|pølsevogne	the hot dog stand|hot dog stands
en grillbar	a fast-food grill	FD	3					n	grillbaren|grillbarer	the fast-food grill|fast-food grills
en pizzeria	a pizzeria	FD	2					n
et konditori	a pastry shop / café	FD	3					n	konditoriet|konditorier	the pastry shop / the café|pastry shops / cafés
en vinbar	a wine bar	FD	2					n	vinbaren|vinbarer	the wine bar|wine bars
et værtshus	a pub	FD	3					n	værtshuset|værtshuse	the pub|pubs
en bodega	a local bar (Danish)	FD	3					n	bodegaen|bodegaer	the local bar (Danish)|local bars (Danish)
et bryggeri	a brewery	FD	3					n	bryggeriet|bryggerier	the brewery|breweries
en drink	a drink (cocktail)	FD	2					n	drinken|drinks	the drink (cocktail)|drinks (cocktail)
et shot	a shot	FD	2					n	shottet|shots	the shot|shots
en frugtsalat	a fruit salad	FD	2					n	frugtsalaten|frugtsalater	the fruit salad|fruit salads
en risalamande	a Danish rice pudding with almonds	FD	3					n	risalamanden	the Danish rice pudding with almonds
en æblekage	an apple dessert	FD	3					n	æblekagen|æblekager	the apple dessert|apple desserts
en koldskål	a cold buttermilk dessert	FD	3					n	koldskålen	the cold buttermilk dessert
en kammerjunker	a small Danish cookie	FD	4					n	kammerjunkeren|kammerjunkere	the small Danish cookie|small Danish cookies
en brunsviger	a Funen brown-sugar cake	FD	4					n	brunsvigeren|brunsvigere	the Funen brown-sugar cake|Funen brown-sugar cakes
en hindbærsnitte	a raspberry slice (pastry)	FD	4					n	hindbærsnitten|hindbærsnitter	the raspberry slice (pastry)|raspberry slices (pastry)
en romkugle	a rum ball	FD	4					n	romkuglen|romkugler	the rum ball|rum balls
stegt flæsk	fried pork belly	FD	3		et			n
en tartelet	a tartlet (vol-au-vent)	FD	4					n	tarteletten|tarteletter	the tartlet (vol-au-vent)|tartlets (vol-au-vent)
en hakkebøf	a hamburger steak	FD	3					n	hakkebøffen|hakkebøffer	the hamburger steak|hamburger steaks
boller i karry	meatballs in curry sauce	FD	3		pl			n
en medisterpølse	a Danish pork sausage	FD	4					n	medisterpølsen|medisterpølser	the Danish pork sausage|Danish pork sausages
en rullepølse	a rolled pork sausage (cold cut)	FD	3					n	rullepølsen|rullepølser	the rolled pork sausage (cold cut)|rolled pork sausages (cold cut)
en fiskefrikadelle	a fish cake	FD	3					n	fiskefrikadellen|fiskefrikadeller	the fish cake|fish cakes
en rejemad	a shrimp open sandwich	FD	3					n	rejemaden|rejemadder	the shrimp open sandwich|shrimp open sandwiches
en æggemad	an egg open sandwich	FD	3					n	æggemaden|æggemadder	the egg open sandwich|egg open sandwiches
en ostemad	a cheese sandwich	FD	2					n	ostemaden|ostemadder	the cheese sandwich|cheese sandwiches
en toast	a toasted sandwich	FD	2					n	toasten	the toasted sandwich
en wrap	a wrap	FD	2					n	wrappen	the wrap
en smoothie	a smoothie	FD	2					n	smoothien|smoothier	the smoothie|smoothies
en milkshake	a milkshake	FD	2					n	milkshaken	the milkshake
kakaomælk	chocolate milk	FD	2		en			n	kakaomælken	the chocolate milk
skummetmælk	skim milk	FD	3		en			n	skummetmælken	the skim milk
letmælk	low-fat milk	FD	3		en			n	letmælken	the low-fat milk
sødmælk	whole milk	FD	3		en			n	sødmælken	the whole milk
kærnemælk	buttermilk	FD	3		en			n	kærnemælken	the buttermilk
ymer	ymer (Danish soured milk)	FD	3		en			n	ymeren	the ymer (Danish soured milk)
skyr	skyr	FD	3		en			n	skyren	the skyr
smøreost	spreadable cheese	FD	3		en			n	smøreosten	the cream cheese
flødeost	cream cheese	FD	3		en			n	flødeosten	the cream cheese
hytteost	cottage cheese	FD	3		en			n	hytteosten	the cottage cheese
mozzarella	mozzarella	FD	2		en			n	mozzarellaen	the mozzarella
parmesan	parmesan	FD	2		en			n	parmesanen	the parmesan
feta	feta	FD	2		en			n	fetaen	the feta
havremælk	oat milk	FD	2		en			n	havremælken	the oat milk
sojamælk	soy milk	FD	3		en			n	sojamælken	the soy milk
tofu	tofu	FD	2		en			n	tofuen	the tofu
linser	lentils	FD	3		pl			n
kikærter	chickpeas	FD	3		pl			n
quinoa	quinoa	FD	3		en			n	quinoaen	the quinoa
bulgur	bulgur	FD	3		en			n	bulguren	the bulgur
couscous	couscous	FD	3		en			n	couscousen	the couscous
en tortilla	a tortilla	FD	2					n	tortillaen|tortillaer	the tortilla|tortillas
en pita	a pita	FD	2					n
en baguette	a baguette	FD	2					n	baguetten|baguetter	the baguette|baguettes
en croissant	a croissant	FD	2					n	croissanten|croissanter	the croissant|croissants
en muffin	a muffin	FD	2					n
en donut	a donut	FD	2					n	donuten|donuts	the donut|donuts
en cheesecake	a cheesecake	FD	2					n	cheesecaken	the cheesecake
en brownie	a brownie	FD	2					n	brownien|brownier	the brownie|brownies
flormelis	powdered sugar	FD	3		en			n
rørsukker	cane sugar	FD	3		et			n	rørsukkeret	the cane sugar
sirup	syrup	FD	3		en			n	siruppen	the syrup
nødder	nuts	FD	2		pl			n
tørret frugt	dried fruit	FD	2		en			n
fuldkorn	whole grain	FD	3		et			n	fuldkornet	the whole grain
en madplan	a meal plan	FD	3					n	madplanen|madplaner	the meal plan|meal plans
en madvare	a food product	FD	3					n	madvaren|madvarer	the food product|food products
alkohol	alcohol	FD	2		en			n	alkoholen	the alcohol
brunede kartofler	caramelized potatoes	FD	3		pl			n
et bær	a berry	FD	2					n	bærret|bær	the berry|berries
flæsk	pork (belly)	FD	3		et			n	flæsket	the pork (belly)
gluten	gluten	FD	3		et			n
havre	oats	FD	3		en			n	havren	the oats
en kødbolle	a meatball (dumpling)	FD	3					n	kødbollen|kødboller	the meatball (dumpling)|meatballs (dumpling)
en livret	a favorite dish	FD	2					n	livretten|livretter	the favorite dish|favorite dishes
en madpakke	a packed lunch	FD	2					n	madpakken|madpakker	the packed lunch|packed lunches
en menu	a menu	FD	2					n	menuen|menuer	the menu|menus
spaghetti	spaghetti	FD	2		en			n	spaghettien	the spaghetti
gløgg	mulled wine	FD	3		en			n	gløggen	the mulled wine
en fastelavnsbolle	a Shrovetide bun	FD	4					n	fastelavnsbollen|fastelavnsboller	the Shrovetide bun|Shrovetide buns
en fødselsdagskage	a birthday cake	FD	2					n	fødselsdagskagen|fødselsdagskager	the birthday cake|birthday cakes
at faste	to fast	FD	3	faster|fastede|fastet		jeg faster|jeg fastede|jeg har fastet	I fast|I fasted|I have fasted	v
appelsinjuice	orange juice	FD	2		en			n	appelsinjuicen	the orange juice
en bid	a bite	FD	2					n	bidden|bidder	the bite|bites
en chokoladekage	a chocolate cake	FD	2					n	chokoladekagen|chokoladekager	the chocolate cake|chocolate cakes
en fødevare	a food item	FD	3					n	fødevaren|fødevarer	the food item|food items
hvedemel	wheat flour	FD	3		et			n	hvedemelet	the wheat flour
en kaffeautomat	a coffee machine (vending)	FD	3					n	kaffeautomaten|kaffeautomater	the coffee machine (vending)|coffee machines (vending)
en kagedej	a cake batter	FD	3					n	kagedejen|kagedeje	the cake batter|cake batters
en dej	a dough	FD	2					n	dejen|deje	the dough|doughs
en madkultur	a food culture	FD	3					n	madkulturen|madkulturer	the food culture|food cultures
en søndagsmiddag	a Sunday dinner	FD	3					n	søndagsmiddagen|søndagsmiddage	the Sunday dinner|Sunday dinners
et kaffebord	a coffee table (with cake)	FD	3					n	kaffebordet|kaffeborde	the coffee table (with cake)|coffee tables (with cake)
en krydderurt	a herb	FD	3					n	krydderurten|krydderurter	the herb|herbs
et spisested	an eatery	FD	3					n	spisestedet|spisesteder	the eatery|eateries
madspild	food waste	FD	3		et			n	madspildet	the food waste
en madrest	a food scrap	FD	3					n	madresten|madreste	the food scrap|food scraps
et kaffefilter	a coffee filter	FD	4					n	kaffefiltret|kaffefiltre	the coffee filter|coffee filters
en tepose	a tea bag	FD	2					n	teposen|teposer	the tea bag|tea bags
et sugerør	a drinking straw	FD	3					n	sugerøret|sugerør	the drinking straw|drinking straws
en frysepose	a freezer bag	FD	4					n	fryseposen|fryseposer	the freezer bag|freezer bags
madpapir	sandwich paper	FD	3		et			n	madpapiret	the sandwich paper
sølvpapir	aluminum foil	FD	3		et			n	sølvpapiret	the aluminum foil
bagepapir	baking paper	FD	3		et			n	bagepapiret	the baking paper
husholdningsfilm	cling film	FD	3		en			n	husholdningsfilmen	the cling film
en køkkenvægt	a kitchen scale	FD	4					n	køkkenvægten|køkkenvægte	the kitchen scale|kitchen scales
et målebæger	a measuring cup	FD	4					n	målebægeret|målebægre	the measuring cup|measuring cups
en si	a sieve / strainer	FD	3					n	sien|sier	the sieve / the strainer|sieves / strainers
et dørslag	a colander	FD	4					n	dørslaget|dørslag	the colander|colanders
et rivejern	a grater	FD	4					n	rivejernet|rivejern	the grater|graters
en skrællekniv	a paring knife	FD	4					n	skrællekniven|skrælleknive	the paring knife|paring knives
en stegepande	a frying pan	FD	3					n	stegepanden|stegepander	the frying pan|frying pans
en kasserolle	a saucepan	FD	4					n	kasserollen|kasseroller	the saucepan|saucepans
et fad	a dish (serving)	FD	2					n	fadet|fade	the dish (serving)|dishes (serving)
et ildfast fad	an ovenproof dish	FD	4					n
en muffinform	a muffin tin	FD	4					n	muffinformen|muffinformer	the muffin tin|muffin tins
en kageform	a cake tin	FD	4					n	kageformen|kageforme	the cake tin|cake tins
en termokop	a travel mug	FD	3					n	termokoppen|termokopper	the travel mug|travel mugs
en vandkaraffel	a water carafe	FD	4					n	vandkaraflen|vandkarafler	the water carafe|water carafes
en isterning	an ice cube	FD	2					n	isterningen|isterninge	the ice cube|ice cubes
en flaskeåbner	a bottle opener	FD	3					n	flaskeåbneren|flaskeåbnere	the bottle opener|bottle openers
en morgenkaffe	a morning coffee	FD	2					n	morgenkaffen	the morning coffee
en eftermiddagskaffe	an afternoon coffee	FD	3					n	eftermiddagskaffen	the afternoon coffee
en frugtskål	a fruit bowl	FD	3					n	frugtskålen|frugtskåle	the fruit bowl|fruit bowls
en brødkurv	a bread basket	FD	3					n	brødkurven|brødkurve	the bread basket|bread baskets
bestik	cutlery	FD	2		et			n	bestikket	the cutlery
porcelæn	china / porcelain	FD	3		et			n	porcelænet	the china / the porcelain
en morgenmadsbuffet	a breakfast buffet	FD	3					n	morgenmadsbuffeten|morgenmadsbuffeter	the breakfast buffet|breakfast buffets
en buffet	a buffet	FD	2					n	buffeten|buffeter	the buffet|buffets
en vinliste	a wine list	FD	3					n	vinlisten|vinlister	the wine list|wine lists
en børnemenu	a kids' menu	FD	3					n	børnemenuen|børnemenuer	the kids' menu|kids' menus
dagens ret	dish of the day	FD	2		en			n
en hovedingrediens	a main ingredient	FD	4					n	hovedingrediensen|hovedingredienser	the main ingredient|main ingredients
en yndlingsret	a favorite dish	FD	2					n	yndlingsretten|yndlingsretter	the favorite dish|favorite dishes
en kødspiser	a meat eater	FD	4					n	kødspiseren|kødspisere	the meat eater|meat eaters
en restaurantgæst	a restaurant guest	FD	3					n	restaurantgæsten|restaurantgæster	the restaurant guest|restaurant guests
en madanmelder	a food critic	FD	4					n	madanmelderen|madanmeldere	the food critic|food critics
en smagsprøve	a taste / sample	FD	3					n	smagsprøven|smagsprøver	the taste / the sample|tastes / samples
saftevand	diluted cordial	FD	2		en			n	saftevanden	the diluted cordial
en isvaffel	an ice cream cone	FD	2					n	isvaflen|isvafler	the ice cream cone|ice cream cones
en sodavandsis	a popsicle	FD	3					n	sodavandsisen	the popsicle
en slikpind	a lollipop	FD	3					n	slikpinden|slikpinde	the lollipop|lollipops
en pebernød	a small Christmas spice cookie	FD	4					n	pebernødden|pebernødder	the small Christmas spice cookie|small Christmas spice cookies
en vaniljekrans	a vanilla butter cookie	FD	4					n	vaniljekransen|vaniljekranse	the vanilla butter cookie|vanilla butter cookies
en honningkage	a honey cake / gingerbread	FD	4					n	honningkagen|honningkager	the honey cake / the gingerbread|honey cakes / gingerbreads
en brunkage	a Danish spice cookie	FD	4					n	brunkagen|brunkager	the Danish spice cookie|Danish spice cookies
en klejne	a Christmas cruller	FD	4					n	klejnen|klejner	the Christmas cruller|Christmas crullers
en kransekage	a marzipan ring cake	FD	4					n	kransekagen|kransekager	the marzipan ring cake|marzipan ring cakes
marcipan	marzipan	FD	3		en			n	marcipanen	the marzipan
nougat	nougat	FD	3		en			n	nougaten	the nougat
en karamel	a caramel	FD	3					n	karamellen|karameller	the caramel|caramels
en lejlighed	an apartment	HH	1					n	lejligheden|lejligheder	the apartment|apartments
et værelse	a room	HH	1					n	værelset|værelser	the room|rooms
et soveværelse	a bedroom	HH	1					n	soveværelset|soveværelser	the bedroom|bedrooms
et badeværelse	a bathroom	HH	1					n	badeværelset|badeværelser	the bathroom|bathrooms
et køkken	a kitchen	HH	1					n	køkkenet|køkkener	the kitchen|kitchens
en stue	a living room	HH	1					n	stuen|stuer	the living room|living rooms
en entré	a hallway	HH	2					n	entréen|entréer	the hallway|hallways
en altan	a balcony	HH	2					n	altanen|altaner	the balcony|balconies
en kælder	a basement	HH	2					n	kælderen|kældre	the basement|basements
en garage	a garage	HH	2					n	garagen|garager	the garage|garages
en nøgle	a key	HH	1					n	nøglen|nøgler	the key|keys
en lås	a lock	HH	2					n	låsen|låse	the lock|locks
en lampe	a lamp	HH	1					n	lampen|lamper	the lamp|lamps
et ur	a clock / watch	HH	1					n	uret|ure	the clock / the watch|clocks / watches
et spejl	a mirror	HH	1					n	spejlet|spejle	the mirror|mirrors
et gardin	a curtain	HH	2					n	gardinet|gardiner	the curtain|curtains
et tæppe	a rug / blanket	HH	2					n	tæppet|tæpper	the rug / the blanket|rugs / blankets
en pude	a pillow	HH	1					n	puden|puder	the pillow|pillows
en dyne	a duvet	HH	2					n	dynen|dyner	the duvet|duvets
et håndklæde	a towel	HH	2					n	håndklædet|håndklæder	the towel|towels
sæbe	soap	HH	1		en			n	sæben	the soap
shampoo	shampoo	HH	2		en			n	shampooen	the shampoo
en tandbørste	a toothbrush	HH	2					n	tandbørsten|tandbørster	the toothbrush|toothbrushes
tandpasta	toothpaste	HH	2		en			n	tandpastaen	the toothpaste
et toilet	a toilet	HH	1					n	toilettet|toiletter	the toilet|toilets
et badekar	a bathtub	HH	2					n	badekarret|badekar	the bathtub|bathtubs
en bruser	a shower	HH	2					n	bruseren|brusere	the shower|showers
en vask	a sink	HH	2					n	vasken|vaske	the sink|sinks
et komfur	a stove	HH	2					n	komfuret|komfurer	the stove|stoves
en ovn	an oven	HH	2					n	ovnen|ovne	the oven|ovens
et køleskab	a fridge	HH	2					n	køleskabet|køleskabe	the fridge|fridges
en fryser	a freezer	HH	2					n	fryseren|frysere	the freezer|freezers
en opvaskemaskine	a dishwasher	HH	2					n	opvaskemaskinen|opvaskemaskiner	the dishwasher|dishwashers
en vaskemaskine	a washing machine	HH	2					n	vaskemaskinen|vaskemaskiner	the washing machine|washing machines
en tørretumbler	a dryer	HH	2					n	tørretumbleren|tørretumblere	the dryer|dryers
en støvsuger	a vacuum cleaner	HH	2					n	støvsugeren|støvsugere	the vacuum cleaner|vacuum cleaners
affald	trash	HH	2		et			n	affaldet	the trash
en skraldespand	a trash can	HH	2					n	skraldespanden|skraldespande	the trash can|trash cans
en kost	a broom	HH	2					n	kosten|koste	the broom|brooms
en moppe	a mop	HH	3					n	moppen|mopper	the mop|mops
en stikkontakt	an outlet	HH	2					n	stikkontakten|stikkontakter	the outlet|outlets
en fjernbetjening	a remote control	HH	2					n	fjernbetjeningen|fjernbetjeninger	the remote control|remote controls
et tv	a TV	HH	1					n
en radio	a radio	TM	2					n	radioen|radioer	the radio|radios
en computer	a computer	TM	1					n	computeren|computere	the computer|computers
en telefon	a phone	TM	1					n	telefonen|telefoner	the phone|phones
en oplader	a charger	TM	2					n	opladeren|opladere	the charger|chargers
et møbel	a piece of furniture	HH	2					n	møblet|møbler	the piece of furniture|pieces of furniture
en reol	a bookshelf	HH	2					n	reolen|reoler	the bookshelf|bookshelves
et skrivebord	a desk	HH	2					n	skrivebordet|skriveborde	the desk|desks
en sofa	a sofa	HH	1					n	sofaen|sofaer	the sofa|sofas
en lænestol	an armchair	HH	2					n	lænestolen|lænestole	the armchair|armchairs
en trappe	a staircase / stairs	HH	2					n	trappen|trapper	the staircase / the stairs|staircases / stairs
en elevator	an elevator	HH	2					n	elevatoren|elevatorer	the elevator|elevators
en postkasse	a mailbox	HH	2					n	postkassen|postkasser	the mailbox|mailboxes
husleje	rent	HH	2		en			n	huslejen	the rent
forsikring	insurance	MB	2		en			n	forsikringen|forsikringer	the insurance|insurances
et abonnement	a subscription	HH	2					n	abonnementet|abonnementer	the subscription|subscriptions
internet	internet	TM	2		et			n	internettet	the internet
wifi	wifi	TM	1		et			n	wifi'et	the wifi
en husholdning	a household	HH	3					n	husholdningen|husholdninger	the household|households
et gøremål	a chore	HH	3					n	gøremålet|gøremål	the chore|chores
et indkøb	a purchase	CS	2					n	indkøbet|indkøb	the purchase|purchases
en indkøbsliste	a shopping list	CS	2					n	indkøbslisten|indkøbslister	the shopping list|shopping lists
at feje	to sweep	HH	3	fejer|fejede|fejet		jeg fejer|jeg fejede|jeg har fejet	I sweep|I swept|I have swept	v
at stryge	to iron	HH	3	stryger|strøg|strøget		jeg stryger|jeg strøg|jeg har strøget	I iron|I ironed|I have ironed	v
tøj	clothes	CS	1		et			n	tøjet	the clothes
en lyspære	a lightbulb	HH	2					n	lyspæren|lyspærer	the lightbulb|lightbulbs
en alarm	an alarm	HH	2					n	alarmen|alarmer	the alarm|alarms
et vækkeur	an alarm clock	HH	2					n	vækkeuret|vækkeure	the alarm clock|alarm clocks
en kalender	a calendar	TC	2					n	kalenderen|kalendere	the calendar|calendars
en seddel	a note	HH	2					n	sedlen|sedler	the note|notes
en liste	a list	HH	2					n	listen|lister	the list|lists
en pose	a bag	HH	2					n	posen|poser	the bag|bags
en kurv	a basket	HH	2					n	kurven|kurve	the basket|baskets
en flaske	a bottle	HH	1					n	flasken|flasker	the bottle|bottles
en dåse	a can	HH	2					n	dåsen|dåser	the can|cans
en pakke	a package	HH	2					n	pakken|pakker	the package|packages
en æske	a box	HH	2					n	æsken|æsker	the box|boxes
en taske	a bag / purse	CS	1					n	tasken|tasker	the bag / the purse|bags / purses
en rygsæk	a backpack	HH	2					n	rygsækken|rygsække	the backpack|backpacks
en paraply	an umbrella	HH	2					n	paraplyen|paraplyer	the umbrella|umbrellas
en bolig	a home/residence	HH	2					n	boligen|boliger	the home/residence|home/residences
en villa	a detached house	HH	2					n	villaen|villaer	the detached house|detached houses
en udlejer	a landlord	HH	3					n	udlejeren|udlejere	the landlord|landlords
en lejer	a tenant	HH	3					n	lejeren|lejere	the tenant|tenants
et depositum	a deposit	HH	3					n	depositummet|deposita	the deposit|deposits
en lejekontrakt	a lease	HH	3					n	lejekontrakten|lejekontrakter	the lease|leases
en ejendom	a property	HH	3					n	ejendommen|ejendomme	the property|properties
en ejendomsmægler	a real estate agent	WJ	3					n	ejendomsmægleren|ejendomsmæglere	the real estate agent|real estate agents
et boligmarked	a housing market	HH	3					n	boligmarkedet|boligmarkeder	the housing market|housing markets
et lån	a loan	MB	2					n	lånet|lån	the loan|loans
et realkreditlån	a mortgage	MB	3					n	realkreditlånet|realkreditlån	the mortgage|mortgages
en renovering	a renovation	HH	3					n	renoveringen|renoveringer	the renovation|renovations
en ombygning	a remodel	HH	3					n	ombygningen|ombygninger	the remodel|remodels
en flytning	a move	HH	2					n	flytningen|flytninger	the move|moves
en flyttekasse	a moving box	HH	3					n	flyttekassen|flyttekasser	the moving box|moving boxes
et byggeri	a construction	HH	3					n	byggeriet|byggerier	the construction|constructions
en terrasse	a terrace	HH	3					n	terrassen|terrasser	the terrace|terraces
en indretning	a layout / furnishing	HH	3					n	indretningen|indretninger	the layout / the furnishing|layouts / furnishings
vedligeholdelse	maintenance	HH	3		en			n	vedligeholdelsen	the maintenance
en rengøring	a cleaning	HH	2					n	rengøringen|rengøringer	the cleaning|cleanings
en støvsugning	a vacuuming	HH	3					n	støvsugningen|støvsugninger	the vacuuming|vacuumings
en opvask	a dishwashing	HH	3					n	opvasken	the dishwashing
en tøjvask	a laundry	HH	3					n	tøjvasken	the laundry
en strygning	an ironing	HH	3					n	strygningen|strygninger	the ironing|ironings
en oprydning	a tidying up	HH	3					n	oprydningen	the tidying up
en affaldssortering	a waste sorting	HH	3					n	affaldssorteringen|affaldssorteringer	the waste sorting|waste sortings
madlavning	cooking	FD	2		en			n	madlavningen	the cooking
en græsslåning	a lawn mowing	HH	3					n	græsslåningen|græsslåninger	the lawn mowing|lawn mowings
en snerydning	a snow removal	HH	3					n	snerydningen|snerydninger	the snow removal|snow removals
en reparation	a repair	HH	3					n	reparationen|reparationer	the repair|repairs
et rengøringsmiddel	a cleaning product	HH	3					n	rengøringsmidlet|rengøringsmidler	the cleaning product|cleaning products
en gulvvask	a floor washing	HH	3					n	gulvvasken	the floor washing
en vinduespudsning	a window cleaning	HH	3					n	vinduespudsningen|vinduespudsninger	the window cleaning|window cleanings
at tørre støv af	to dust	HH	2	tørrer støv af|tørrede støv af|tørret støv af		jeg tørrer støv af|jeg tørrede støv af|jeg har tørret støv af	I dust|I dusted|I have dusted	v
en ventetid	a wait time	TS	2					n	ventetiden|ventetider	the wait time|wait times
en kø	a queue	TS	2					n	køen|køer	the queue|queues
en åbningstid	an opening hour	TS	2					n	åbningstiden|åbningstider	the opening hour|opening hours
en lukketid	a closing time	TS	3					n	lukketiden|lukketider	the closing time|closing times
en ombytning	an exchange	CS	3					n	ombytningen|ombytninger	the exchange|exchanges
en returnering	a return	CS	3					n	returneringen|returneringer	the return|returns
en garanti	a warranty	CS	2					n	garantien|garantier	the warranty|warranties
en undtagelse	an exception		3					n	undtagelsen|undtagelser	the exception|exceptions
en betingelse	a condition		3					n	betingelsen|betingelser	the condition|conditions
et krav	a requirement		2					n	kravet|krav	the requirement|requirements
en tilladelse	a permission		2					n	tilladelsen|tilladelser	the permission|permissions
et forbud	a ban	SP	2					n	forbuddet|forbud	the ban|bans
et rum	a room / space	HH	2					n	rummet|rum	the room / the space|rooms / spaces
strøm	electricity / current	HH	2		en			n	strømmen	the electricity / the current
en mur	a wall (outer)	HH	2					n	muren|mure	the wall (outer)|walls (outer)
et rør	a pipe / tube / receiver	HH	2					n	røret|rør	the pipe / the tube / the receiver|pipes / tubes / receivers
en hytte	a cabin / hut	HH	2					n	hytten|hytter	the cabin / the hut|cabins / huts
et værktøj	a tool	HH	2					n	værktøjet|værktøjer	the tool|tools
en port	a gate	HH	3					n	porten|porte	the gate|gates
post	mail / post	HH	2		en			n	posten	the mail / the post
støv	dust	HH	2		et			n	støvet	the dust
ejendele	belongings	HH	3		pl			n
sengetid	bedtime	HH	2		en			n	sengetiden	the bedtime
et ærinde	an errand	HH	3					n	ærindet|ærinder	the errand|errands
en indgang	an entrance	HH	2					n	indgangen|indgange	the entrance|entrances
en spand	a bucket	HH	2					n	spanden|spande	the bucket|buckets
et nabolag	a neighborhood	TS	3					n	nabolaget|nabolag	the neighborhood|neighborhoods
skrald	garbage	HH	2		et			n	skraldet	the garbage
en rutine	a routine		2					n	rutinen|rutiner	the routine|routines
en livsstil	a lifestyle		2					n	livsstilen|livsstile	the lifestyle|lifestyles
et hegn	a fence	HH	3					n	hegnet|hegn	the fence|fences
elektricitet	electricity	HH	2		en			n
et brusebad	a shower	HH	2					n	brusebadet|brusebade	the shower|showers
en hoveddør	a front door	HH	2					n	hoveddøren|hoveddøre	the front door|front doors
en sal	a hall	HH	2					n	salen|sale	the hall|halls
en saks	a pair of scissors	HH	2					n	saksen|sakse	the pair of scissors|pairs of scissors
en økse	an axe	HH	3					n	øksen|økser	the axe|axes
snavs	dirt	HH	3		et			n	snavset	the dirt
at vaske op	to do the dishes	HH	2	vasker op|vaskede op|vasket op		jeg vasker op|jeg vaskede op|jeg har vasket op	I do the dishes|I did the dishes|I have done the dishes	v
at tørre af	to wipe / dry (dishes)	HH	2	tørrer af|tørrede af|tørret af		jeg tørrer af|jeg tørrede af|jeg har tørret af	I wipe / dry (dishes)|I wiped / dried (dishes)|I have wiped / dried (dishes)	v
et rækkehus	a terraced house / townhouse	HH	2					n	rækkehuset|rækkehuse	the terraced house / the townhouse|terraced houses / townhouses
et sommerhus	a summer house / cottage	HH	2					n	sommerhuset|sommerhuse	the summer house / the cottage|summer houses / cottages
en opgang	a stairwell / entrance	HH	3					n	opgangen|opgange	the stairwell / the entrance|stairwells / entrances
et loftsrum	an attic room	HH	3					n	loftsrummet|loftsrum	the attic room|attic rooms
en gang	a hallway / corridor	HH	2					n	gangen|gange	the hallway / the corridor|hallways / corridors
et børneværelse	a children's room	HH	2					n	børneværelset|børneværelser	the children's room|children's rooms
et gæsteværelse	a guest room	HH	2					n	gæsteværelset|gæsteværelser	the guest room|guest rooms
et skur	a shed	HH	2					n	skuret|skure	the shed|sheds
en carport	a carport	HH	3					n	carporten|carporte	the carport|carports
en indkørsel	a driveway	HH	3					n	indkørslen|indkørsler	the driveway|driveways
en dørklokke	a doorbell	HH	3					n	dørklokken|dørklokker	the doorbell|doorbells
et håndtag	a handle	HH	2					n	håndtaget|håndtag	the handle|handles
en vindueskarm	a windowsill	HH	3					n	vindueskarmen|vindueskarme	the windowsill|windowsills
en persienne	a blind (window)	HH	4					n	persiennen|persienner	the blind (window)|blinds (window)
en radiator	a radiator	HH	2					n	radiatoren|radiatorer	the radiator|radiators
en lyskontakt	a light switch	HH	2					n	lyskontakten|lyskontakter	the light switch|light switches
en elpære	a light bulb	HH	3					n	elpæren|elpærer	the light bulb|light bulbs
en loftslampe	a ceiling light	HH	3					n	loftslampen|loftslamper	the ceiling light|ceiling lights
et stearinlys	a candle	HH	2					n	stearinlyset|stearinlys	the candle|candles
en lysestage	a candlestick	HH	3					n	lysestagen|lysestager	the candlestick|candlesticks
et sofabord	a coffee table	HH	2					n	sofabordet|sofaborde	the coffee table|coffee tables
et spisebord	a dining table	HH	2					n	spisebordet|spiseborde	the dining table|dining tables
en hylde	a shelf	HH	2					n	hylden|hylder	the shelf|shelves
en kommode	a chest of drawers	HH	3					n	kommoden|kommoder	the chest of drawers|chests of drawers
en skuffe	a drawer	HH	2					n	skuffen|skuffer	the drawer|drawers
et klædeskab	a wardrobe	HH	2					n	klædeskabet|klædeskabe	the wardrobe|wardrobes
en knage	a coat hook	HH	4					n	knagen|knager	the coat hook|coat hooks
et lagen	a sheet	HH	3					n	lagnet|lagner	the sheet|sheets
et dynebetræk	a duvet cover	HH	3					n	dynebetrækket|dynebetræk	the duvet cover|duvet covers
et pudebetræk	a pillowcase	HH	3					n	pudebetrækket|pudebetræk	the pillowcase|pillowcases
en madras	a mattress	HH	2					n	madrassen|madrasser	the mattress|mattresses
en vugge	a cradle	HH	3					n	vuggen|vugger	the cradle|cradles
en køjeseng	a bunk bed	HH	3					n	køjesengen|køjesenge	the bunk bed|bunk beds
en natlampe	a bedside lamp	HH	2					n	natlampen|natlamper	the bedside lamp|bedside lamps
en plakat	a poster	HH	2					n	plakaten|plakater	the poster|posters
en potteplante	a houseplant	HH	2					n	potteplanten|potteplanter	the houseplant|houseplants
en vase	a vase	HH	2					n	vasen|vaser	the vase|vases
en håndvask	a sink (bathroom)	HH	3					n	håndvasken|håndvaske	the sink (bathroom)|sinks (bathroom)
en vandhane	a faucet / tap	HH	2					n	vandhanen|vandhaner	the faucet / the tap|faucets / taps
balsam	conditioner	HH	3		en			n	balsammen	the conditioner
en deodorant	a deodorant	HH	2					n	deodoranten|deodoranter	the deodorant|deodorants
en kam	a comb	HH	2					n	kammen|kamme	the comb|combs
en hårbørste	a hairbrush	HH	2					n	hårbørsten|hårbørster	the hairbrush|hairbrushes
en føntørrer	a hairdryer	HH	3					n	føntørreren|føntørrer	the hairdryer|hairdryers
en barbermaskine	an electric shaver	HH	3					n	barbermaskinen|barbermaskiner	the razor / the shaver|razors / shavers
toiletpapir	toilet paper	HH	2		et			n	toiletpapiret	the toilet paper
en vatpind	a cotton swab	HH	3					n	vatpinden|vatpinde	the cotton swab|cotton swabs
et tørrestativ	a drying rack	HH	4					n	tørrestativet|tørrestativer	the drying rack|drying racks
vasketøj	laundry	HH	2		et			n	vasketøjet	the laundry
vaskepulver	laundry detergent	HH	3		et			n	vaskepulveret	the laundry detergent
et strygejern	an iron	HH	3					n	strygejernet|strygejern	the iron|irons
et strygebræt	an ironing board	HH	3					n	strygebrættet|strygebrætter	the ironing board|ironing boards
en fejebakke	a dustpan	HH	3					n	fejebakken|fejebakker	the dustpan|dustpans
en klud	a cloth / rag	HH	3					n	kluden|klude	the cloth / the rag|cloths / rags
opvaskemiddel	dish soap	HH	3		et			n	opvaskemidlet	the dish soap
en skraldepose	a garbage bag	HH	3					n	skraldeposen|skraldeposer	the garbage bag|garbage bags
en container	a container	HH	3					n	containeren|containere	the container|containers
en stige	a ladder	HH	2					n	stigen|stiger	the ladder|ladders
en hammer	a hammer	HH	2					n	hammeren|hamre	the hammer|hammers
en skrue	a screw	HH	2					n	skruen|skruer	the screw|screws
et søm	a nail	HH	2					n	sømmet|søm	the nail|nails
en tang	a pair of pliers / seaweed	HH	3					n	tangen|tænger	the pair of pliers|pairs of pliers
et målebånd	a tape measure	HH	3					n	målebåndet|målebånd	the tape measure|tape measures
maling	paint	HH	2		en			n	malingen	the paint
tapet	wallpaper	HH	3		et			n
et gulvtæppe	a carpet	HH	3					n	gulvtæppet|gulvtæpper	the carpet|carpets
en flise	a tile	HH	3					n	flisen|fliser	the tile|tiles
en ventilator	a fan	HH	3					n	ventilatoren|ventilatorer	the fan|fans
en emhætte	a cooker hood	HH	4					n	emhætten|emhætter	the cooker hood|cooker hoods
en kogeplade	a hotplate	HH	3					n	kogepladen|kogeplader	the hotplate|hotplates
en plæne	a lawn	HH	3					n	plænen|plæner	the lawn|lawns
en græsslåmaskine	a lawnmower	HH	3					n	græsslåmaskinen|græsslåmaskiner	the lawnmower|lawnmowers
en rive	a rake	HH	3					n	riven|river	the rake|rakes
en skovl	a shovel	HH	3					n	skovlen|skovle	the shovel|shovels
en vandkande	a watering can	HH	3					n	vandkanden|vandkander	the watering can|watering cans
en haveslange	a garden hose	HH	3					n	haveslangen|haveslanger	the garden hose|garden hoses
et bed	a flower bed	HH	3					n	bedet|bede	the flower bed|flower beds
en hæk	a hedge	HH	3					n	hækken|hække	the hedge|hedges
en låge	a gate (small)	HH	3					n	lågen|låger	the gate (small)|gates (small)
husarbejde	housework	HH	3		et			n	husarbejdet	the housework
at gøre rent	to clean	HH	2	gør rent|gjorde rent|gjort rent		jeg gør rent|jeg gjorde rent|jeg har gjort rent	I clean|I cleaned|I have cleaned	v
at støvsuge	to vacuum	HH	2	støvsuger|støvsugede|støvsuget		jeg støvsuger|jeg støvsugede|jeg har støvsuget	I vacuum|I vacuumed|I have vacuumed	v
at vaske gulv	to mop the floor	HH	2	vasker gulv|vaskede gulv|vasket gulv		jeg vasker gulv|jeg vaskede gulv|jeg har vasket gulv	I mop the floor|I mopped the floor|I have mopped the floor	v
at vaske tøj	to do laundry	HH	2	vasker tøj|vaskede tøj|vasket tøj		jeg vasker tøj|jeg vaskede tøj|jeg har vasket tøj	I do laundry|I did laundry|I have done laundry	v
at folde	to fold	HH	2	folder|foldede|foldet		jeg folder|jeg foldede|jeg har foldet	I fold|I folded|I have folded	v
at hænge op	to hang up	HH	2	hænger op|hængte op|hængt op		jeg hænger op|jeg hængte op|jeg har hængt op	I hang up|I hung up|I have hung up	v
at rede seng	to make the bed	HH	2	reder seng|redte seng|redt seng		jeg reder seng|jeg redte seng|jeg har redt seng	I make the bed|I made the bed|I have made the bed	v
at lufte ud	to air out	HH	2	lufter ud|luftede ud|luftet ud		jeg lufter ud|jeg luftede ud|jeg har luftet ud	I air out|I aired out|I have aired out	v
at tage skraldet ud	to take out the trash	HH	2	tager skraldet ud|tog skraldet ud|taget skraldet ud		jeg tager skraldet ud|jeg tog skraldet ud|jeg har taget skraldet ud	I take out the trash|I took out the trash|I have taken out the trash	v
at vande	to water	HH	2	vander|vandede|vandet		jeg vander|jeg vandede|jeg har vandet	I water|I watered|I have watered	v
at slå græs	to mow the lawn	HH	2	slår græs|slog græs|slået græs		jeg slår græs|jeg slog græs|jeg har slået græs	I mow the lawn|I mowed the lawn|I have mowed the lawn	v
at luge	to weed	HH	3	luger|lugede|luget		jeg luger|jeg lugede|jeg har luget	I weed|I weeded|I have weeded	v
at plante	to plant	HH	2	planter|plantede|plantet		jeg planter|jeg plantede|jeg har plantet	I plant|I planted|I have planted	v
at bore	to drill	HH	3	borer|borede|boret		jeg borer|jeg borede|jeg har boret	I drill|I drilled|I have drilled	v
at skrue	to screw	HH	2	skruer|skruede|skruet		jeg skruer|jeg skruede|jeg har skruet	I screw|I screwed|I have screwed	v
at låse	to lock	HH	2	låser|låste|låst		jeg låser|jeg låste|jeg har låst	I lock|I locked|I have locked	v
at låse op	to unlock	HH	2	låser op|låste op|låst op		jeg låser op|jeg låste op|jeg har låst op	I unlock|I unlocked|I have unlocked	v
at banke på	to knock	HH	2	banker på|bankede på|banket på		jeg banker på|jeg bankede på|jeg har banket på	I knock|I knocked|I have knocked	v
at ringe på	to ring the doorbell	HH	2	ringer på|ringede på|ringet på		jeg ringer på|jeg ringede på|jeg har ringet på	I ring the doorbell|I rang the doorbell|I have rung the doorbell	v
at flytte ind	to move in	HH	2	flytter ind|flyttede ind|flyttet ind		jeg flytter ind|jeg flyttede ind|jeg er flyttet ind	I move in|I moved in|I have moved in	v
at flytte ud	to move out	HH	2	flytter ud|flyttede ud|flyttet ud		jeg flytter ud|jeg flyttede ud|jeg er flyttet ud	I move out|I moved out|I have moved out	v
at indrette	to furnish / decorate	HH	3	indretter|indrettede|indrettet		jeg indretter|jeg indrettede|jeg har indrettet	I furnish / decorate|I furnished / decorated|I have furnished / decorated	v
at renovere	to renovate	HH	3	renoverer|renoverede|renoveret		jeg renoverer|jeg renoverede|jeg har renoveret	I renovate|I renovated|I have renovated	v
at stå op	to get up	HH	1	står op|stod op|stået op		jeg står op|jeg stod op|jeg er stået op	I get up|I got up|I have gotten up	v
at gå i seng	to go to bed	HH	1	går i seng|gik i seng|gået i seng		jeg går i seng|jeg gik i seng|jeg er gået i seng	I go to bed|I went to bed|I have gone to bed	v
at falde i søvn	to fall asleep	HH	2	falder i søvn|faldt i søvn|faldet i søvn		jeg falder i søvn|jeg faldt i søvn|jeg er faldet i søvn	I fall asleep|I fell asleep|I have fallen asleep	v
at tage bad	to take a shower	HH	1	tager bad|tog bad|taget bad		jeg tager bad|jeg tog bad|jeg har taget bad	I take a shower|I took a shower|I have taken a shower	v
at børste tænder	to brush teeth	HH	1	børster tænder|børstede tænder|børstet tænder		jeg børster tænder|jeg børstede tænder|jeg har børstet tænder	I brush teeth|I brushed teeth|I have brushed teeth	v
at klæde sig på	to get dressed	HH	2	klæder sig på|klædte sig på|klædt sig på		jeg klæder mig på|jeg klædte mig på|jeg har klædt mig på	I get dressed|I got dressed|I have gotten dressed	v
at klæde sig af	to get undressed	HH	2	klæder sig af|klædte sig af|klædt sig af		jeg klæder mig af|jeg klædte mig af|jeg har klædt mig af	I get undressed|I got undressed|I have gotten undressed	v
at barbere sig	to shave	HH	2	barberer sig|barberede sig|barberet sig		jeg barberer mig|jeg barberede mig|jeg har barberet mig	I shave|I shaved|I have shaved	v
at rede håret	to comb one's hair	HH	2	reder håret|redte håret|redt håret		jeg reder håret|jeg redte håret|jeg har redt håret	I comb my hair|I combed my hair|I have combed my hair	v
at sminke sig	to put on makeup	HH	2	sminker sig|sminkede sig|sminket sig		jeg sminker mig|jeg sminkede mig|jeg har sminket mig	I put on makeup|I put on makeup|I have put on makeup	v
at handle ind	to go grocery shopping	CS	2	handler ind|handlede ind|handlet ind		jeg handler ind|jeg handlede ind|jeg har handlet ind	I go grocery shopping|I went grocery shopping|I have gone grocery shopping	v
at snooze	to snooze	HH	2	snoozer|snoozede|snoozet		jeg snoozer|jeg snoozede|jeg har snoozet	I snooze|I snoozed|I have snoozed	v
at sove over sig	to oversleep	HH	2	sover over sig|sov over sig|sovet over sig		jeg sover over mig|jeg sov over mig|jeg har sovet over mig	I oversleep|I overslept|I have overslept	v
at få besøg	to have visitors	HH	2	får besøg|fik besøg|fået besøg		jeg får besøg|jeg fik besøg|jeg har fået besøg	I have visitors|I had visitors|I have had visitors	v
rodet	messy	HH	2					a
ryddelig	tidy	HH	2					a	ryddeligere|ryddeligst	tidier|tidiest
møbleret	furnished	HH	3					a
lun	warm / cozy	HH	3					a	lunere|lunest	warmer / cozier|warmest / coziest
kølig	cool	HH	2					a	køligere|køligst	cooler|coolest
fugtig	damp / humid	HH	2					a	fugtigere|fugtigst	damper / more humid|dampest / most humid
støjende	noisy	HH	3					a
rummelig	spacious	HH	3					a	rummeligere|rummeligst	more spacious|most spacious
trang	cramped	HH	3					a	trangere|trangest	more cramped|most cramped
en boligforening	a housing association	HH	3					n	boligforeningen|boligforeninger	the housing association|housing associations
en andelsbolig	a cooperative apartment	HH	3					n	andelsboligen|andelsboliger	the cooperative apartment|cooperative apartments
en ejerlejlighed	a condominium	HH	3					n	ejerlejligheden|ejerlejligheder	the condominium|condominiums
en lejebolig	a rental home	HH	3					n	lejeboligen|lejeboliger	the rental home|rental homes
et kollegium	a student dormitory	HH	3					n
en husstand	a household	HH	3					n	husstanden|husstande	the household|households
en opslagstavle	a bulletin board	HH	3					n	opslagstavlen|opslagstavler	the bulletin board|bulletin boards
en brugsanvisning	a user manual	HH	3					n	brugsanvisningen|brugsanvisninger	the user manual|user manuals
en indflytning	a move-in	HH	3					n	indflytningen|indflytninger	the move-in|move-ins
en køkkenrulle	a roll of paper towels	HH	3					n	køkkenrullen|køkkenruller	the roll of paper towels|rolls of paper towels
en opvaskebørste	a dish brush	HH	4					n	opvaskebørsten|opvaskebørster	the dish brush|dish brushes
et viskestykke	a dish towel	HH	3					n	viskestykket|viskestykker	the dish towel|dish towels
en grydelap	a pot holder	HH	4					n	grydelappen|grydelapper	the pot holder|pot holders
et køkkenur	a kitchen timer	HH	4					n	køkkenuret|køkkenure	the kitchen timer|kitchen timers
et spisekammer	a pantry	HH	3					n	spisekammeret|spisekamre	the pantry|pantries
et bryggers	a utility room	HH	4					n	bryggerset|bryggerser	the utility room|utility rooms
et vaskerum	a laundry room	HH	3					n	vaskerummet|vaskerum	the laundry room|laundry rooms
en tørresnor	a clothesline	HH	4					n	tørresnoren|tørresnore	the clothesline|clotheslines
en klemme	a clothespin / clip	HH	3					n	klemmen|klemmer	the clothespin / the clip|clothespins / clips
en bøjle	a hanger / brace	HH	3					n	bøjlen|bøjler	the hanger / the brace|hangers / braces
et skohorn	a shoehorn	HH	4					n	skohornet|skohorn	the shoehorn|shoehorns
en dørmåtte	a doormat	HH	3					n	dørmåtten|dørmåtter	the doormat|doormats
et paraplystativ	an umbrella stand	HH	4					n	paraplystativet|paraplystativer	the umbrella stand|umbrella stands
en brevsprække	a mail slot	HH	4					n	brevsprækken|brevsprækker	the mail slot|mail slots
en røgalarm	a smoke alarm	HH	3					n	røgalarmen|røgalarmer	the smoke alarm|smoke alarms
en sikringsboks	a fuse box	HH	4					n	sikringsboksen|sikringsbokse	the fuse box|fuse boxes
en varmepumpe	a heat pump	HH	4					n	varmepumpen|varmepumper	the heat pump|heat pumps
fjernvarme	district heating	HH	3		en			n	fjernvarmen	the district heating
en elregning	an electricity bill	HH	3					n	elregningen|elregninger	the electricity bill|electricity bills
en vandregning	a water bill	HH	3					n	vandregningen|vandregninger	the water bill|water bills
et strømstik	a power plug	HH	4					n	strømstikket|strømstik	the power plug|power plugs
en forlængerledning	an extension cord	HH	3					n	forlængerledningen|forlængerledninger	the extension cord|extension cords
en stikdåse	a power strip	HH	4					n	stikdåsen|stikdåser	the power strip|power strips
et natbord	a nightstand	HH	3					n	natbordet|natborde	the nightstand|nightstands
en sengegavl	a headboard	HH	4					n	sengegavlen|sengegavle	the headboard|headboards
en skammel	a stool	HH	3					n	skamlen|skamler	the stool|stools
en havestol	a garden chair	HH	3					n	havestolen|havestole	the garden chair|garden chairs
en parasol	a parasol	HH	3					n	parasollen|parasoller	the parasol|parasols
grillkul	charcoal	HH	4		pl			n
en tøjkurv	a laundry basket	HH	3					n	tøjkurven|tøjkurve	the laundry basket|laundry baskets
en boremaskine	a drill	HH	3					n	boremaskinen|boremaskiner	the drill|drills
et bræt	a board	HH	3					n	brættet|brædder	the board|boards
en børste	a brush	HH	2					n	børsten|børster	the brush|brushes
en etage	a floor (story)	HH	2					n	etagen|etager	the floor (story)|floors (story)
et fjernsyn	a television	TM	2					n	fjernsynet|fjernsyn	the television|televisions
gør det selv	do it yourself	HH	3					f
hjemme	at home	HH	1					d
hjem	home (direction)	HH	1					d
et køkkenbord	a kitchen table / counter	HH	2					n	køkkenbordet|køkkenborde	the kitchen table / the counter|kitchen tables / counters
en ledning	a cord / cable	HH	2					n	ledningen|ledninger	the cord / the cable|cords / cables
en planke	a plank	HH	3					n	planken|planker	the plank|planks
en skruetrækker	a screwdriver	HH	3					n	skruetrækkeren|skruetrækkere	the screwdriver|screwdrivers
en skorsten	a chimney	HH	3					n	skorstenen|skorstene	the chimney|chimneys
en tagrende	a gutter	HH	4					n	tagrenden|tagrender	the gutter|gutters
en facade	a facade	HH	3					n	facaden|facader	the facade|facades
et fundament	a foundation	HH	3					n	fundamentet|fundamenter	the foundation|foundations
isolering	insulation	HH	3		en			n	isoleringen	the insulation
en mursten	a brick	HH	3					n	murstenen|mursten	the brick|bricks
en dørkarm	a door frame	HH	4					n	dørkarmen|dørkarme	the door frame|door frames
en rude	a window pane	HH	3					n	ruden|ruder	the window pane|window panes
en lampeskærm	a lampshade	HH	3					n	lampeskærmen|lampeskærme	the lampshade|lampshades
en plaid	a throw blanket	HH	3					n	plaiden|plaider	the throw blanket|throw blankets
en sovesofa	a sofa bed	HH	3					n	sovesofaen|sovesofaer	the sofa bed|sofa beds
en vaskekælder	a laundry room (in basement)	HH	4					n	vaskekælderen|vaskekældre	the laundry room (in basement)|laundry rooms (in basement)
et fællesvaskeri	a shared laundry room	HH	4					n	fællesvaskeriet|fællesvaskerier	the shared laundry room|shared laundry rooms
en vicevært	a caretaker / janitor	HH	3					n	viceværten|viceværter	the caretaker / the janitor|caretakers / janitors
et bad	a bath / shower	HH	1					n	badet|bade	the bath / the shower|baths / showers
et vaskeri	a laundromat	TS	3					n	vaskeriet|vaskerier	the laundromat|laundromats
et kvarter	a neighborhood	TS	2					n	kvarteret|kvarterer	the neighborhood|neighborhoods
en boligkarré	a city block	HH	4					n	boligkarréen|boligkarréer	the city block|city blocks
et husnummer	a house number	HH	2					n	husnummeret|husnumre	the house number|house numbers
et postnummer	a postal code	HH	2					n	postnummeret|postnumre	the postal code|postal codes
en etagebolig	an apartment in a multi-story building	HH	4					n	etageboligen|etageboliger	the apartment in a multi-story building|apartments in multi-story buildings
en brandtrappe	a fire escape	HH	3					n	brandtrappen|brandtrapper	the fire escape|fire escapes
en tagterrasse	a roof terrace	HH	3					n	tagterrassen|tagterrasser	the roof terrace|roof terraces
en gårdhave	a courtyard garden	HH	4					n	gårdhaven|gårdhaver	the courtyard garden|courtyard gardens
en balkon	a balcony	HH	2					n	balkonen|balkoner	the balcony|balconies
en dekoration	a decoration	HH	3					n	dekorationen|dekorationer	the decoration|decorations
en mikrobølgeovn	a microwave oven	HH	2					n	mikrobølgeovnen|mikrobølgeovne	the microwave oven|microwave ovens
en tremmeseng	a crib	HH	4					n	tremmesengen|tremmesenge	the crib|cribs
belysning	lighting	HH	3		en			n	belysningen	the lighting
en bogreol	a bookcase	HH	2					n	bogreolen|bogreoler	the bookcase|bookcases
en bordplade	a tabletop / countertop	HH	3					n	bordpladen|bordplader	the tabletop / the countertop|tabletops / countertops
en gadedør	a street door	HH	3					n	gadedøren|gadedøre	the street door|street doors
en hushjælp	a domestic helper	HH	3					n	hushjælpen|hushjælpe	the domestic helper|domestic helpers
en husregel	a house rule	HH	2					n	husreglen|husregler	the house rule|house rules
en morgenrutine	a morning routine	HH	2					n	morgenrutinen|morgenrutiner	the morning routine|morning routines
en aftenrutine	an evening routine	HH	2					n	aftenrutinen|aftenrutiner	the evening routine|evening routines
pladsmangel	lack of space	HH	3		en			n	pladsmanglen	the lack of space
en spisestue	a dining room	HH	2					n	spisestuen|spisestuer	the dining room|dining rooms
et hobbyrum	a hobby room	HH	3					n	hobbyrummet|hobbyrum	the hobby room|hobby rooms
barberskum	shaving foam	HH	3		et			n	barberskummet	the shaving foam
en badevægt	a bathroom scale	HH	3					n	badevægten|badevægte	the bathroom scale|bathroom scales
en bademåtte	a bath mat	HH	3					n	bademåtten|bademåtter	the bath mat|bath mats
et bruseforhæng	a shower curtain	HH	3					n	bruseforhænget|bruseforhæng	the shower curtain|shower curtains
en toiletbørste	a toilet brush	HH	3					n	toiletbørsten|toiletbørster	the toilet brush|toilet brushes
et tandkrus	a toothbrush cup	HH	3					n	tandkruset|tandkrus	the toothbrush cup|toothbrush cups
et medicinskab	a medicine cabinet	HH	3					n	medicinskabet|medicinskabe	the medicine cabinet|medicine cabinets
en rejse	a trip / journey	TT	1					n	rejsen|rejser	the trip / the journey|trips / journeys
et pas	a passport	TT	1					n	passet|passer	the passport|passports
et visum	a visa	TT	2					n	visummet|visa	the visa|visas
en billet	a ticket	TT	1					n	billetten|billetter	the ticket|tickets
bagage	luggage	TT	2		en			n	bagagen	the luggage
en kuffert	a suitcase	TT	1					n	kufferten|kufferter	the suitcase|suitcases
en taxa	a taxi	TT	1					n	taxaen|taxaer	the taxi|taxis
en metro	a metro	TT	1					n	metroen|metroer	the metro|metros
en færge	a ferry	TT	2					n	færgen|færger	the ferry|ferries
en motorcykel	a motorcycle	TT	2					n	motorcyklen|motorcykler	the motorcycle|motorcycles
en motorvej	a motorway	TT	2					n	motorvejen|motorveje	the motorway|motorways
en sti	a path	WN	2					n	stien|stier	the path|paths
et kort	a map / card	TT	1					n	kortet|kort	the map|maps
en afgang	a departure	TT	2					n	afgangen|afgange	the departure|departures
en ankomst	an arrival	TT	2					n	ankomsten|ankomster	the arrival|arrivals
en forsinkelse	a delay	TT	2					n	forsinkelsen|forsinkelser	the delay|delays
en gate	a gate	TT	2					n
en perron	a platform	TT	2					n	perronen|perroner	the platform|platforms
en pilot	a pilot	TT	2					n	piloten|piloter	the pilot|pilots
en stewardesse	a flight attendant	TT	2					n	stewardessen|stewardesser	the flight attendant|flight attendants
en destination	a destination	TT	3					n	destinationen|destinationer	the destination|destinations
en grænse	a border	TT	2					n	grænsen|grænser	the border|borders
told	customs	TT	3		en			n	tolden	the customs
en campingplads	a campsite	TT	2					n	campingpladsen|campingpladser	the campsite|campsites
et telt	a tent	TT	2					n	teltet|telte	the tent|tents
en sovepose	a sleeping bag	TT	2					n	soveposen|soveposer	the sleeping bag|sleeping bags
et bagagerum	a trunk	TT	3					n	bagagerummet|bagagerum	the trunk|trunks
et sæde	a seat	TT	2					n	sædet|sæder	the seat|seats
en sikkerhedssele	a seatbelt	TT	3					n	sikkerhedsselen|sikkerhedsseler	the seatbelt|seatbelts
en tank	a tank	TT	2					n	tanken|tanke	the tank|tanks
benzin	petrol	TT	2		en			n	benzinen	the petrol
diesel	diesel	TT	2		en			n	dieselen	the diesel
en tankstation	a gas station	TT	2					n	tankstationen|tankstationer	the gas station|gas stations
parkering	parking	TT	2		en			n	parkeringen	the parking
en p-plads	a parking spot	TT	2					n	p-pladsen|p-pladser	the parking spot|parking spots
trafik	traffic	TT	2		en			n	trafikken	the traffic
et trafiklys	a traffic light	TT	2					n	trafiklyset|trafiklys	the traffic light|traffic lights
et fortov	a sidewalk	TT	2					n	fortovet|fortove	the sidewalk|sidewalks
en fodgænger	a pedestrian	TT	2					n	fodgængeren|fodgængere	the pedestrian|pedestrians
en rundkørsel	a roundabout	TT	3					n	rundkørslen|rundkørsler	the roundabout|roundabouts
et kryds	an intersection	TT	3					n	krydset|kryds	the intersection|intersections
en adresse	an address	TS	1					n	adressen|adresser	the address|addresses
et kompas	a compass	TT	3					n	kompasset|kompasser	the compass|compasses
en rute	a route	TT	2					n	ruten|ruter	the route|routes
en udflugt	an excursion	TT	2					n	udflugten|udflugter	the excursion|excursions
en seværdighed	an attraction	TT	2					n	seværdigheden|seværdigheder	the attraction|attractions
en guide	a guide	TT	2					n	guiden|guider	the guide|guides
en reservation	a reservation	TT	2					n	reservationen|reservationer	the reservation|reservations
en afrejse	a departure (trip)	TT	3					n	afrejsen|afrejser	the departure (trip)|departures (trip)
en hjemrejse	a return trip	TT	3					n	hjemrejsen|hjemrejser	the return trip|return trips
jetlag	jet lag	TT	3		et			n	jetlagget	the jet lag
en souvenir	a souvenir	TT	2					n	souveniren|souvenirer	the souvenir|souvenirs
en landsby	a village	TS	2					n	landsbyen|landsbyer	the village|villages
en hovedstad	a capital city	TS	2					n	hovedstaden|hovedstæder	the capital city|capital cities
en region	a region	SP	3					n	regionen|regioner	the region|regions
en kyst	a coast	WN	2					n	kysten|kyster	the coast|coasts
en ø	an island	WN	2					n	øen|øer	the island|islands
en halvø	a peninsula	WN	3					n	halvøen|halvøer	the peninsula|peninsulas
en fjord	a fjord	WN	2					n	fjorden|fjorde	the fjord|fjords
en dal	a valley	WN	2					n	dalen|dale	the valley|valleys
en slette	a plain	WN	3					n	sletten|sletter	the plain|plains
en rejseplan	an itinerary	TT	3					n	rejseplanen|rejseplaner	the itinerary|itineraries
en aflysning	a cancellation	TT	3					n	aflysningen|aflysninger	the cancellation|cancellations
et boardingpas	a boarding pass	TT	3					n	boardingpasset|boardingpas	the boarding pass|boarding passes
en toldkontrol	a customs check	TT	3					n	toldkontrollen|toldkontroller	the customs check|customs checks
en ambassade	an embassy	TS	3					n	ambassaden|ambassader	the embassy|embassies
en rejseforsikring	a travel insurance policy	TT	3					n	rejseforsikringen|rejseforsikringer	the travel insurance policy|travel insurance policies
en vaccination	a vaccination	BH	3					n	vaccinationen|vaccinationer	the vaccination|vaccinations
en tidszone	a time zone	TC	3					n	tidszonen|tidszoner	the time zone|time zones
en lokalbefolkning	a local population	TS	4					n	lokalbefolkningen|lokalbefolkninger	the local population|local populations
et vandrerhjem	a hostel	TT	3					n	vandrerhjemmet|vandrerhjem	the hostel|hostels
en udlejningsbil	a rental car	TT	3					n	udlejningsbilen|udlejningsbiler	the rental car|rental cars
en tur	a trip / turn	TT	1					n	turen|ture	the trip / the turn|trips / turns
et dæk	a tire / deck	TT	2					n	dækket|dæk	the tire / the deck|tires / decks
en lift	a lift (ride)	TT	2					n	liften|lifte	the lift (ride)|lifts (ride)
en fart	a speed	TT	2					n	farten	the speed
en kurs	a course (direction) / exchange rate	TT	3					n	kursen|kurser	the course (direction) / the exchange rate|courses (direction) / exchange rates
ombord	on board	TT	2					d
øst	east	TT	2					d
en motor	an engine	TT	2					n	motoren|motorer	the engine|engines
en helikopter	a helicopter	TT	2					n	helikopteren|helikoptere	the helicopter|helicopters
nordpå	northward	TT	3					d
en lastbil	a truck	TT	2					n	lastbilen|lastbiler	the truck|trucks
et kørekort	a driver's license	TT	2					n	kørekortet|kørekort	the driver's license|driver's licenses
et sving	a turn / curve	TT	3					n	svinget|sving	the turn / the curve|turns / curves
en udsigt	a view / prospect	TT	2					n	udsigten|udsigter	the view / the prospect|views / prospects
brændstof	fuel	TT	3		et			n	brændstoffet	the fuel
et motel	a motel	TT	2					n	motellet|moteller	the motel|motels
et hjul	a wheel	TT	2					n	hjulet|hjul	the wheel|wheels
en hastighed	a speed	TT	3					n	hastigheden|hastigheder	the speed|speeds
en besætning	a crew	TT	3					n	besætningen|besætninger	the crew|crews
sydpå	southward	TT	3					d
sydlig	southern		3					a	mere sydlig|mest sydlig	more southern|most southern
nordlig	northern		3					a	mere nordlig|mest nordlig	more northern|most northern
et rat	a steering wheel	TT	3					n	rattet|rat	the steering wheel|steering wheels
en udgang	an exit	TT	2					n	udgangen|udgange	the exit|exits
i udlandet	abroad	TT	2					d
en passager	a passenger	TT	2					n	passageren|passagerer	the passenger|passengers
et ophold	a stay	TT	3					n	opholdet|ophold	the stay|stays
et fartøj	a vessel / craft	TT	4					n	fartøjet|fartøjer	the vessel / the craft|vessels / craft
et køretøj	a vehicle	TT	3					n	køretøjet|køretøjer	the vehicle|vehicles
en bilulykke	a car accident	TT	2					n	bilulykken|bilulykker	the car accident|car accidents
en varevogn	a van	TT	3					n	varevognen|varevogne	the van|vans
en landing	a landing	TT	3					n	landingen|landinger	the landing|landings
en parkeringsplads	a parking space / lot	TT	2					n	parkeringspladsen|parkeringspladser	the parking space / the lot|parking spaces / lots
en koordinat	a coordinate	TT	4					n	koordinaten|koordinater	the coordinate|coordinates
en reception	a reception (desk)	TT	2					n	receptionen|receptioner	the reception (desk)|receptions (desk)
en suite	a suite	TT	3					n	suiten|suiter	the suite|suites
vestpå	westward	TT	3					d
en færd	a journey / conduct	TT	4					n	færden|færde	the journey / the conduct|journeys
vestlig	western		3					a	mere vestlig|mest vestlig	more western|most western
en rejsende	a traveler	TT	3					n
parkeret	parked	TT	3					a
østpå	eastward	TT	3					d
en gyde	an alley	TS	4					n	gyden|gyder	the alley|alleys
en lobby	a lobby	TT	3					n	lobbyen|lobbyer	the lobby|lobbies
en last	a cargo / vice	TT	4					n	lasten|laster	the cargo / the vice|cargoes / vices
en ubåd	a submarine	TT	4					n	ubåden|ubåde	the submarine|submarines
en weekendtur	a weekend trip	TT	2					n	weekendturen|weekendture	the weekend trip|weekend trips
en turistattraktion	a tourist attraction	TT	2					n	turistattraktionen|turistattraktioner	the tourist attraction|tourist attractions
et landkort	a map	TT	2					n	landkortet|landkort	the map|maps
en guidebog	a guidebook	TT	3					n	guidebogen|guidebøger	the guidebook|guidebooks
håndbagage	carry-on luggage	TT	3		en			n	håndbagagen	the carry-on luggage
en flybillet	a plane ticket	TT	2					n	flybilletten|flybilletter	the plane ticket|plane tickets
en returbillet	a return ticket	TT	2					n	returbilletten|returbilletter	the return ticket|return tickets
en enkeltbillet	a one-way ticket	TT	2					n	enkeltbilletten|enkeltbilletter	the one-way ticket|one-way tickets
et rejsekort	a travel card (Danish transit card)	TT	3					n	rejsekortet|rejsekort	the travel card (Danish transit card)|travel cards (Danish transit cards)
en køreplan	a timetable	TT	3					n	køreplanen|køreplaner	the timetable|timetables
et check-in	a check-in	TT	3					n
en sikkerhedskontrol	a security check	TT	3					n	sikkerhedskontrollen|sikkerhedskontroller	the security check|security checks
en flyrejse	a flight (trip)	TT	2					n	flyrejsen|flyrejser	the flight (trip)|flights (trip)
en landingsbane	a runway	TT	3					n	landingsbanen|landingsbaner	the runway|runways
en vinduesplads	a window seat	TT	3					n	vinduespladsen|vinduespladser	the window seat|window seats
en midtergang	an aisle	TT	3					n	midtergangen|midtergange	the aisle|aisles
en togstation	a train station	TT	2					n	togstationen|togstationer	the train station|train stations
en hovedbanegård	a central station	TT	2					n	hovedbanegården|hovedbanegårde	the central station|central stations
et S-tog	an S-train (Copenhagen commuter train)	TT	2					n	S-toget|S-tog	the S-train (Copenhagen commuter train)|S-trains (Copenhagen commuter train)
en letbane	a light rail	TT	3					n	letbanen|letbaner	the light rail|light rails
en sporvogn	a tram	TT	3					n	sporvognen|sporvogne	the tram|trams
et busstoppested	a bus stop	TT	2					n	busstoppestedet|busstoppesteder	the bus stop|bus stops
en buschauffør	a bus driver	TT	2					n	buschaufføren|buschauffører	the bus driver|bus drivers
en havn	a harbor / port	TT	2					n	havnen|havne	the harbor / the port|harbors / ports
et krydstogt	a cruise	TT	3					n	krydstogtet|krydstogter	the cruise|cruises
en elbil	an electric car	TT	2					n	elbilen|elbiler	the electric car|electric cars
en knallert	a moped	TT	3					n	knallerten|knallerter	the moped|mopeds
en scooter	a scooter	TT	2					n	scooteren|scootere	the scooter|scooters
en ladcykel	a cargo bike	TT	3					n	ladcyklen|ladcykler	the cargo bike|cargo bikes
en cykelsti	a bike lane	TT	2					n	cykelstien|cykelstier	the bike lane|bike lanes
en cykelhjelm	a bike helmet	TT	2					n	cykelhjelmen|cykelhjelme	the bike helmet|bike helmets
en landevej	a country road	TT	3					n	landevejen|landeveje	the country road|country roads
et lyskryds	an intersection with traffic lights	TT	3					n	lyskrydset|lyskryds	the intersection with traffic lights|intersections with traffic lights
et fodgængerfelt	a crosswalk	TT	3					n	fodgængerfeltet|fodgængerfelter	the crosswalk|crosswalks
en omkørsel	a detour	TT	3					n	omkørslen|omkørsler	the detour|detours
en ladestander	a charging station	TT	3					n	ladestanderen|ladestandere	the charging station|charging stations
en parkeringsbøde	a parking ticket	TT	3					n	parkeringsbøden|parkeringsbøder	the parking ticket|parking tickets
en fartbøde	a speeding ticket	TT	3					n	fartbøden|fartbøder	the speeding ticket|speeding tickets
et enkeltværelse	a single room	TT	2					n	enkeltværelset|enkeltværelser	the single room|single rooms
et dobbeltværelse	a double room	TT	2					n	dobbeltværelset|dobbeltværelser	the double room|double rooms
et nøglekort	a key card	TT	3					n	nøglekortet|nøglekort	the key card|key cards
en overnatning	an overnight stay	TT	3					n	overnatningen|overnatninger	the overnight stay|overnight stays
en storby	a big city	TS	3					n	storbyen|storbyer	the big city|big cities
en forstad	a suburb	TS	3					n	forstaden|forstæder	the suburb|suburbs
en bydel	a district / part of town	TS	3					n	bydelen|bydele	the district / the part of town|districts / parts of town
et torv	a (market) square	TS	2					n	torvet|torve	the (market) square|(market) squares
en gågade	a pedestrian street	TS	3					n	gågaden|gågader	the pedestrian street|pedestrian streets
et tårn	a tower	TS	2					n	tårnet|tårne	the tower|towers
et monument	a monument	TS	3					n	monumentet|monumenter	the monument|monuments
en statue	a statue	TS	2					n	statuen|statuer	the statue|statues
et springvand	a fountain	TS	3					n	springvandet|springvand	the fountain|fountains
en katedral	a cathedral	TS	3					n	katedralen|katedraler	the cathedral|cathedrals
et galleri	a gallery	TS	3					n	galleriet|gallerier	the gallery|galleries
en forlystelsespark	an amusement park	TS	3					n	forlystelsesparken|forlystelsesparker	the amusement park|amusement parks
et akvarium	an aquarium	TS	3					n
en strandpromenade	a beach promenade	TS	3					n	strandpromenaden|strandpromenader	the beach promenade|beach promenades
en bænk	a bench	TS	2					n	bænken|bænke	the bench|benches
en legeplads	a playground	TS	2					n	legepladsen|legepladser	the playground|playgrounds
et offentligt toilet	a public restroom	TS	3					n
et konsulat	a consulate	TS	4					n	konsulatet|konsulater	the consulate|consulates
et posthus	a post office	TS	2					n	posthuset|posthuse	the post office|post offices
en brandstation	a fire station	TS	3					n	brandstationen|brandstationer	the fire station|fire stations
at gå en tur	to go for a walk	TT	2	går en tur|gik en tur|gået en tur		jeg går en tur|jeg gik en tur|jeg har gået en tur	I go for a walk|I went for a walk|I have been for a walk	v
at tage toget	to take the train	TT	1	tager toget|tog toget|taget toget		jeg tager toget|jeg tog toget|jeg har taget toget	I take the train|I took the train|I have taken the train	v
at tage bussen	to take the bus	TT	1	tager bussen|tog bussen|taget bussen		jeg tager bussen|jeg tog bussen|jeg har taget bussen	I take the bus|I took the bus|I have taken the bus	v
at stå af	to get off	TT	2	står af|stod af|stået af		jeg står af|jeg stod af|jeg er stået af	I get off|I got off|I have gotten off	v
at stige på	to get on (a vehicle)	TT	2	stiger på|steg på|steget på		jeg stiger på|jeg steg på|jeg er steget på	I get on (a vehicle)|I got on (a vehicle)|I have gotten on (a vehicle)	v
at stige af	to get off (a vehicle)	TT	2	stiger af|steg af|steget af		jeg stiger af|jeg steg af|jeg er steget af	I get off (a vehicle)|I got off (a vehicle)|I have gotten off (a vehicle)	v
at lande	to land	TT	2	lander|landede|landet		jeg lander|jeg landede|jeg er landet	I land|I landed|I have landed	v
at lette	to take off (plane)	TT	2	letter|lettede|lettet		flyet letter|flyet lettede|flyet er lettet	the plane takes off|the plane took off|the plane has taken off	v
at checke ind	to check in	TT	2	checker ind|checkede ind|checket ind		jeg checker ind|jeg checkede ind|jeg har checket ind	I check in|I checked in|I have checked in	v
at checke ud	to check out	TT	2	checker ud|checkede ud|checket ud		jeg checker ud|jeg checkede ud|jeg har checket ud	I check out|I checked out|I have checked out	v
at pakke ud	to unpack	TT	2	pakker ud|pakkede ud|pakket ud		jeg pakker ud|jeg pakkede ud|jeg har pakket ud	I unpack|I unpacked|I have unpacked	v
at booke	to book	TT	2	booker|bookede|booket		jeg booker|jeg bookede|jeg har booket	I book|I booked|I have booked	v
at reservere	to reserve	TT	2	reserverer|reserverede|reserveret		jeg reserverer|jeg reserverede|jeg har reserveret	I reserve|I reserved|I have reserved	v
at aflyse	to cancel	TT	2	aflyser|aflyste|aflyst		jeg aflyser|jeg aflyste|jeg har aflyst	I cancel|I canceled|I have canceled	v
at nå toget	to catch the train	TT	2	når toget|nåede toget|nået toget		jeg når toget|jeg nåede toget|jeg har nået toget	I catch the train|I caught the train|I have caught the train	v
at parkere	to park	TT	2	parkerer|parkerede|parkeret		jeg parkerer|jeg parkerede|jeg har parkeret	I park|I parked|I have parked	v
at tanke	to refuel	TT	2	tanker|tankede|tanket		jeg tanker|jeg tankede|jeg har tanket	I refuel|I refueled|I have refueled	v
at overhale	to overtake	TT	3	overhaler|overhalede|overhalet		jeg overhaler|jeg overhalede|jeg har overhalet	I overtake|I overtook|I have overtaken	v
at krydse	to cross	TT	2	krydser|krydsede|krydset		jeg krydser|jeg krydsede|jeg har krydset	I cross|I crossed|I have crossed	v
at fare vild	to get lost	TT	2	farer vild|for vild|faret vild		jeg farer vild|jeg for vild|jeg er faret vild	I get lost|I got lost|I have gotten lost	v
at finde vej	to find one's way	TT	2	finder vej|fandt vej|fundet vej		jeg finder vej|jeg fandt vej|jeg har fundet vej	I find my way|I found my way|I have found my way	v
at spørge om vej	to ask for directions	TT	2	spørger om vej|spurgte om vej|spurgt om vej		jeg spørger om vej|jeg spurgte om vej|jeg har spurgt om vej	I ask for directions|I asked for directions|I have asked for directions	v
at sejle	to sail	TT	2	sejler|sejlede|sejlet		jeg sejler|jeg sejlede|jeg har sejlet	I sail|I sailed|I have sailed	v
at pendle	to commute	TT	3	pendler|pendlede|pendlet		jeg pendler|jeg pendlede|jeg har pendlet	I commute|I commuted|I have commuted	v
at udforske	to explore	TT	3	udforsker|udforskede|udforsket		jeg udforsker|jeg udforskede|jeg har udforsket	I explore|I explored|I have explored	v
at blaffe	to hitchhike	TT	3	blaffer|blaffede|blaffet		jeg blaffer|jeg blaffede|jeg har blaffet	I hitchhike|I hitchhiked|I have hitchhiked	v
til højre	to the right	TT	1					d
til venstre	to the left	TT	1					d
rundt om hjørnet	around the corner	TT	2					d
langt væk	far away	TT	1					d
forsinket	delayed	TT	2					a
aflyst	cancelled	TT	2					a
fuldt booket	fully booked	TT	3					a
udenlands	abroad	TT	3					d
indenlandsk	domestic	TT	3					a
en ankomsthal	an arrivals hall	TT	3					n	ankomsthallen|ankomsthaller	the arrivals hall|arrivals halls
en kørsel	a drive / trip	TT	4					n	kørslen|kørsler	the drive / the trip|drives / trips
en togbillet	a train ticket	TT	2					n	togbilletten|togbilletter	the train ticket|train tickets
en busbillet	a bus ticket	TT	2					n	busbilletten|busbilletter	the bus ticket|bus tickets
et månedskort	a monthly pass	TT	3					n	månedskortet|månedskort	the monthly pass|monthly passes
et ungdomskort	a youth travel pass	TT	4					n	ungdomskortet|ungdomskort	the youth travel pass|youth travel passes
et klippekort	a punch card	TT	3					n	klippekortet|klippekort	the punch card|punch cards
en billetautomat	a ticket machine	TT	3					n	billetautomaten|billetautomater	the ticket machine|ticket machines
en billetkontrollør	a ticket inspector	TT	3					n	billetkontrolløren|billetkontrollører	the ticket inspector|ticket inspectors
en kontrolafgift	a penalty fare	TT	4					n	kontrolafgiften|kontrolafgifter	the penalty fare|penalty fares
en togfører	a train conductor	TT	4					n	togføreren|togførere	the train conductor|train conductors
en lokomotivfører	a train driver	TT	4					n	lokomotivføreren|lokomotivførere	the train driver|train drivers
en endestation	a terminus / last stop	TT	3					n	endestationen|endestationer	the terminus / the last stop|terminuses / last stops
en mellemlanding	a layover	TT	3					n	mellemlandingen|mellemlandinger	the layover|layovers
et flyselskab	an airline	TT	3					n	flyselskabet|flyselskaber	the airline|airlines
et boardingkort	a boarding pass	TT	3					n	boardingkortet|boardingkort	the boarding pass|boarding passes
et bagagebånd	a baggage carousel	TT	4					n	bagagebåndet|bagagebånd	the baggage carousel|baggage carousels
hittegods	lost and found	TT	3		et			n	hittegodset	the lost and found
et rejsebureau	a travel agency	TT	3					n	rejsebureauet|rejsebureauer	the travel agency|travel agencies
et sommerhusområde	a summer house area	TT	3					n	sommerhusområdet|sommerhusområder	the summer house area|summer house areas
en badestrand	a bathing beach	TT	3					n	badestranden|badestrande	the bathing beach|bathing beaches
en livredder	a lifeguard	TT	3					n	livredderen|livreddere	the lifeguard|lifeguards
solcreme	sunscreen	TT	2		en			n	solcremen	the sunscreen
en isbod	an ice cream stand	TS	3					n	isboden|isboder	the ice cream stand|ice cream stands
en båd	a boat	TT	1					n	båden|både	the boat|boats
en banegård	a railway station	TT	3					n	banegården|banegårde	the railway station|railway stations
et centrum	a center (of town)	TS	2					n	centret|centre	the center (of town)|centers (of town)
en hjelm	a helmet	TT	2					n	hjelmen|hjelme	the helmet|helmets
højre	right (side)	TT	1					a
venstre	left (side)	TT	1					a
i nærheden	nearby	TT	2					d
en kro	an inn	TT	2					n	kroen|kroer	the inn|inns
langt fra	far from		1					r
nord	north	TT	2					d
syd	south	TT	2					d
vest	west	TT	2					d
et stoppested	a stop (bus)	TT	2					n	stoppestedet|stoppesteder	the stop (bus)|stops (bus)
en tunnel	a tunnel	TT	2					n	tunnelen|tunneler	the tunnel|tunnels
tæt på	close to		1					r
en vogn	a wagon / cart	TT	2					n	vognen|vogne	the wagon / the cart|wagons / carts
en afkørsel	an exit (highway)	TT	3					n	afkørslen|afkørsler	the exit (highway)|exits (highway)
en tilkørsel	an on-ramp	TT	3					n	tilkørslen|tilkørsler	the on-ramp|on-ramps
en motorcyklist	a motorcyclist	TT	3					n	motorcyklisten|motorcyklister	the motorcyclist|motorcyclists
en cyklist	a cyclist	TT	2					n	cyklisten|cyklister	the cyclist|cyclists
en bilist	a motorist	TT	3					n	bilisten|bilister	the motorist|motorists
en passagerfærge	a passenger ferry	TT	3					n	passagerfærgen|passagerfærger	the passenger ferry|passenger ferries
vejarbejde	roadworks	TT	3		et			n	vejarbejdet	the roadworks
en fartgrænse	a speed limit	TT	3					n	fartgrænsen|fartgrænser	the speed limit|speed limits
et fartkamera	a speed camera	TT	3					n	fartkameraet|fartkameraer	the speed camera|speed cameras
en sele	a seat belt / harness	TT	3					n	selen|seler	the seat belt / the harness|seat belts / harnesses
en airbag	an airbag	TT	3					n	airbaggen|airbags	the airbag|airbags
en bagagebærer	a luggage rack / bike rack	TT	4					n	bagagebæreren|bagagebærere	the luggage rack / the bike rack|luggage racks / bike racks
en forrude	a windshield	TT	4					n	forruden|forruder	the windshield|windshields
en vinduesvisker	a windshield wiper	TT	4					n	vinduesviskeren|vinduesviskere	the windshield wiper|windshield wipers
en kofanger	a bumper	TT	4					n	kofangeren|kofangere	the bumper|bumpers
en nummerplade	a license plate	TT	3					n	nummerpladen|nummerplader	the license plate|license plates
en udstødning	an exhaust	TT	4					n	udstødningen|udstødninger	the exhaust|exhausts
et gear	a gear	TT	3					n	gearet|gear	the gear|gears
en kobling	a clutch	TT	4					n	koblingen|koblinger	the clutch|clutches
en speeder	an accelerator	TT	4					n	speederen|speedere	the accelerator|accelerators
en bremse	a brake	TT	2					n	bremsen|bremser	the brake|brakes
et blinklys	a turn signal	TT	4					n	blinklyset|blinklys	the turn signal|turn signals
en forlygte	a headlight	TT	4					n	forlygten|forlygter	the headlight|headlights
en baglygte	a taillight	TT	4					n	baglygten|baglygter	the taillight|taillights
en reservedel	a spare part	TT	3					n	reservedelen|reservedele	the spare part|spare parts
en køreprøve	a driving test	TT	3					n	køreprøven|køreprøver	the driving test|driving tests
en køreskole	a driving school	TT	3					n	køreskolen|køreskoler	the driving school|driving schools
en kørelærer	a driving instructor	TT	3					n	kørelæreren|kørelærere	the driving instructor|driving instructors
et postkontor	a post office	TS	3					n	postkontoret|postkontorer	the post office|post offices
porto	postage	TS	3		en			n	portoen	the postage
et autoværksted	a car repair shop	TS	4					n	autoværkstedet|autoværksteder	the car repair shop|car repair shops
en bilvask	a car wash	TS	3					n	bilvasken|bilvaske	the car wash|car washes
et parkeringshus	a parking garage	TT	3					n	parkeringshuset|parkeringshuse	the parking garage|parking garages
en parkeringsautomat	a parking meter	TT	3					n	parkeringsautomaten|parkeringsautomater	the parking meter|parking meters
en parkeringsvagt	a parking attendant	TT	4					n	parkeringsvagten|parkeringsvagter	the parking attendant|parking attendants
en P-skive	a parking disc	TT	2					n	P-skiven|P-skiver	the parking disc|parking discs
en cykelparkering	a bike parking	TT	3					n	cykelparkeringen|cykelparkeringer	the bike parking|bike parking areas
en fodgængerzone	a pedestrian zone	TS	4					n	fodgængerzonen|fodgængerzoner	the pedestrian zone|pedestrian zones
et gadekryds	a street corner / junction	TS	4					n	gadekrydset|gadekryds	the street corner / the junction|street corners / junctions
et udsigtspunkt	a viewpoint	TT	3					n	udsigtspunktet|udsigtspunkter	the viewpoint|viewpoints
en havnepromenade	a harbor promenade	TS	4					n	havnepromenaden|havnepromenader	the harbor promenade|harbor promenades
en havnebus	a harbor bus	TT	4					n	havnebussen|havnebusser	the harbor bus|harbor buses
en kanalrundfart	a canal tour	TT	3					n	kanalrundfarten|kanalrundfarter	the canal tour|canal tours
en benzinstation	a gas station	TT	2					n	benzinstationen|benzinstationer	the gas station|gas stations
en bilnøgle	a car key	TT	2					n	bilnøglen|bilnøgler	the car key|car keys
en brandbil	a fire truck	TS	2					n	brandbilen|brandbiler	the fire truck|fire trucks
en dagsrejse	a day trip	TT	3					n	dagsrejsen|dagsrejser	the day trip|day trips
en fiskerby	a fishing village	TS	3					n	fiskerbyen|fiskerbyer	the fishing village|fishing villages
en flyvetid	a flight time	TT	3					n	flyvetiden|flyvetider	the flight time|flight times
en hovedgade	a main street	TS	3					n	hovedgaden|hovedgader	the main street|main streets
en kystby	a coastal town	TS	3					n	kystbyen|kystbyer	the coastal town|coastal towns
en rundvisning	a guided tour	TT	3					n	rundvisningen|rundvisninger	the guided tour|guided tours
en skraldebil	a garbage truck	TS	3					n	skraldebilen|skraldebiler	the garbage truck|garbage trucks
en togrejse	a train journey	TT	2					n	togrejsen|togrejser	the train journey|train journeys
en udenrigsrejse	a trip abroad	TT	3					n	udenrigsrejsen|udenrigsrejser	the trip abroad|trips abroad
et cykelstativ	a bike rack	TT	3					n	cykelstativet|cykelstativer	the bike rack|bike racks
et feriested	a holiday resort	TT	3					n	feriestedet|feriesteder	the holiday resort|holiday resorts
et hotelværelse	a hotel room	TT	2					n	hotelværelset|hotelværelser	the hotel room|hotel rooms
et pasfoto	a passport photo	TT	3					n	pasfotoet|pasfotoer	the passport photo|passport photos
et rejsemål	a destination	TT	2					n	rejsemålet|rejsemål	the destination|destinations
et udflugtsmål	a destination for an outing	TT	3					n	udflugtsmålet|udflugtsmål	the destination for an outing|destinations for an outing
et vejskilt	a road sign	TT	3					n	vejskiltet|vejskilte	the road sign|road signs
blæst	wind	WN	2		en			n	blæsten	the wind
en storm	a storm	WN	2					n	stormen|storme	the storm|storms
et tordenvejr	a thunderstorm	WN	2					n	tordenvejret|tordenvejr	the thunderstorm|thunderstorms
lyn	lightning	WN	2		et			n	lynet	the lightning
torden	thunder	WN	2		en			n
tåge	fog	WN	2		en			n	tågen	the fog
frost	frost	WN	2		en			n	frosten	the frost
varme	heat	WN	2		en			n	varmen	the heat
kulde	cold (noun)	WN	2		en			n	kulden	the cold (noun)
en temperatur	a temperature	WN	2					n	temperaturen|temperaturer	the temperature|temperatures
grader	degrees	WN	2		pl			n	graderne	the degrees
et klima	a climate	WN	2					n	klimaet|klimaer	the climate|climates
en årstid	a season	WN	2					n	årstiden|årstider	the season|seasons
skyet	cloudy	WN	2					a
solrigt	sunny	WN	2					a
regnfuldt	rainy	WN	3					a
fugtigt	humid	WN	3					a
en regnbue	a rainbow	WN	2					n	regnbuen|regnbuer	the rainbow|rainbows
en rod	a root	WN	2					n	roden|rødder	the root|roots
en gren	a branch	WN	2					n	grenen|grene	the branch|branches
en plante	a plant	WN	2					n	planten|planter	the plant|plants
et frø	a seed	WN	3					n	frøet|frø	the seed|seeds
en busk	a bush	WN	2					n	busken|buske	the bush|bushes
en mark	a field	WN	2					n	marken|marker	the field|fields
en eng	a meadow	WN	3					n	engen|enge	the meadow|meadows
en bakke	a hill	WN	2					n	bakken|bakker	the hill|hills
en klippe	a cliff / rock	WN	2					n	klippen|klipper	the cliff / the rock|cliffs / rocks
en flod	a river	WN	2					n	floden|floder	the river|rivers
en å	a stream	WN	2					n	åen|åer	the stream|streams
en bølge	a wave	WN	2					n	bølgen|bølger	the wave|waves
sand	sand	WN	2		et			n	sandet	the sand
et insekt	an insect	AN	2					n	insektet|insekter	the insect|insects
en bi	a bee	AN	2					n	bien|bier	the bee|bees
en sommerfugl	a butterfly	AN	2					n	sommerfuglen|sommerfugle	the butterfly|butterflies
en myre	an ant	AN	2					n	myren|myrer	the ant|ants
en edderkop	a spider	AN	2					n	edderkoppen|edderkopper	the spider|spiders
en flue	a fly	AN	2					n	fluen|fluer	the fly|flies
en myg	a mosquito	AN	2					n	myggen|myg	the mosquito|mosquitoes
en orm	a worm	AN	2					n	ormen|orme	the worm|worms
en slange	a snake	AN	2					n	slangen|slanger	the snake|snakes
en frø	a frog	AN	2					n	frøen|frøer	the frog|frogs
en skildpadde	a turtle	AN	2					n	skildpadden|skildpadder	the turtle|turtles
en ræv	a fox	AN	2					n	ræven|ræve	the fox|foxes
en ulv	a wolf	AN	2					n	ulven|ulve	the wolf|wolves
en bjørn	a bear	AN	2					n	bjørnen|bjørne	the bear|bears
en hjort	a deer	AN	2					n	hjorten|hjorte	the deer|deer
et egern	a squirrel	AN	2					n	egernet|egern	the squirrel|squirrels
en kanin	a rabbit	AN	1					n	kaninen|kaniner	the rabbit|rabbits
en rotte	a rat	AN	2					n	rotten|rotter	the rat|rats
dug	dew	WN	3		en			n	dugen	the dew
hagl	hail	WN	3		et			n	haglet	the hail
et snefnug	a snowflake	WN	2					n	snefnugget|snefnug	the snowflake|snowflakes
en solnedgang	a sunset	WN	2					n	solnedgangen|solnedgange	the sunset|sunsets
en solopgang	a sunrise	WN	2					n	solopgangen|solopgange	the sunrise|sunrises
en skygge	a shadow	WN	2					n	skyggen|skygger	the shadow|shadows
en ørken	a desert	WN	2					n	ørkenen|ørkener	the desert|deserts
en vulkan	a volcano	WN	2					n	vulkanen|vulkaner	the volcano|volcanoes
en gletsjer	a glacier	WN	3					n	gletsjeren|gletsjere	the glacier|glaciers
et jordskælv	an earthquake	WN	2					n	jordskælvet|jordskælv	the earthquake|earthquakes
biodiversitet	biodiversity	WN	3		en			n
en udryddelse	an extinction	WN	4					n	udryddelsen|udryddelser	the extinction|extinctions
en emission	an emission	WN	3					n	emissionen|emissioner	the emission|emissions
en klode	a planet	WN	4					n	kloden|kloder	the planet|planets
forurening	pollution	WN	3		en			n	forureningen	the pollution
genbrug	recycling	WN	3		et			n	genbruget	the recycling
bæredygtighed	sustainability	WN	3		en			n	bæredygtigheden	the sustainability
en ressource	a resource	WN	3					n	ressourcen|ressourcer	the resource|resources
energi	energy	WN	2		en			n	energien	the energy
et landskab	a landscape	WN	3					n	landskabet|landskaber	the landscape|landscapes
en art	a species	WN	3					n	arten|arter	the species|species
et økosystem	an ecosystem	WN	4					n	økosystemet|økosystemer	the ecosystem|ecosystems
klimaforandring	climate change	WN	3		en			n	klimaforandringen	the climate change
en drivhuseffekt	a greenhouse effect	WN	4					n	drivhuseffekten|drivhuseffekter	the greenhouse effect|greenhouse effects
en naturkatastrofe	a natural disaster	WN	3					n	naturkatastrofen|naturkatastrofer	the natural disaster|natural disasters
en oversvømmelse	a flood	WN	3					n	oversvømmelsen|oversvømmelser	the flood|floods
en tørke	a drought	WN	3					n	tørken|tørker	the drought|droughts
en skovbrand	a wildfire	WN	3					n	skovbranden|skovbrande	the wildfire|wildfires
en byge	a shower	WN	2					n	bygen|byger	the shower|showers
isslag	black ice / freezing rain	WN	3		et			n	isslaget	the black ice / the freezing rain
en solskoldning	a sunburn	BH	3					n	solskoldningen|solskoldninger	the sunburn|sunburns
en brise	a breeze	WN	3					n	brisen|briser	the breeze|breezes
en kuling	a gale	WN	3					n	kulingen|kulinger	the gale|gales
fugtighed	humidity	WN	3		en			n	fugtigheden	the humidity
en varmebølge	a heatwave	WN	3					n	varmebølgen|varmebølger	the heatwave|heatwaves
en brand	a fire (blaze)	WN	2					n	branden|brande	the fire (blaze)|fires
en planet	a planet	WN	2					n	planeten|planeter	the planet|planets
et univers	a universe	WN	3					n	universet|universer	the universe|universes
en rede	a nest	AN	3					n	reden|reder	the nest|nests
en hule	a cave	WN	3					n	hulen|huler	the cave|caves
en hale	a tail	AN	2					n	halen|haler	the tail|tails
en tiger	a tiger	AN	2					n	tigeren|tigre	the tiger|tigers
ilt	oxygen	WN	3		en			n	ilten	the oxygen
en jungle	a jungle	WN	2					n	junglen|jungler	the jungle|jungles
et horn	a horn	AN	3					n	hornet|horn	the horn|horns
en klo	a claw	AN	3					n	kloen|kløer	the claw|claws
en abe	a monkey / ape	AN	2					n	aben|aber	the monkey / the ape|monkeys / apes
et kredsløb	a circuit / circulation	WN	4					n	kredsløbet|kredsløb	the circuit / the circulation|circuits / circulations
aske	ash	WN	3		en			n	asken	the ash
en haj	a shark	AN	2					n	hajen|hajer	the shark|sharks
biologisk	biological	WN	3					a
kvæg	cattle	AN	3		et			n	kvæget	the cattle
et miljø	an environment	WN	2					n	miljøet|miljøer	the environment|environments
en tyr	a bull	AN	3					n	tyren|tyre	the bull|bulls
en svans	a tail	AN	3					n	svansen|svanse	the tail|tails
en dråbe	a drop	WN	3					n	dråben|dråber	the drop|drops
en løve	a lion	AN	2					n	løven|løver	the lion|lions
en flamme	a flame	WN	3					n	flammen|flammer	the flame|flames
en hvalp	a puppy	AN	2					n	hvalpen|hvalpe	the puppy|puppies
mudder	mud	WN	3		et			n	mudderet	the mud
et æsel	a donkey	AN	3					n	æslet|æsler	the donkey|donkeys
stråling	radiation	WN	4		en			n	strålingen	the radiation
en skabning	a creature	AN	4					n	skabningen|skabninger	the creature|creatures
et bæst	a beast	AN	4					n	bæstet|bæster	the beast|beasts
et skind	a skin / hide	AN	3					n	skindet|skind	the skin / the hide|skins / hides
kul	coal	WN	3		et			n	kullet	the coal
et rovdyr	a predator	AN	3					n	rovdyret|rovdyr	the predator|predators
dagslys	daylight	WN	3		et			n	dagslyset	the daylight
en galakse	a galaxy	WN	4					n	galaksen|galakser	the galaxy|galaxies
en svamp	a mushroom / fungus	WN	2					n	svampen|svampe	the mushroom / the fungus|mushrooms / fungi
en bugt	a bay	WN	3					n	bugten|bugter	the bay|bays
en bæk	a brook	WN	4					n	bækken|bække	the brook|brooks
en mose	a bog / marsh	WN	3					n	mosen|moser	the bog / the marsh|bogs / marshes
en klit	a sand dune	WN	4					n	klitten|klitter	the sand dune|sand dunes
en regnskov	a rainforest	WN	3					n	regnskoven|regnskove	the rainforest|rainforests
en horisont	a horizon	WN	3					n	horisonten|horisonter	the horizon|horizons
tidevand	tide	WN	4		et			n	tidevandet	the tide
ler	clay	WN	3		et			n	leret	the clay
en rose	a rose	WN	2					n	rosen|roser	the rose|roses
en tulipan	a tulip	WN	2					n	tulipanen|tulipaner	the tulip|tulips
en mælkebøtte	a dandelion	WN	3					n	mælkebøtten|mælkebøtter	the dandelion|dandelions
en solsikke	a sunflower	WN	2					n	solsikken|solsikker	the sunflower|sunflowers
en frugtplantage	an orchard	WN	4					n	frugtplantagen|frugtplantager	the orchard|orchards
en bøg	a beech	WN	3					n	bøgen|bøge	the beech|beeches
en eg	an oak	WN	3					n	egen|ege	the oak|oaks
en birk	a birch	WN	3					n	birken|birke	the birch|birches
en gran	a spruce / fir	WN	3					n	granen|graner	the spruce / the fir|spruces / firs
et fyrretræ	a pine tree	WN	3					n	fyrretræet|fyrretræer	the pine tree|pine trees
en orkan	a hurricane	WN	3					n	orkanen|orkaner	the hurricane|hurricanes
en tornado	a tornado	WN	3					n	tornadoen|tornadoer	the tornado|tornadoes
en vejrudsigt	a weather forecast	WN	2					n	vejrudsigten|vejrudsigter	the weather forecast|weather forecasts
solskin	sunshine	WN	2		et			n	solskinnet	the sunshine
en regnbyge	a rain shower	WN	3					n	regnbygen|regnbyger	the rain shower|rain showers
støvregn	drizzle	WN	3		en			n	støvregnen	the drizzle
slud	sleet	WN	3		en			n	sluden	the sleet
en snemand	a snowman	WN	2					n	snemanden|snemænd	the snowman|snowmen
en istap	an icicle	WN	4					n	istappen|istapper	the icicle|icicles
et lavtryk	a low-pressure system	WN	3					n	lavtrykket|lavtryk	the low-pressure system|low-pressure systems
en fuldmåne	a full moon	WN	3					n	fuldmånen|fuldmåner	the full moon|full moons
en komet	a comet	WN	4					n	kometen|kometer	the comet|comets
solrig	sunny	WN	2					a	solrigere|solrigest	sunnier|sunniest
overskyet	overcast	WN	2					a
regnfuld	rainy	WN	3					a	mere regnfuld|mest regnfuld	more rainy|most rainy
blæsende	windy	WN	2					a
diset	hazy	WN	4					a
frostklar	crisp and frosty	WN	4					a	mere frostklar|mest frostklar	more crisp and frosty|most crisp and frosty
hed	hot	WN	2					a	hedere|hedest	hotter|hottest
lummer	muggy	WN	4					a	mere lummer|mest lummer	more muggy|most muggy
iskold	ice-cold	WN	2					a	iskoldere|iskoldest	more ice-cold|most ice-cold
at regne	to rain	WN	1	regner|regnede|regnet		det regner|det regnede|det har regnet	it rains|it rained|it has rained	v
at sne	to snow	WN	1	sner|sneede|sneet		det sner|det sneede|det har sneet	it snows|it snowed|it has snowed	v
at blæse	to blow	WN	2	blæser|blæste|blæst		det blæser|det blæste|det har blæst	it blows|it blew|it has blown	v
at tø	to thaw	WN	3	tør|tøede|tøet		det tør|det tøede|det har tøet	it thaws|it thawed|it has thawed	v
at lyne	to flash with lightning	WN	3	lyner|lynede|lynet		det lyner|det lynede|det har lynet	it flashes with lightning|it flashed with lightning|it has flashed with lightning	v
at tordne	to thunder	WN	3	tordner|tordnede|tordnet		det tordner|det tordnede|det har tordnet	it thunders|it thundered|it has thundered	v
at hagle	to hail	WN	3	hagler|haglede|haglet		det hagler|det haglede|det har haglet	it hails|it hailed|it has hailed	v
at klare op	to clear up	WN	2	klarer op|klarede op|klaret op		det klarer op|det klarede op|det har klaret op	it clears up|it cleared up|it has cleared up	v
at blomstre	to bloom	WN	2	blomstrer|blomstrede|blomstret		blomsten blomstrer|blomsten blomstrede|blomsten har blomstret	the flower blooms|the flower bloomed|the flower has bloomed	v
at visne	to wither	WN	3	visner|visnede|visnet		blomsten visner|blomsten visnede|blomsten er visnet	the flower withers|the flower withered|the flower has withered	v
et husdyr	a domestic animal / pet	AN	2					n	husdyret|husdyr	the domestic animal / the pet|domestic animals / pets
en killing	a kitten	AN	2					n	killingen|killinger	the kitten|kittens
en hamster	a hamster	AN	2					n	hamsteren|hamstere	the hamster|hamsters
et marsvin	a guinea pig / porpoise	AN	3					n	marsvinet|marsvin	the guinea pig / the porpoise|guinea pigs / porpoises
en guldfisk	a goldfish	AN	2					n	guldfisken|guldfiske	the goldfish|goldfish
en papegøje	a parrot	AN	2					n	papegøjen|papegøjer	the parrot|parrots
en ged	a goat	AN	2					n	geden|geder	the goat|goats
et lam	a lamb	AN	2					n	lammet|lam	the lamb|lambs
en kalv	a calf	AN	2					n	kalven|kalve	the calf|calves
en høne	a hen	AN	2					n	hønen|høns	the hen|hens
en hane	a rooster / tap	AN	2					n	hanen|haner	the rooster / the tap|roosters / taps
en and	a duck	AN	1					n	anden|ænder	the duck|ducks
en gås	a goose	AN	2					n	gåsen|gæs	the goose|geese
en svane	a swan	AN	2					n	svanen|svaner	the swan|swans
en due	a pigeon / dove	AN	2					n	duen|duer	the pigeon / the dove|pigeons / doves
en måge	a seagull	AN	2					n	mågen|måger	the seagull|seagulls
en krage	a crow	AN	3					n	kragen|krager	the crow|crows
en ugle	an owl	AN	2					n	uglen|ugler	the owl|owls
en ørn	an eagle	AN	2					n	ørnen|ørne	the eagle|eagles
en stork	a stork	AN	3					n	storken|storke	the stork|storks
en spurv	a sparrow	AN	3					n	spurven|spurve	the sparrow|sparrows
en solsort	a blackbird	AN	4					n	solsorten|solsorte	the blackbird|blackbirds
et rådyr	a roe deer	AN	3					n	rådyret|rådyr	the roe deer|roe deer
en elg	a moose / elk	AN	3					n	elgen|elge	the moose / the elk|moose / elk
et pindsvin	a hedgehog	AN	3					n	pindsvinet|pindsvin	the hedgehog|hedgehogs
en grævling	a badger	AN	4					n	grævlingen|grævlinge	the badger|badgers
en hare	a hare	AN	2					n	haren|harer	the hare|hares
en flagermus	a bat	AN	3					n	flagermusen|flagermus	the bat|bats
en tudse	a toad	AN	4					n	tudsen|tudser	the toad|toads
et firben	a lizard	AN	3					n	firbenet|firben	the lizard|lizards
en krokodille	a crocodile	AN	2					n	krokodillen|krokodiller	the crocodile|crocodiles
en elefant	an elephant	AN	2					n	elefanten|elefanter	the elephant|elephants
en giraf	a giraffe	AN	2					n	giraffen|giraffer	the giraffe|giraffes
en zebra	a zebra	AN	2					n	zebraen|zebraer	the zebra|zebras
en kamel	a camel	AN	2					n	kamelen|kameler	the camel|camels
en leopard	a leopard	AN	3					n	leoparden|leoparder	the leopard|leopards
en gorilla	a gorilla	AN	2					n	gorillaen|gorillaer	the gorilla|gorillas
en isbjørn	a polar bear	AN	2					n	isbjørnen|isbjørne	the polar bear|polar bears
en pingvin	a penguin	AN	2					n	pingvinen|pingviner	the penguin|penguins
en sæl	a seal	AN	2					n	sælen|sæler	the seal|seals
en hval	a whale	AN	2					n	hvalen|hvaler	the whale|whales
en delfin	a dolphin	AN	2					n	delfinen|delfiner	the dolphin|dolphins
en blæksprutte	an octopus / squid	AN	3					n	blæksprutten|blæksprutter	the octopus / the squid|octopuses / squids
en vandmand	a jellyfish	AN	3					n	vandmanden|vandmænd	the jellyfish|jellyfish
en søstjerne	a starfish	AN	3					n	søstjernen|søstjerner	the starfish|starfish
en hveps	a wasp	AN	3					n	hvepsen|hvepse	the wasp|wasps
en mariehøne	a ladybug	AN	3					n	mariehønen|mariehøns	the ladybug|ladybugs
en snegl	a snail / slug	AN	3					n	sneglen|snegle	the snail / the slug|snails / slugs
en flåt	a tick	AN	4					n	flåten|flåter	the tick|ticks
en bille	a beetle	AN	3					n	billen|biller	the beetle|beetles
en pote	a paw	AN	3					n	poten|poter	the paw|paws
en vinge	a wing	AN	3					n	vingen|vinger	the wing|wings
et næb	a beak	AN	3					n	næbbet|næb	the beak|beaks
en fjer	a feather	AN	2					n
en finne	a fin	AN	4					n	finnen|finner	the fin|fins
et gevir	a set of antlers	AN	4					n	geviret|gevirer	the set of antlers|sets of antlers
en stald	a stable	AN	2					n	stalden|stalde	the stable|stables
et bur	a cage	AN	3					n	buret|bure	the cage|cages
at gø	to bark	AN	2	gør|gøede|gøet		hunden gør|hunden gøede|hunden har gøet	the dog barks|the dog barked|the dog has barked	v
at mjave	to meow	AN	2	mjaver|mjavede|mjavet		katten mjaver|katten mjavede|katten har mjavet	the cat meows|the cat meowed|the cat has meowed	v
at kvidre	to chirp	AN	4	kvidrer|kvidrede|kvidret		fuglen kvidrer|fuglen kvidrede|fuglen har kvidret	the bird chirps|the bird chirped|the bird has chirped	v
at summe	to buzz	AN	3	summer|summede|summet		bien summer|bien summede|bien har summet	the bee buzzes|the bee buzzed|the bee has buzzed	v
at lufte hunden	to walk the dog	AN	2	lufter hunden|luftede hunden|luftet hunden		jeg lufter hunden|jeg luftede hunden|jeg har luftet hunden	I walk the dog|I walked the dog|I have walked the dog	v
en energikilde	an energy source	WN	4					n	energikilden|energikilder	the energy source|energy sources
vedvarende energi	renewable energy	WN	3		en			n
vindenergi	wind power	WN	3		en			n	vindenergien	the wind power
solenergi	solar power	WN	3		en			n	solenergien	the solar power
en vindmølle	a wind turbine / windmill	WN	3					n	vindmøllen|vindmøller	the wind turbine / the windmill|wind turbines / windmills
et solpanel	a solar panel	WN	3					n	solpanelet|solpaneler	the solar panel|solar panels
et kraftværk	a power plant	WN	3					n	kraftværket|kraftværker	the power plant|power plants
atomkraft	nuclear power	WN	3		en			n	atomkraften	the nuclear power
naturgas	natural gas	WN	3		en			n	naturgassen	the natural gas
CO2	CO2 / carbon dioxide	WN	3		en			n
et udslip	an emission / leak	WN	3					n	udslippet|udslip	the emission / the leak|emissions / leaks
global opvarmning	global warming	WN	3		en			n
plastikaffald	plastic waste	WN	3		et			n	plastikaffaldet	the plastic waste
en genbrugsstation	a recycling center	TS	3					n	genbrugsstationen|genbrugsstationer	the recycling center|recycling centers
et atom	an atom	WN	3					n	atomet|atomer	the atom|atoms
et gen	a gene	WN	3					n	genet|gener	the gene|genes
DNA	DNA	WN	3		et			n
solsystemet	the solar system	WN	3		et			n
en astronaut	an astronaut	WN	3					n	astronauten|astronauter	the astronaut|astronauts
en raket	a rocket	WN	3					n	raketten|raketter	the rocket|rockets
tyngdekraft	gravity	WN	3		en			n	tyngdekraften	the gravity
et grundstof	a chemical element	WN	4					n	grundstoffet|grundstoffer	the chemical element|chemical elements
brint	hydrogen	WN	4		en			n	brinten	the hydrogen
kulstof	carbon	WN	4		et			n	kulstoffet	the carbon
kobber	copper	WN	3		et			n	kobberet	the copper
stål	steel	WN	2		et			n	stålet	the steel
aluminium	aluminum	WN	3		et			n	aluminiummet	the aluminum
papir	paper		1		et			n	papiret	the paper
pap	cardboard	WN	2		et			n
gummi	rubber	WN	2		et			n	gummiet	the rubber
beton	concrete	WN	3		en			n	betonen	the concrete
marmor	marble	WN	3		et			n	marmoret	the marble
en måling	a measurement	WN	3					n	målingen|målinger	the measurement|measurements
et verdenshav	an ocean	WN	4					n	verdenshavet|verdenshave	the ocean|oceans
Atlanterhavet	the Atlantic Ocean	WN	3		et			n
Stillehavet	the Pacific Ocean	WN	3		et			n
Østersøen	the Baltic Sea	WN	3		en			n
Nordsøen	the North Sea	WN	3		en			n
en verdensdel	a continent	WN	3					n	verdensdelen|verdensdele	the continent|continents
et kontinent	a continent	WN	3					n	kontinentet|kontinenter	the continent|continents
Afrika	Africa	CL	2		et			n
Asien	Asia	CL	2		et			n
Nordamerika	North America	CL	3		et			n
Sydamerika	South America	CL	2		et			n
Australien	Australia	CL	2		et			n
Antarktis	Antarctica	CL	3		et			n
en vandpyt	a puddle	WN	3					n	vandpytten|vandpytter	the puddle|puddles
en pyt	a puddle	WN	3					n	pytten|pytter	the puddle|puddles
en brønd	a well	WN	3					n	brønden|brønde	the well|wells
et bælt	a strait (e.g. Storebælt)	WN	4					n	bæltet|bælter	the strait (e.g. Storebælt)|straits
en kraft	a force / power	WN	3					n	kraften|kræfter	the force / the power|forces / powers
et kæledyr	a pet	AN	2					n	kæledyret|kæledyr	the pet|pets
lava	lava	WN	3		en			n	lavaen	the lava
mos	moss / mash	WN	3		et			n	mosset	the moss / the mash
natur	nature	WN	2		en			n	naturen	the nature
nordlys	northern lights	WN	3		et			n	nordlyset	the northern lights
en okse	an ox	AN	3					n	oksen|okser	the ox|oxen
rav	amber	WN	3		et			n	ravet	the amber
en solcelle	a solar cell	WN	3					n	solcellen|solceller	the solar cell|solar cells
et svin	a pig / swine	AN	2					n	svinet|svin	the pig / the swine|pigs / swine
en ælling	a duckling	AN	3					n	ællingen|ællinger	the duckling|ducklings
et landbrug	agriculture / a farm	WN	3					n	landbruget|landbrug	the agriculture / the farm|farms
en afgrøde	a crop	WN	4					n	afgrøden|afgrøder	the crop|crops
en høst	a harvest	WN	3					n	høsten|høster	the harvest|harvests
hvede	wheat	WN	3		en			n	hveden	the wheat
rug	rye	WN	3		en			n	rugen	the rye
byg	barley	WN	3		et			n	bygget	the barley
raps	rapeseed	WN	4		en			n	rapsen	the rapeseed
en halmballe	a straw bale	WN	4					n	halmballen|halmballer	the straw bale|straw bales
halm	straw	WN	3		en			n	halmen	the straw
hø	hay	WN	3		et			n	høet	the hay
gødning	fertilizer / manure	WN	3		en			n	gødningen	the fertilizer / the manure
en plov	a plow	WN	4					n	ploven|plove	the plow|plows
en mejetærsker	a combine harvester	WN	4					n	mejetærskeren|mejetærskere	the combine harvester|combine harvesters
en frugthave	an orchard	WN	4					n	frugthaven|frugthaver	the orchard|orchards
en køkkenhave	a vegetable garden	WN	3					n	køkkenhaven|køkkenhaver	the vegetable garden|vegetable gardens
et drivhus	a greenhouse	WN	3					n	drivhuset|drivhuse	the greenhouse|greenhouses
en kolonihave	an allotment garden	FS	3					n	kolonihaven|kolonihaver	the allotment garden|allotment gardens
et blomsterbed	a flower bed	WN	3					n	blomsterbedet|blomsterbede	the flower bed|flower beds
en frøpose	a seed packet	WN	4					n	frøposen|frøposer	the seed packet|seed packets
en stikling	a cutting (plant)	WN	4					n	stiklingen|stiklinger	the cutting (plant)|cuttings (plant)
en potte	a pot (plant)	HH	3					n	potten|potter	the pot (plant)|pots (plant)
en trillebør	a wheelbarrow	WN	3					n	trillebøren|trillebøre	the wheelbarrow|wheelbarrows
en beskæresaks	(a pair of) pruning shears	WN	4					n	beskæresaksen|beskæresakse	the pruning shears|pruning shears
en spade	a spade	WN	3					n	spaden|spader	the spade|spades
ukrudt	weeds	WN	3		et			n	ukrudtet	the weeds
kompost	compost	WN	3		en			n	komposten	the compost
et bistade	a beehive	AN	4					n	bistadet|bistader	the beehive|beehives
en biavler	a beekeeper	AN	4					n	biavleren|biavlere	the beekeeper|beekeepers
en fåreflok	a flock of sheep	AN	4					n	fåreflokken|fåreflokke	the flock of sheep|flocks of sheep
en hønsegård	a chicken yard	AN	4					n	hønsegården|hønsegårde	the chicken yard|chicken yards
en kostald	a cowshed	AN	4					n	kostalden|kostalde	the cowshed|cowsheds
en svinestald	a pigsty	AN	4					n	svinestalden|svinestalde	the pigsty|pigsties
et føl	a foal	AN	3					n	føllet|føl	the foal|foals
en pony	a pony	AN	2					n	ponyen|ponyer	the pony|ponies
en hingst	a stallion	AN	4					n	hingsten|hingste	the stallion|stallions
en hoppe	a mare	AN	4					n	hoppen|hopper	the mare|mares
en sadel	a saddle	AN	3					n	sadlen|sadler	the saddle|saddles
en hov	a hoof	AN	3					n	hoven|hove	the hoof|hooves
en manke	a mane	AN	4					n	manken|manker	the mane|manes
en vædder	a ram	AN	4					n	vædderen|væddere	the ram|rams
en tyrekalv	a bull calf	AN	4					n	tyrekalven|tyrekalve	the bull calf|bull calves
fjerkræ	poultry	FD	3		et			n	fjerkræet	the poultry
vildt	really / wild / game (animals)	AN	2		et			d
en fiskestang	a fishing rod	FS	3					n	fiskestangen|fiskestænger	the fishing rod|fishing rods
en madding	a bait	AN	4					n	maddingen|maddinger	the bait|baits
en ål	an eel	AN	3					n	ålen|ål	the eel|eels
en rødspætte	a plaice	FD	3					n	rødspætten|rødspætter	the plaice|plaice
en makrel	a mackerel	FD	3					n	makrellen|makreller	the mackerel|mackerel
en ørred	a trout	AN	3					n	ørreden|ørreder	the trout|trout
en gedde	a pike	AN	4					n	gedden|gedder	the pike|pikes
en aborre	a perch	AN	4					n	aborren|aborrer	the perch|perches
en østers	an oyster	FD	3					n	østersen|østers	the oyster|oysters
en muslingeskal	a seashell	WN	3					n	muslingeskallen|muslingeskaller	the seashell|seashells
et vandfald	a waterfall	WN	3					n	vandfaldet|vandfald	the waterfall|waterfalls
en dam	a pond	WN	2					n	dammen|damme	the pond|ponds
et vådområde	a wetland	WN	4					n	vådområdet|vådområder	the wetland|wetlands
en hede	a heath / moor	WN	4					n	heden|heder	the heath / the moor|heaths / moors
en skovsti	a forest path	WN	4					n	skovstien|skovstier	the forest path|forest paths
en lysning	a clearing	WN	4					n	lysningen|lysninger	the clearing|clearings
et krat	a thicket	WN	4					n	kratet|krat	the thicket|thickets
en bregne	a fern	WN	4					n	bregnen|bregner	the fern|ferns
et siv	a reed	WN	4					n	sivet|siv	the reed|reeds
en åkande	a water lily	WN	4					n	åkanden|åkander	the water lily|water lilies
en hyld	an elder (tree)	WN	3					n	hylden|hylde	the elder (tree)|elders (tree)
en hyldeblomst	an elderflower	FD	3					n	hyldeblomsten|hyldeblomster	the elderflower|elderflowers
en brændenælde	a stinging nettle	WN	4					n	brændenælden|brændenælder	the stinging nettle|stinging nettles
en tidsel	a thistle	WN	4					n	tidslen|tidsler	the thistle|thistles
en kløver	a clover	WN	3					n	kløveren|kløvere	the clover|clovers
en vissen blomst	a withered flower	WN	4					n
en knop	a bud	WN	4					n	knoppen|knopper	the bud|buds
et kronblad	a petal	WN	4					n	kronbladet|kronblade	the petal|petals
en torn	a thorn	WN	3					n	tornen|torne	the thorn|thorns
en kogle	a pine cone	WN	4					n	koglen|kogler	the pine cone|pine cones
et agern	an acorn	WN	4					n	agernet|agern	the acorn|acorns
en kastanje	a chestnut	WN	3					n	kastanjen|kastanjer	the chestnut|chestnuts
løvfald	autumn leaf fall	WN	4		et			n	løvfaldet	the autumn leaf fall
en årring	a tree ring	WN	4					n	årringen|årringe	the tree ring|tree rings
et naturområde	a nature area	WN	3					n	naturområdet|naturområder	the nature area|nature areas
en nationalpark	a national park	WN	3					n	nationalparken|nationalparker	the national park|national parks
et fredet område	a protected area	WN	4					n
en naturvejleder	a nature guide	WN	4					n	naturvejlederen|naturvejledere	the nature guide|nature guides
en fugletur	a birdwatching trip	AN	4					n	fugleturen|fugleture	the birdwatching trip|birdwatching trips
en shelter	a shelter (open hut)	WN	4					n	shelteren|sheltere	the shelter (open hut)|shelters (open hut)
et fuglekvidder	a birdsong	AN	4					n	fuglekvidderet	the birdsong
en fugleunge	a baby bird	AN	4					n	fugleungen|fugleunger	the baby bird|baby birds
en trækfugl	a migratory bird	AN	4					n	trækfuglen|trækfugle	the migratory bird|migratory birds
en flok fugle	a flock of birds	AN	3					n
en sværm	a swarm	AN	4					n	sværmen|sværme	the swarm|swarms
en hvalros	a walrus	AN	3					n	hvalrossen|hvalrosser	the walrus|walruses
en ren	a reindeer	AN	3					n	renen|rener	the reindeer|reindeer
en bæver	a beaver	AN	3					n	bæveren|bævere	the beaver|beavers
en odder	an otter	AN	4					n	odderen|oddere	the otter|otters
en mår	a marten	AN	4					n	måren|måre	the marten|martens
en muldvarp	a mole (animal)	AN	4					n	muldvarpen|muldvarpe	the mole (animal)|moles (animal)
en spidsmus	a shrew	AN	4					n	spidsmusen|spidsmus	the shrew|shrews
en hugorm	an adder / viper	AN	4					n	hugormen|hugorme	the adder / the viper|adders / vipers
en snog	a grass snake	AN	4					n	snogen|snoge	the grass snake|grass snakes
en salamander	a salamander	AN	4					n	salamanderen|salamandre	the salamander|salamanders
en græshoppe	a grasshopper	AN	3					n	græshoppen|græshopper	the grasshopper|grasshoppers
en guldsmed	a dragonfly	AN	4					n	guldsmeden|guldsmede	the dragonfly|dragonflies
en humlebi	a bumblebee	AN	3					n	humlebien|humlebier	the bumblebee|bumblebees
en larve	a caterpillar / larva	AN	3					n	larven|larver	the caterpillar / the larva|caterpillars / larvae
en kakerlak	a cockroach	AN	3					n	kakerlakken|kakerlakker	the cockroach|cockroaches
en loppe	a flea	AN	3					n	loppen|lopper	the flea|fleas
en lus	a louse	AN	3					n	lusen|lus	the louse|lice
en sølvfisk	a silverfish	AN	4					n	sølvfisken|sølvfisk	the silverfish|silverfish
et spindelvæv	a spiderweb	AN	3					n	spindelvævet	the spiderweb
en myretue	an anthill	AN	4					n	myretuen|myretuer	the anthill|anthills
en fodring	a feeding (time)	AN	4					n	fodringen|fodringer	the feeding (time)|feedings (time)
et hundehalsbånd	a dog collar	AN	4					n	hundehalsbåndet	the dog collar
en hundekurv	a dog bed	AN	4					n	hundekurven|hundekurve	the dog bed|dog beds
en kattebakke	a litter box	AN	4					n	kattebakken|kattebakker	the litter box|litter boxes
et foder	a feed / pet food	AN	3					n	foderet	the feed / the pet food
en kæledyrsforsikring	a pet insurance policy	AN	4					n	kæledyrsforsikringen|kæledyrsforsikringer	the pet insurance policy|pet insurance policies
lyng	heather	WN	3		en			n	lyngen	the heather
bark	bark (tree)	WN	3		en			n	barken	the bark (tree)
en atmosfære	an atmosphere	WN	3					n	atmosfæren|atmosfærer	the atmosphere|atmospheres
en bølgelængde	a wavelength	WN	4					n	bølgelængden|bølgelængder	the wavelength|wavelengths
en dyreart	an animal species	AN	3					n	dyrearten|dyrearter	the animal species|animal species
en planteskole	a nursery (plants)	WN	4					n	planteskolen|planteskoler	the nursery (plants)|nurseries (plants)
en sandstrand	a sandy beach	WN	3					n	sandstranden|sandstrande	the sandy beach|sandy beaches
en hedebølge	a heat wave	WN	3					n	hedebølgen|hedebølger	the heat wave|heat waves
en kuldebølge	a cold spell	WN	3					n	kuldebølgen|kuldebølger	the cold spell|cold spells
en snestorm	a snowstorm	WN	3					n	snestormen|snestorme	the snowstorm|snowstorms
et skybrud	a cloudburst	WN	3					n	skybruddet|skybrud	the cloudburst|cloudbursts
en stormflod	a storm surge	WN	4					n	stormfloden|stormfloder	the storm surge|storm surges
regnvejr	rainy weather	WN	2		et			n	regnvejret	the rainy weather
solskinsvejr	sunny weather	WN	2		et			n	solskinsvejret	the sunny weather
gråvejr	gray / overcast weather	WN	2		et			n	gråvejret	the gray / the overcast weather
en vejrmelding	a weather report	WN	3					n	vejrmeldingen|vejrmeldinger	the weather report|weather reports
en varmerekord	a temperature record	WN	3					n	varmerekorden|varmerekorder	the temperature record|temperature records
et solhverv	a solstice	WN	4					n	solhvervet|solhverv	the solstice|solstices
mørketid	the dark season (winter)	WN	3		en			n	mørketiden	the dark season (winter)
en gadekat	a stray cat	AN	4					n	gadekatten|gadekatte	the stray cat|stray cats
en hundelufter	a dog walker	AN	4					n	hundelufteren|hundeluftere	the dog walker|dog walkers
en hundeejer	a dog owner	AN	3					n	hundeejeren|hundeejere	the dog owner|dog owners
kattemad	cat food	AN	2		en			n	kattemaden	the cat food
hundemad	dog food	AN	2		en			n	hundemaden	the dog food
en fuglekasse	a birdhouse	AN	4					n	fuglekassen|fuglekasser	the birdhouse|birdhouses
et foderbræt	a bird feeder	AN	4					n	foderbrættet|foderbrætter	the bird feeder|bird feeders
en akvariefisk	an aquarium fish	AN	4					n	akvariefisken|akvariefisk	the aquarium fish|aquarium fish
en dyreven	an animal lover	AN	4					n	dyrevennen|dyrevenner	the animal lover|animal lovers
et dyreinternat	an animal shelter	AN	4					n	dyreinternatet|dyreinternater	the animal shelter|animal shelters
dyrevelfærd	animal welfare	AN	3		en			n	dyrevelfærden	the animal welfare
en krop	a body	BH	1					n	kroppen|kroppe	the body|bodies
et hoved	a head	BH	1					n	hovedet|hoveder	the head|heads
hår	hair	BH	1		et			n	håret	the hair
et ansigt	a face	BH	1					n	ansigtet|ansigter	the face|faces
et øje	an eye	BH	1					n	øjet|øjne	the eye|eyes
et øre	an ear	BH	1					n	øret|ører	the ear|ears
en næse	a nose	BH	1					n	næsen|næser	the nose|noses
en mund	a mouth	BH	1					n	munden|munde	the mouth|mouths
en tand	a tooth	BH	1					n	tanden|tænder	the tooth|teeth
en tunge	a tongue	BH	2					n	tungen|tunger	the tongue|tongues
en hals	a throat / neck	BH	1					n	halsen|halse	the throat / the neck|throats / necks
en skulder	a shoulder	BH	2					n	skulderen|skuldre	the shoulder|shoulders
en arm	an arm	BH	1					n	armen|arme	the arm|arms
en albue	an elbow	BH	2					n	albuen|albuer	the elbow|elbows
en hånd	a hand	BH	1					n	hånden|hænder	the hand|hands
en finger	a finger	BH	1					n	fingeren|fingre	the finger|fingers
et bryst	a chest	BH	2					n	brystet|bryster	the chest|chests
en mave	a stomach	BH	1					n	maven|maver	the stomach|stomachs
en ryg	a back	BH	1					n	ryggen|rygge	the back|backs
et ben	a leg / bone	BH	1					n	benet|ben	the leg / the bone|legs / bones
et knæ	a knee	BH	1					n	knæet|knæ	the knee|knees
en fod	a foot	BH	1					n	foden|fødder	the foot|feet
en tå	a toe	BH	2					n	tåen|tæer	the toe|toes
et hjerte	a heart	BH	1					n	hjertet|hjerter	the heart|hearts
en lunge	a lung	BH	2					n	lungen|lunger	the lung|lungs
hud	skin	BH	2		en			n	huden	the skin
en muskel	a muscle	BH	2					n	musklen|muskler	the muscle|muscles
en knogle	a bone	BH	3					n	knoglen|knogler	the bone|bones
blod	blood	BH	1		et			n	blodet	the blood
en hjerne	a brain	BH	2					n	hjernen|hjerner	the brain|brains
en nerve	a nerve	BH	3					n	nerven|nerver	the nerve|nerves
en sygdom	a disease	BH	2					n	sygdommen|sygdomme	the disease|diseases
en smerte	a pain	BH	2					n	smerten|smerter	the pain|pains
en hovedpine	a headache	BH	1					n	hovedpinen|hovedpiner	the headache|headaches
en mavepine	a stomachache	BH	2					n	mavepinen|mavepiner	the stomachache|stomachaches
en feber	a fever	BH	2					n	feberen|febre	the fever|fevers
en forkølelse	a cold (illness)	BH	2					n	forkølelsen|forkølelser	the cold (illness)|colds (illness)
en hoste	a cough	BH	2					n	hosten	the cough
influenza	the flu	BH	2		en			n	influenzaen	the flu
medicin	medicine	BH	1		en			n	medicinen	the medicine
en pille	a pill	BH	2					n	pillen|piller	the pill|pills
en recept	a prescription	BH	2					n	recepten|recepter	the prescription|prescriptions
en tandlæge	a dentist	BH	1					n	tandlægen|tandlæger	the dentist|dentists
en klinik	a clinic	BH	2					n	klinikken|klinikker	the clinic|clinics
en ambulance	an ambulance	BH	2					n	ambulancen|ambulancer	the ambulance|ambulances
en skadestue	an ER	BH	2					n	skadestuen|skadestuer	the ER|ERs
en operation	an operation / surgery	BH	2					n	operationen|operationer	the surgery|surgeries
en undersøgelse	an examination	BH	3					n	undersøgelsen|undersøgelser	the examination|examinations
et symptom	a symptom	BH	3					n	symptomet|symptomer	the symptom|symptoms
en diagnose	a diagnosis	BH	3					n	diagnosen|diagnoser	the diagnosis|diagnoses
en behandling	a treatment	BH	2					n	behandlingen|behandlinger	the treatment|treatments
helbred	health	BH	2		et			n	helbredet	the health
sund	healthy	BH	2					a	sundere|sundest	healthier|healthiest
usund	unhealthy	BH	2					a	usundere|usundest	more unhealthy|most unhealthy
motion	exercise	BH	2		en			n	motionen	the exercise
træning	training / exercise	BH	2		en			n	træningen	the training / the exercise
en diæt	a diet	BH	3					n	diæten|diæter	the diet|diets
søvn	sleep	BH	2		en			n	søvnen	the sleep
træthed	tiredness	BH	3		en			n	trætheden	the tiredness
stress	stress	BH	3		en			n	stressen	the stress
angst	anxiety	FP	3		en			n	angsten	the anxiety
en graviditet	a pregnancy	BH	3					n	graviditeten|graviditeter	the pregnancy|pregnancies
en fødsel	a birth	BH	3					n	fødslen|fødsler	the birth|births
en vaccine	a vaccine	BH	3					n	vaccinen|vacciner	the vaccine|vaccines
et plaster	a band-aid	BH	2					n	plastret|plastre	the band-aid|band-aids
en bandage	a bandage	BH	3					n	bandagen|bandager	the bandage|bandages
en krykke	a crutch	BH	3					n	krykken|krykker	the crutch|crutches
en kørestol	a wheelchair	BH	3					n	kørestolen|kørestole	the wheelchair|wheelchairs
briller	glasses	BH	1		pl			n	brillerne	the glasses
en kontaktlinse	a contact lens	BH	3					n	kontaktlinsen|kontaktlinser	the contact lens|contact lenses
et høreapparat	a hearing aid	BH	3					n	høreapparatet|høreapparater	the hearing aid|hearing aids
et smil	a smile	BH	2					n	smilet|smil	the smile|smiles
en latter	laughter	BH	3					n	latteren	the laugh
et blik	a look	BH	2					n	blikket|blikke	the look|looks
en gestus	a gesture	BH	3					n	gestussen	the gesture
et nik	a nod	BH	3					n	nikket	the nod
et håndtryk	a handshake	BH	3					n	håndtrykket	the handshake
en gaben	a yawn	BH	4					n
et suk	a sigh	BH	3					n	sukket	the sigh
en grimasse	a grimace	BH	4					n	grimassen|grimasser	the grimace|grimaces
en tåre	a tear	BH	2					n	tåren|tårer	the tear|tears
en rødmen	a blush	BH	4					n
en rysten	a shiver	BH	4					n
et gys	a shudder	BH	4					n	gyset	the shudder
en stirren	a stare	BH	4					n
en doktor	a doctor	BH	2					n	doktoren|doktorer	the doctor|doctors
en patient	a patient	BH	2					n	patienten|patienter	the patient|patients
et syn	a sight / vision	BH	2					n	synet|syner	the sight / the vision|sights / visions
et ar	a scar	BH	3					n	arret|ar	the scar|scars
en nakke	a neck (back of)	BH	2					n	nakken|nakker	the neck (back of)|necks (back of)
kræft	cancer	BH	2		en			n	kræften	the cancer
ondt	pain / hurt ("have ondt")	BH	1					a
en kur	a cure / treatment	BH	3					n	kuren|kure	the cure / the treatment|cures / treatments
terapi	therapy	BH	3		en			n	terapien	the therapy
en læbe	a lip	BH	2					n	læben|læber	the lip|lips
en sans	a sense	BH	3					n	sansen|sanser	the sense|senses
et udseende	an appearance / look	BH	3					n	udseendet	the appearance / the look
et koma	a coma	BH	3					n
en puls	a pulse	BH	3					n	pulsen|pulse	the pulse|pulses
bevidstløs	unconscious	BH	3					a
døv	deaf	BH	3					a	døvere|døvest	deafer|deafest
et hjerteanfald	a heart attack	BH	3					n	hjerteanfaldet	the heart attack
kvalme	nausea	BH	3		en			n	kvalmen	the nausea
en tatovering	a tattoo	BH	3					n	tatoveringen|tatoveringer	the tattoo|tattoos
seksuel	sexual	BH	3					a	mere seksuel|mest seksuel	more sexual|most sexual
en psykolog	a psychologist	BH	2					n	psykologen|psykologer	the psychologist|psychologists
en lidelse	a suffering / disorder	BH	3					n	lidelsen|lidelser	the suffering / the disorder|sufferings / disorders
medicinsk	medical	BH	3					a
et organ	an organ	BH	3					n	organet|organer	the organ|organs
et fjæs	a face (colloquial)	BH	4					n	fjæset	the face (colloquial)
svimmel	dizzy	BH	2					a
et ribben	a rib	BH	3					n	ribbenet	the rib
sult	hunger	BH	2		en			n	sulten	the hunger
allergisk	allergic	BH	2					a
en indånding	an inhalation / breath	BH	3					n	indåndingen|indåndinger	the inhalation / the breath|inhalations / breaths
en terapeut	a therapist	BH	3					n	terapeuten|terapeuter	the therapist|therapists
en sprøjte	a syringe / sprayer	BH	3					n	sprøjten|sprøjter	the syringe / the sprayer|syringes / sprayers
en dosis	a dose	BH	3					n	dosen|doser	the dose|doses
pleje	care	BH	3		en			n	plejen	the care
en massage	a massage	BH	3					n	massagen|massager	the massage|massages
en overdosis	an overdose	BH	3					n	overdosen|overdoser	the overdose|overdoses
en frisure	a hairstyle	BH	3					n	frisuren|frisurer	the hairstyle|hairstyles
en abort	an abortion / miscarriage	BH	3					n	aborten|aborter	the abortion / the miscarriage|abortions / miscarriages
karantæne	quarantine	BH	3		en			n	karantænen	the quarantine
et kranie	a skull	BH	3					n
blodtryk	blood pressure	BH	3		et			n	blodtrykket	the blood pressure
psykisk	mental / psychological	BH	3					a
sved	sweat	BH	3		en			n	sveden	the sweat
et overskæg	a mustache	BH	3					n	overskægget	the mustache
en kirurg	a surgeon	BH	3					n	kirurgen|kirurger	the surgeon|surgeons
genetisk	genetic	BH	3					a
et håndled	a wrist	BH	3					n	håndleddet	the wrist
et hjertestop	a cardiac arrest	BH	3					n	hjertestoppet	the cardiac arrest
en alkoholiker	an alcoholic	BH	3					n	alkoholikeren|alkoholikere	the alcoholic|alcoholics
smertefuld	painful	BH	3					a	mere smertefuld|mest smertefuld	more painful|most painful
lammet	paralyzed	BH	3					a
et nødstilfælde	an emergency	BH	3					n	nødstilfældet	the emergency
bedøvet	sedated / numb	BH	3					a
tømmermænd	a hangover	BH	3		pl			n	tømmermændene	the hangover
bleg	pale	BH	3					a	blegere|blegest	paler|palest
et hjerteslag	a heartbeat	BH	3					n	hjerteslaget	the heartbeat
en infektion	an infection	BH	3					n	infektionen|infektioner	the infection|infections
smertestillende	painkillers	BH	3		pl			n
immunitet	immunity	BH	4		en			n
et kondom	a condom	BH	3					n	kondomet|kondomer	the condom|condoms
en nyre	a kidney	BH	3					n	nyren|nyrer	the kidney|kidneys
skaldet	bald	BH	3					a
psykiatrisk	psychiatric	BH	3					a
en hæl	a heel	BH	2					n	hælen|hæle	the heel|heels
et væv	a tissue / weave	BH	4					n	vævet	the tissue / the weave
blond	blond	BH	2					a	blondere|blondest	blonder|blondest
en blødning	a bleeding	BH	3					n	blødningen|blødninger	the bleeding|bleedings
en hjernerystelse	a concussion	BH	3					n	hjernerystelsen|hjernerystelser	the concussion|concussions
afvænning	rehab / detox	BH	4		en			n	afvænningen	the rehab / the detox
bedring	recovery	BH	3		en			n	bedringen	the recovery
en pest	a plague	BH	3					n	pesten	the plague
en narkoman	a drug addict	BH	3					n	narkomanen|narkomaner	the drug addict|drug addicts
forkølet	having a cold	BH	2					a
inficeret	infected	BH	3					a
et slagtilfælde	a stroke	BH	3					n	slagtilfældet	the stroke
et skudsår	a gunshot wound	BH	4					n	skudsåret	the gunshot wound
en depression	a depression	BH	3					n	depressionen|depressioner	the depression|depressions
et ansigtsudtryk	a facial expression	BH	3					n	ansigtsudtrykket	the facial expression
en bagdel	a behind / bottom	BH	3					n	bagdelen|bagdele	the behind / the bottom|behinds / bottoms
en kind	a cheek	BH	2					n	kinden|kinder	the cheek|cheeks
en hage	a chin	BH	3					n	hagen|hager	the chin|chins
en kæbe	a jaw	BH	3					n	kæben|kæber	the jaw|jaws
et øjenbryn	an eyebrow	BH	2					n	øjenbrynet	the eyebrow
en øjenvippe	an eyelash	BH	3					n	øjenvippen|øjenvipper	the eyelash|eyelashes
et øjenlåg	an eyelid	BH	3					n	øjenlåget	the eyelid
en strube	a throat	BH	4					n	struben|struber	the throat|throats
en navle	a navel	BH	3					n	navlen|navler	the navel|navels
en hofte	a hip	BH	3					n	hoften|hofter	the hip|hips
en håndflade	a palm	BH	3					n	håndfladen|håndflader	the palm|palms
en tommelfinger	a thumb	BH	2					n	tommelfingeren|tommelfingre	the thumb|thumbs
en pegefinger	an index finger	BH	3					n	pegefingeren|pegefingre	the index finger|index fingers
en negl	a nail (finger / toe)	BH	2					n	neglen|negle	the nail (finger / toe)|nails (finger / toe)
et lår	a thigh	BH	2					n	låret	the thigh
en læg	a calf (of the leg)	BH	3					n	læggen|lægge	the calf (of the leg)|calves (of the leg)
en ankel	an ankle	BH	3					n	anklen|ankler	the ankle|ankles
et skæg	a beard	BH	2					n	skægget	the beard
en lever	a liver	BH	3					n	leveren|levere	the liver|livers
en mavesæk	a stomach (organ)	BH	4					n	mavesækken|mavesække	the stomach (organ)|stomachs (organ)
en tarm	an intestine	BH	3					n	tarmen|tarme	the intestine|intestines
en blære	a bladder / blister	BH	3					n	blæren|blærer	the bladder / the blister|bladders / blisters
et skelet	a skeleton	BH	3					n	skelettet|skeletter	the skeleton|skeletons
en rygrad	a spine	BH	3					n	rygraden|rygrader	the spine|spines
en sene	a tendon	BH	4					n	senen|sener	the tendon|tendons
en blodåre	a blood vessel / vein	BH	3					n	blodåren|blodårer	the blood vessel / the vein|blood vessels / veins
et led	a joint	BH	3					n	leddet	the joint
en halsbetændelse	a sore throat / strep throat	BH	3					n	halsbetændelsen|halsbetændelser	the sore throat / the strep throat|sore throats / strep throats
tandpine	toothache	BH	2		en			n	tandpinen	the toothache
et sår	a wound	BH	2					n	såret	the wound
en forstuvning	a sprain	BH	4					n	forstuvningen|forstuvninger	the sprain|sprains
et blåt mærke	a bruise	BH	3					n
en bums	a pimple	BH	3					n	bumsen|bumser	the pimple|pimples
et udslæt	a rash	BH	3					n	udslættet|udslæt	the rash|rashes
astma	asthma	BH	3		en			n	astmaen	the asthma
diabetes	diabetes	BH	3		en			n	diabetesen	the diabetes
en betændelse	an inflammation	BH	3					n	betændelsen|betændelser	the inflammation|inflammations
en bakterie	a bacterium	BH	3					n	bakterien|bakterier	the bacterium|bacteria
en indsprøjtning	an injection	BH	3					n	indsprøjtningen|indsprøjtninger	the injection|injections
et apotek	a pharmacy	TS	1					n	apoteket|apoteker	the pharmacy|pharmacies
en praktiserende læge	a general practitioner	BH	3					n
en jordemoder	a midwife	WJ	3					n	jordemoderen|jordemødre	the midwife|midwives
en fysioterapeut	a physiotherapist	WJ	3					n	fysioterapeuten|fysioterapeuter	the physiotherapist|physiotherapists
en blodprøve	a blood test	BH	2					n	blodprøven|blodprøver	the blood test|blood tests
et røntgenbillede	an X-ray image	BH	3					n	røntgenbilledet|røntgenbilleder	the X-ray image|X-ray images
en bivirkning	a side effect	BH	3					n	bivirkningen|bivirkninger	the side effect|side effects
en tid hos lægen	a doctor's appointment	BH	2					n
et sundhedskort	a health insurance card	BH	3					n	sundhedskortet	the health insurance card
øm	sore	BH	2					a	ømmere|ømmest	more sore|most sore
hævet	swollen	BH	3					a
kvalm	nauseous	BH	3					a
forstoppet	constipated	BH	3					a
blødende	bleeding	BH	3					a
smitsom	contagious	BH	3					a	mere smitsom|mest smitsom	more contagious|most contagious
at blive syg	to get sick	BH	1	bliver syg|blev syg|blevet syg		jeg bliver syg|jeg blev syg|jeg er blevet syg	I get sick|I got sick|I have gotten sick	v
at blive rask	to get better	BH	2	bliver rask|blev rask|blevet rask		jeg bliver rask|jeg blev rask|jeg er blevet rask	I get better|I got better|I have gotten better	v
at hoste	to cough	BH	2	hoster|hostede|hostet		jeg hoster|jeg hostede|jeg har hostet	I cough|I coughed|I have coughed	v
at nyse	to sneeze	BH	2	nyser|nøs|nyst		jeg nyser|jeg nøs|jeg har nyst	I sneeze|I sneezed|I have sneezed	v
at kaste op	to throw up	BH	2	kaster op|kastede op|kastet op		jeg kaster op|jeg kastede op|jeg har kastet op	I throw up|I threw up|I have thrown up	v
at gøre ondt	to hurt	BH	1	gør ondt|gjorde ondt|gjort ondt		det gør ondt|det gjorde ondt|det har gjort ondt	it hurts|it hurt|it has hurt	v
at komme sig	to recover	BH	2	kommer sig|kom sig|kommet sig		jeg kommer mig|jeg kom mig|jeg har kommet mig	I recover|I recovered|I have recovered	v
at helbrede	to cure / heal	BH	3	helbreder|helbredte|helbredt		jeg helbreder|jeg helbredte|jeg har helbredt	I cure / heal|I cured / healed|I have cured / healed	v
at trække vejret	to breathe	BH	2	trækker vejret|trak vejret|trukket vejret		jeg trækker vejret|jeg trak vejret|jeg har trukket vejret	I breathe|I breathed|I have breathed	v
at svede	to sweat	BH	2	sveder|svedte|svedt		jeg sveder|jeg svedte|jeg har svedt	I sweat|I sweated|I have sweated	v
at gabe	to yawn	BH	3	gaber|gabede|gabet		jeg gaber|jeg gabede|jeg har gabet	I yawn|I yawned|I have yawned	v
at hvile sig	to rest	BH	2	hviler sig|hvilede sig|hvilet sig		jeg hviler mig|jeg hvilede mig|jeg har hvilet mig	I rest|I rested|I have rested	v
at motionere	to exercise	BH	2	motionerer|motionerede|motioneret		jeg motionerer|jeg motionerede|jeg har motioneret	I exercise|I exercised|I have exercised	v
at løbe en tur	to go for a run	FS	2	løber en tur|løb en tur|løbet en tur		jeg løber en tur|jeg løb en tur|jeg har løbet en tur	I go for a run|I went for a run|I have gone for a run	v
at tage på	to gain weight	BH	2	tager på|tog på|taget på		jeg tager på|jeg tog på|jeg har taget på	I gain weight|I gained weight|I have gained weight	v
at tabe sig	to lose weight	BH	2	taber sig|tabte sig|tabt sig		jeg taber mig|jeg tabte mig|jeg har tabt mig	I lose weight|I lost weight|I have lost weight	v
at blive gammel	to grow old	BH	2	bliver gammel|blev gammel|blevet gammel		jeg bliver gammel|jeg blev gammel|jeg er blevet gammel	I grow old|I grew old|I have grown old	v
at nikke	to nod	BH	3	nikker|nikkede|nikket		jeg nikker|jeg nikkede|jeg har nikket	I nod|I nodded|I have nodded	v
at ryste på hovedet	to shake one's head	BH	3	ryster på hovedet|rystede på hovedet|rystet på hovedet		jeg ryster på hovedet|jeg rystede på hovedet|jeg har rystet på hovedet	I shake my head|I shook my head|I have shaken my head	v
at trække på skuldrene	to shrug	BH	3	trækker på skuldrene|trak på skuldrene|trukket på skuldrene		jeg trækker på skuldrene|jeg trak på skuldrene|jeg har trukket på skuldrene	I shrug|I shrugged|I have shrugged	v
at vinke	to wave	BH	3	vinker|vinkede|vinket		jeg vinker|jeg vinkede|jeg har vinket	I wave|I waved|I have waved	v
at knibe	to pinch / squint	BH	3	kniber|kneb|knebet		jeg kniber|jeg kneb|jeg har knebet	I pinch / squint|I pinched / squinted|I have pinched / squinted	v
en vagtlæge	an on-call doctor	BH	3					n	vagtlægen|vagtlæger	the on-call doctor|on-call doctors
en lægevagt	an after-hours medical service	BH	3					n	lægevagten|lægevagter	the after-hours medical service|after-hours medical services
en afhængighed	an addiction / dependence	BH	3					n	afhængigheden|afhængigheder	the addiction / the dependence|addictions / dependences
en berøring	a touch	BH	3					n	berøringen|berøringer	the touch|touches
en fyldning	a filling	BH	3					n	fyldningen|fyldninger	the filling|fillings
en henvisning	a referral / reference	BH	3					n	henvisningen|henvisninger	the referral / the reference|referrals / references
et hospital	a hospital	TS	1					n	hospitalet|hospitaler	the hospital|hospitals
sundhed	health	BH	2		en			n	sundheden	the health
en krampe	a cramp	BH	3					n	krampen|kramper	the cramp|cramps
en journal	a medical record	BH	3					n	journalen|journaler	the medical record|medical records
en speciallæge	a specialist	BH	3					n	speciallægen|speciallæger	the specialist|specialists
en øjenlæge	an eye doctor	BH	3					n	øjenlægen|øjenlæger	the eye doctor|eye doctors
en hudlæge	a dermatologist	BH	4					n	hudlægen|hudlæger	the dermatologist|dermatologists
en børnelæge	a pediatrician	BH	3					n	børnelægen|børnelæger	the pediatrician|pediatricians
en fødegang	a maternity ward	BH	4					n	fødegangen|fødegange	the maternity ward|maternity wards
en scanning	a scan	BH	3					n	scanningen|scanninger	the scan|scans
en ultralydsscanning	an ultrasound scan	BH	4					n	ultralydsscanningen|ultralydsscanninger	the ultrasound scan|ultrasound scans
narkose	anesthesia	BH	4		en			n	narkosen	the anesthesia
en bedøvelse	an anesthetic	BH	3					n	bedøvelsen|bedøvelser	the anesthetic|anesthetics
et sting	a stitch	BH	3					n	stinget	the stitch
en forbinding	a dressing (wound)	BH	4					n	forbindingen|forbindinger	the dressing (wound)|dressings (wound)
en skinne	a splint / rail	BH	3					n	skinnen|skinner	the splint / the rail|splints / rails
genoptræning	rehabilitation	BH	3		en			n	genoptræningen	the rehabilitation
en indlæggelse	a hospitalization	BH	3					n	indlæggelsen|indlæggelser	the hospitalization|hospitalizations
en udskrivning	a discharge (from hospital)	BH	4					n	udskrivningen|udskrivninger	the discharge (from hospital)|discharges (from hospital)
en kronisk sygdom	a chronic illness	BH	3					n
blodsukker	blood sugar	BH	3		et			n	blodsukkeret	the blood sugar
kolesterol	cholesterol	BH	3		et			n	kolesterolet	the cholesterol
en blodprop	a blood clot	BH	3					n	blodproppen|blodpropper	the blood clot|blood clots
en migræne	a migraine	BH	3					n	migrænen|migræner	the migraine|migraines
svimmelhed	dizziness	BH	3		en			n	svimmelheden	the dizziness
søvnløshed	insomnia	BH	3		en			n	søvnløsheden	the insomnia
diarré	diarrhea	BH	3		en			n	diarréen	the diarrhea
opkast	vomit	BH	3		et			n	opkastet	the vomit
næseblod	nosebleed	BH	3		et			n	næseblodet	the nosebleed
snue	a head cold	BH	3		en			n	snuen	the head cold
en halspastil	a throat lozenge	BH	4					n	halspastillen|halspastiller	the throat lozenge|throat lozenges
en næsespray	a nasal spray	BH	3					n	næsesprayen|næsesprayer	the nasal spray|nasal sprays
en hostesaft	a cough syrup	BH	3					n	hostesaften	the cough syrup
antibiotika	antibiotics	BH	3		pl			n
en salve	an ointment	BH	3					n	salven|salver	the ointment|ointments
en vitamin	a vitamin	BH	2					n	vitaminen|vitaminer	the vitamin|vitamins
et kosttilskud	a dietary supplement	BH	4					n	kosttilskuddet	the dietary supplement
en kalorie	a calorie	BH	2					n	kalorien|kalorier	the calorie|calories
protein	protein	BH	3		et			n	proteinet	the protein
kulhydrat	carbohydrate	BH	3		et			n	kulhydratet	the carbohydrate
fedt	fat	BH	2		et			n	fedtet	the fat
fibre	fiber	BH	4		pl			n	fibrene	the fiber
overvægt	overweight / obesity	BH	3		en			n	overvægten	the overweight / the obesity
en sundhedsplejerske	a health visitor	BH	4					n	sundhedsplejersken|sundhedsplejersker	the health visitor|health visitors
mental sundhed	mental health	BH	3		en			n
trivsel	well-being	BH	3		en			n	trivslen	the well-being
et handicap	a disability	BH	3					n	handicappet	the disability
hørelse	hearing	BH	3		en			n	hørelsen	the hearing
vejrtrækning	breathing	BH	3		en			n	vejrtrækningen	the breathing
tandtråd	dental floss	BH	3		en			n	tandtråden	the dental floss
en tandbøjle	a brace (teeth)	BH	3					n	tandbøjlen|tandbøjler	the brace (teeth)|braces (teeth)
en rynke	a wrinkle	BH	3					n	rynken|rynker	the wrinkle|wrinkles
en fregne	a freckle	BH	3					n	fregnen|fregner	the freckle|freckles
et modermærke	a mole	BH	4					n	modermærket|modermærker	the mole|moles
en vorte	a wart	BH	4					n	vorten|vorter	the wart|warts
en hårfarve	a hair color	BH	2					n	hårfarven|hårfarver	the hair color|hair colors
en hestehale	a ponytail	BH	3					n	hestehalen|hestehaler	the ponytail|ponytails
en fletning	a braid	BH	4					n	fletningen|fletninger	the braid|braids
pandehår	bangs	BH	3		et			n	pandehåret	the bangs
krøllet	curly	BH	3					a
lyshåret	fair-haired	BH	3					a
mørkhåret	dark-haired	BH	3					a
rødhåret	red-haired	BH	3					a
buttet	chubby	BH	3					a
muskuløs	muscular	BH	3					a	mere muskuløs|mest muskuløs	more muscular|most muscular
rynket	wrinkled	BH	4					a
solbrændt	sunburned / tanned	BH	3					a
tatoveret	tattooed	BH	3					a
et ansigtstræk	a facial feature	BH	4					n	ansigtstrækket	the facial feature
en øjenfarve	an eye color	BH	2					n	øjenfarven|øjenfarver	the eye color|eye colors
et grin	a laugh	BH	2					n	grinet	the laugh
et gab	a yawn	BH	4					n	gabet|gab	the yawn|yawns
et nys	a sneeze	BH	3					n	nyset	the sneeze
en håndbevægelse	a hand gesture	BH	3					n	håndbevægelsen|håndbevægelser	the hand gesture|hand gestures
et øjekast	a glance	BH	4					n	øjekastet	the glance
at rødme	to blush	BH	3	rødmer|rødmede|rødmet		jeg rødmer|jeg rødmede|jeg har rødmet	I blush|I blushed|I have blushed	v
at skælve	to tremble	BH	3	skælver|skælvede|skælvet		jeg skælver|jeg skælvede|jeg har skælvet	I tremble|I trembled|I have trembled	v
at hikke	to hiccup	BH	2	hikker|hikkede|hikket		jeg hikker|jeg hikkede|jeg har hikket	I hiccup|I hiccuped|I have hiccuped	v
at bøvse	to burp	BH	2	bøvser|bøvsede|bøvset		jeg bøvser|jeg bøvsede|jeg har bøvset	I burp|I burped|I have burped	v
at klø sig	to scratch oneself	BH	3	klør sig|kløede sig|kløet sig		jeg klør mig|jeg kløede mig|jeg har kløet mig	I scratch myself|I scratched myself|I have scratched myself	v
at strække sig	to stretch	BH	2	strækker sig|strakte sig|strakt sig		jeg strækker mig|jeg strakte mig|jeg har strakt mig	I stretch|I stretched|I have stretched	v
at bukke sig	to bend down	BH	3	bukker sig|bukkede sig|bukket sig		jeg bukker mig|jeg bukkede mig|jeg har bukket mig	I bend down|I bent down|I have bent down	v
at knæle	to kneel	BH	3	knæler|knælede|knælet		jeg knæler|jeg knælede|jeg har knælet	I kneel|I knelt|I have knelt	v
at snøfte	to sniff / sniffle	BH	3	snøfter|snøftede|snøftet		jeg snøfter|jeg snøftede|jeg har snøftet	I sniff / sniffle|I sniffed / sniffled|I have sniffed / sniffled	v
at hulke	to sob	BH	3	hulker|hulkede|hulket		jeg hulker|jeg hulkede|jeg har hulket	I sob|I sobbed|I have sobbed	v
at fnise	to giggle	BH	3	fniser|fnisede|fniset		jeg fniser|jeg fnisede|jeg har fniset	I giggle|I giggled|I have giggled	v
at skraldgrine	to roar with laughter	BH	4	skraldgriner|skraldgrinede|skraldgrinet		jeg skraldgriner|jeg skraldgrinede|jeg har skraldgrinet	I roar with laughter|I roared with laughter|I have roared with laughter	v
at gnave	to gnaw	BH	3	gnaver|gnavede|gnavet		jeg gnaver|jeg gnavede|jeg har gnavet	I gnaw|I gnawed|I have gnawed	v
at slikke	to lick	BH	3	slikker|slikkede|slikket		jeg slikker|jeg slikkede|jeg har slikket	I lick|I licked|I have licked	v
at slanke sig	to diet	BH	3	slanker sig|slankede sig|slanket sig		jeg slanker mig|jeg slankede mig|jeg har slanket mig	I diet|I dieted|I have dieted	v
at få det bedre	to feel better	BH	2	får det bedre|fik det bedre|fået det bedre		jeg får det bedre|jeg fik det bedre|jeg har fået det bedre	I am getting better|I got better|I have gotten better	v
at ligge syg	to be ill in bed	BH	2	ligger syg|lå syg|ligget syg		jeg ligger syg|jeg lå syg|jeg har ligget syg	I am ill in bed|I was ill in bed|I have been ill in bed	v
at vaccinere	to vaccinate	BH	3	vaccinerer|vaccinerede|vaccineret		jeg vaccinerer|jeg vaccinerede|jeg har vaccineret	I vaccinate|I vaccinated|I have vaccinated	v
at blive indlagt	to be hospitalized	BH	3	bliver indlagt|blev indlagt|blevet indlagt		jeg bliver indlagt|jeg blev indlagt|jeg er blevet indlagt	I am hospitalized|I was hospitalized|I have been hospitalized	v
at blive udskrevet	to be discharged	BH	3	bliver udskrevet|blev udskrevet|blevet udskrevet		jeg bliver udskrevet|jeg blev udskrevet|jeg er blevet udskrevet	I am discharged|I was discharged|I have been discharged	v
at bestille tid	to make an appointment	BH	2	bestiller tid|bestilte tid|bestilt tid		jeg bestiller tid|jeg bestilte tid|jeg har bestilt tid	I make an appointment|I made an appointment|I have made an appointment	v
at tage medicin	to take medicine	BH	2	tager medicin|tog medicin|taget medicin		jeg tager medicin|jeg tog medicin|jeg har taget medicin	I take medicine|I took medicine|I have taken medicine	v
at meditere	to meditate	BH	3	mediterer|mediterede|mediteret		jeg mediterer|jeg mediterede|jeg har mediteret	I meditate|I meditated|I have meditated	v
en middagslur	a nap	BH	3					n	middagsluren|middagslure	the nap|naps
en lur	a nap	BH	3					n	luren|lure	the nap|naps
et venteværelse	a waiting room	BH	2					n	venteværelset|venteværelser	the waiting room|waiting rooms
en epidemi	an epidemic	BH	3					n	epidemien|epidemier	the epidemic|epidemics
en pandemi	a pandemic	BH	3					n	pandemien|pandemier	the pandemic|pandemics
en nattesøvn	a night's sleep	BH	3					n	nattesøvnen	the night's sleep
en tandlægetid	a dentist appointment	BH	3					n	tandlægetiden|tandlægetider	the dentist appointment|dentist appointments
en madallergi	a food allergy	BH	3					n	madallergien|madallergier	the food allergy|food allergies
en nøddeallergi	a nut allergy	BH	3					n	nøddeallergien|nøddeallergier	the nut allergy|nut allergies
en pollenallergi	a pollen allergy	BH	3					n	pollenallergien|pollenallergier	the pollen allergy|pollen allergies
høfeber	hay fever	BH	3		en			n	høfeberen	the hay fever
et solstik	a sunstroke	BH	3					n	solstikket	the sunstroke
et smagsløg	a taste bud	BH	4					n	smagsløget	the taste bud
en opgave	a task	WJ	2					n	opgaven|opgaver	the task|tasks
et projekt	a project	WJ	2					n	projektet|projekter	the project|projects
en deadline	a deadline	WJ	2					n	deadlinen|deadlines	the deadline|deadlines
en rapport	a report	WJ	2					n	rapporten|rapporter	the report|reports
en præsentation	a presentation	WJ	2					n	præsentationen|præsentationer	the presentation|presentations
en kontrakt	a contract	WJ	3					n	kontrakten|kontrakter	the contract|contracts
en løn	a salary	MB	2					n	lønnen|lønninger	the salary|salaries
en lønseddel	a paystub	MB	3					n	lønsedlen|lønsedler	the paystub|paystubs
en sygemelding	a sick note / sick leave	WJ	3					n	sygemeldingen|sygemeldinger	the sick note / the sick leave|sick notes / sick leaves
en opsigelse	a resignation / notice of termination	WJ	3					n	opsigelsen|opsigelser	the resignation|resignations
en ansættelsessamtale	a job interview	WJ	3					n	ansættelsessamtalen|ansættelsessamtaler	the job interview|job interviews
et cv	a CV	WJ	2					n
en ansøgning	an application	WJ	2					n	ansøgningen|ansøgninger	the application|applications
en karriere	a career	WJ	2					n	karrieren|karrierer	the career|careers
en erfaring	experience (gained)	WJ	2					n	erfaringen|erfaringer	the experience|experiences
en kvalifikation	a qualification	WJ	3					n	kvalifikationen|kvalifikationer	the qualification|qualifications
en uddannelse	an education	SL	2					n	uddannelsen|uddannelser	the education|educations
et gymnasium	a high school	SL	2					n
en folkeskole	a primary school	SL	2					n	folkeskolen|folkeskoler	the primary school|primary schools
en børnehave	a kindergarten	SL	2					n	børnehaven|børnehaver	the kindergarten|kindergartens
en klasse	a class / classroom	SL	1					n	klassen|klasser	the class / the classroom|classes / classrooms
en klassekammerat	a classmate	SL	2					n	klassekammeraten|klassekammerater	the classmate|classmates
en karakter	a grade	SL	2					n	karakteren|karakterer	the grade|grades
en eksamen	an exam	SL	2					n	eksamenen|eksaminer	the exam|exams
en prøve	a test / quiz	SL	2					n	prøven|prøver	the test / the quiz|tests / quizzes
lektier	homework	SL	1		pl			n	lektierne	the homework
et skema	a schedule	SL	2					n	skemaet|skemaer	the schedule|schedules
et fag	a subject	SL	2					n	faget	the subject
matematik	math	SL	2		en			n	matematikken	the math
dansk	Danish (subject)	CL	1					a
engelsk	English (subject)	CL	1					a
geografi	geography	SL	2		en			n	geografien	the geography
fysik	physics	SL	2		en			n	fysikken	the physics
kemi	chemistry	SL	2		en			n	kemien	the chemistry
biologi	biology	SL	2		en			n	biologien	the biology
idræt	PE / sports	SL	2		en			n	idrætten	the PE / the sports
musik	music	FS	1		en			n	musikken	the music
kunst	art	CH	2		en			n	kunsten	the art
en pause	a break	WJ	1					n	pausen|pauser	the break|breaks
et frikvarter	a recess / break	SL	2					n	frikvarteret|frikvarterer	the recess / the break|recesses / breaks
en skoletaske	a school bag	SL	2					n	skoletasken|skoletasker	the school bag|school bags
en blyant	a pencil	SL	2					n	blyanten|blyanter	the pencil|pencils
en pen	a pen	SL	1					n	pennen|penne	the pen|pens
et viskelæder	an eraser	SL	2					n	viskelæderet|viskelædere	the eraser|erasers
en lineal	a ruler	SL	2					n	linealen|linealer	the ruler|rulers
en tavle	a blackboard	SL	2					n	tavlen|tavler	the blackboard|blackboards
et whiteboard	a whiteboard	SL	2					n	whiteboardet|whiteboards	the whiteboard|whiteboards
et studiekort	a student card	SL	3					n	studiekortet	the student card
et stipendium	a scholarship	SL	3					n
et studielån	a student loan	SL	3					n	studielånet|studielån	the student loan|student loans
en afgangseksamen	a final exam	SL	4					n	afgangseksamenen|afgangseksaminer	the final exam|final exams
et diplom	a diploma	SL	3					n	diplomet|diplomer	the diploma|diplomas
en grad	a degree	SL	2					n	graden|grader	the degree|degrees
en lektion	a lesson	SL	2					n	lektionen|lektioner	the lesson|lessons
en vikar	a substitute teacher	SL	2					n	vikaren|vikarer	the substitute teacher|substitute teachers
en rektor	a principal	SL	3					n	rektoren|rektorer	the principal|principals
en opsparing	savings	MB	3					n	opsparingen|opsparinger	the savings|savings
en investering	an investment	MB	3					n	investeringen|investeringer	the investment|investments
en aktie	a stock/share	MB	3					n	aktien|aktier	the stock/share|stock/shares
et budget	a budget	MB	2					n	budgettet|budgetter	the budget|budgets
en udgift	an expense	MB	3					n	udgiften|udgifter	the expense|expenses
en indtægt	an income	MB	3					n	indtægten|indtægter	the income|incomes
en faktura	an invoice	MB	3					n	fakturaen|fakturaer	the invoice|invoices
en gæld	a debt	MB	3					n	gælden	the debt
en rente	an interest rate	MB	3					n	renten|renter	the interest rate|interest rates
en pension	a pension	MB	3					n	pensionen|pensioner	the pension|pensions
en bonus	a bonus	MB	3					n	bonussen|bonusser	the bonus|bonuses
en overførsel	a transfer	MB	3					n	overførslen|overførsler	the transfer|transfers
et kontantbeløb	a cash amount	MB	4					n	kontantbeløbet	the cash amount
en valuta	a currency	MB	3					n	valutaen|valutaer	the currency|currencies
en vekselkurs	an exchange rate	MB	3					n	vekselkursen|vekselkurser	the exchange rate|exchange rates
en bank	a bank	MB	1					n	banken|banker	the bank|banks
et kreditkort	a credit card	MB	2					n	kreditkortet	the credit card
en transaktion	a transaction	MB	3					n	transaktionen|transaktioner	the transaction|transactions
en underskrift	a signature	WJ	2					n	underskriften|underskrifter	the signature|signatures
et dokument	a document	WJ	2					n	dokumentet|dokumenter	the document|documents
undervisning	teaching / instruction	SL	3		en			n	undervisningen	the teaching / the instruction
et pensum	a syllabus / required reading	SL	3					n	pensummet|pensa	the curriculum|curriculums
en lærebog	a textbook	SL	3					n	lærebogen|lærebøger	the textbook|textbooks
en aflevering	a submission	SL	2					n	afleveringen|afleveringer	the submission|submissions
en frist	a deadline	WJ	3					n	fristen|frister	the deadline|deadlines
en forelæsning	a lecture	SL	3					n	forelæsningen|forelæsninger	the lecture|lectures
et kursus	a course	SL	2					n	kursuset|kurser	the course|courses
et studium	a study program	SL	3					n
et klasseværelse	a classroom	SL	3					n	klasseværelset|klasseværelser	the classroom|classrooms
en studiegruppe	a study group	SL	3					n	studiegruppen|studiegrupper	the study group|study groups
en eksaminator	an examiner	SL	4					n	eksaminatoren|eksaminatorer	the examiner|examiners
en vejleder	a supervisor	SL	3					n	vejlederen|vejledere	the supervisor|supervisors
en note	a note	SL	2					n	noten|noter	the note|notes
en færdighed	a skill	SL	3					n	færdigheden|færdigheder	the skill|skills
en evne	an ability	WJ	2					n	evnen|evner	the ability|abilities
en fremgangsmåde	a procedure	WJ	4					n	fremgangsmåden|fremgangsmåder	the procedure|procedures
en indlæring	a learning process	SL	4					n	indlæringen|indlæringer	the learning process|learning processes
en hukommelse	a memory		2					n	hukommelsen|hukommelser	the memory|memories
en koncentration	a concentration		3					n	koncentrationen|koncentrationer	the concentration|concentrations
en agent	an agent	SP	3					n	agenten|agenter	the agent|agents
en kaptajn	a captain	SP	3					n	kaptajnen|kaptajner	the captain|captains
en betjent	a police officer	SP	2					n	betjenten|betjente	the police officer|police officers
en oberst	a colonel	SP	4					n	obersten|oberster	the colonel|colonels
en general	a general	SP	3					n	generalen|generaler	the general|generals
en ordre	an order (command)	SP	3					n	ordren|ordrer	the order (command)|orders (command)
en vagt	a guard / shift	WJ	2					n	vagten|vagter	the guard / the shift|guards / shifts
en løjtnant	a lieutenant	SP	4					n	løjtnanten|løjtnanter	the lieutenant|lieutenants
en sergent	a sergeant	SP	4					n	sergenten|sergenter	the sergeant|sergeants
en major	a major	SP	4					n	majoren|majorer	the major|majors
en sherif	a sheriff	SP	4					n	sheriffen|sheriffer	the sheriff|sheriffs
et team	a team	WJ	2					n	teamet|teams	the team|teams
en afdeling	a department	WJ	2					n	afdelingen|afdelinger	the department|departments
en ansat	an employee	WJ	2					n
en assistent	an assistant	WJ	2					n	assistenten|assistenter	the assistant|assistants
en stilling	a position / job	WJ	2					n	stillingen|stillinger	the position / the job|positions / jobs
en officer	an officer	SP	3					n	officeren|officerer	the officer|officers
en inspektør	an inspector	SP	3					n	inspektøren|inspektører	the inspector|inspectors
et skift	a shift / change	WJ	2					n	skiftet|skift	the shift / the change|shifts / changes
forskning	research	SL	3		en			n	forskningen	the research
et emne	a subject / topic	SL	2					n	emnet|emner	the subject / the topic|subjects / topics
en kommandør	a commander	SP	4					n	kommandøren|kommandører	the commander|commanders
en strisser	a cop (slang)	SP	4					n	strisseren|strissere	the cop (slang)|cops (slang)
en formand	a chairman	WJ	3					n	formanden|formænd	the chairman|chairmen
en korporal	a corporal	SP	4					n	korporalen|korporaler	the corporal|corporals
en rådgiver	an adviser	WJ	3					n	rådgiveren|rådgivere	the adviser|advisers
personale	staff	WJ	3		et			n	personalet	the staff
en admiral	an admiral	SP	4					n	admiralen|admiraler	the admiral|admirals
en manager	a manager	WJ	3					n	manageren|managere	the manager|managers
en kommando	a command	SP	3					n	kommandoen|kommandoer	the command|commands
et hovedkvarter	a headquarters	SP	3					n	hovedkvarteret|hovedkvarterer	the headquarters|headquarters
uddannet	educated / qualified	WJ	3					a
et bogstav	a letter (of the alphabet)	SL	2					n	bogstavet|bogstaver	the letter (of the alphabet)|letters (of the alphabet)
en kuglepen	a ballpoint pen	SL	2					n	kuglepennen|kuglepenne	the ballpoint pen|ballpoint pens
en formel	a formula	SL	3					n	formlen|formler	the formula|formulas
et bureau	an agency / office	WJ	3					n	bureauet|bureauer	the agency / the office|agencies / offices
en rang	a rank	WJ	3					n	rangen|ranger	the rank|ranks
latin	Latin	SL	3		en			n
en bartender	a bartender	WJ	3					n	bartenderen|bartendere	the bartender|bartenders
et speciale	a specialty / master's thesis	SL	3					n	specialet|specialer	the specialty / the master's thesis|specialties / master's theses
jura	law (the study)	SL	3		en			n
en overbetjent	a police sergeant	SP	4					n	overbetjenten|overbetjente	the police sergeant|police sergeants
en fotograf	a photographer	WJ	2					n	fotografen|fotografer	the photographer|photographers
en forfremmelse	a promotion	WJ	3					n	forfremmelsen|forfremmelser	the promotion|promotions
arbejdsløs	unemployed	WJ	2					a
en servitrice	a waitress	WJ	3					n	servitricen|servitricer	the waitress|waitresses
en slagter	a butcher	WJ	2					n	slagteren|slagtere	the butcher|butchers
et mandskab	a crew	WJ	4					n	mandskabet|mandskaber	the crew|crews
en afløser	a substitute / replacement	WJ	3					n	afløseren|afløsere	the substitute / the replacement|substitutes / replacements
en instruks	an instruction	WJ	3					n	instruksen|instrukser	the instruction|instructions
et kompagni	a company (military / business)	SP	4					n	kompagniet|kompagnier	the company (military / business)|companies (military / business)
pensioneret	retired	WJ	2					a
kvalificeret	qualified	WJ	3					a
kemisk	chemical		3					a
en fridag	a day off	WJ	2					n	fridagen|fridage	the day off|days off
filosofi	philosophy	SL	3		en			n	filosofien	the philosophy
et studie	a study	SL	3					n	studiet|studier	the study|studies
en mentor	a mentor	SL	3					n	mentoren|mentorer	the mentor|mentors
en mekaniker	a mechanic	WJ	3					n	mekanikeren|mekanikere	the mechanic|mechanics
videnskabelig	scientific		3					a
at sygemelde sig	to call in sick	WJ	2	sygemelder sig|sygemeldte sig|sygemeldt sig		jeg sygemelder mig|jeg sygemeldte mig|jeg har sygemeldt mig	I call in sick|I called in sick|I have called in sick	v
en arbejdsplads	a workplace	WJ	2					n	arbejdspladsen|arbejdspladser	the workplace|workplaces
en stillingsannonce	a job ad	WJ	3					n	stillingsannoncen|stillingsannoncer	the job ad|job ads
en jobsamtale	a job interview	WJ	2					n	jobsamtalen|jobsamtaler	the job interview|job interviews
en prøvetid	a probation period	WJ	3					n	prøvetiden|prøvetider	the probation period|probation periods
en fyring	a dismissal	WJ	3					n	fyringen|fyringer	the dismissal|dismissals
arbejdsløshed	unemployment	WJ	3		en			n	arbejdsløsheden	the unemployment
en lønforhøjelse	a raise	MB	3					n	lønforhøjelsen|lønforhøjelser	the raise|raises
barsel	maternity / parental leave	WJ	3		en			n
overarbejde	overtime	WJ	3		et			n	overarbejdet	the overtime
arbejdstid	working hours	WJ	3		en			n	arbejdstiden	the working hours
på deltid	part-time	WJ	2					d
på fuldtid	full-time	WJ	2					d
en fagforening	a trade union	WJ	3					n	fagforeningen|fagforeninger	the trade union|trade unions
en leverandør	a supplier	WJ	3					n	leverandøren|leverandører	the supplier|suppliers
en praktikant	an intern	WJ	3					n	praktikanten|praktikanter	the intern|interns
en lærling	an apprentice	WJ	3					n	lærlingen|lærlinge	the apprentice|apprentices
en afdelingsleder	a department manager	WJ	3					n	afdelingslederen|afdelingsledere	the department manager|department managers
en frokostpause	a lunch break	WJ	3					n	frokostpausen|frokostpauser	the lunch break|lunch breaks
en kaffepause	a coffee break	WJ	2					n	kaffepausen|kaffepauser	the coffee break|coffee breaks
en printer	a printer	WJ	2					n	printeren|printere	the printer|printers
en kopimaskine	a copier	WJ	2					n	kopimaskinen|kopimaskiner	the copier|copiers
en hæftemaskine	a stapler	WJ	3					n	hæftemaskinen|hæftemaskiner	the stapler|staplers
en papirclips	a paper clip	WJ	3					n	papirclipsen|papirclips	the paper clip|paper clips
et visitkort	a business card	WJ	3					n	visitkortet|visitkort	the business card|business cards
en vuggestue	a nursery (daycare)	SL	3					n	vuggestuen|vuggestuer	the nursery (daycare)|nurseries (daycare)
en SFO	an after-school club	SL	3					n
en efterskole	a boarding school (for 14–18-year-olds)	SL	3					n	efterskolen|efterskoler	the boarding school (for 14–18-year-olds)|boarding schools (for 14–18-year-olds)
en højskole	a folk high school	SL	3					n	højskolen|højskoler	the folk high school|folk high schools
en erhvervsuddannelse	a vocational education	SL	3					n	erhvervsuddannelsen|erhvervsuddannelser	the vocational education|vocational educations
en underviser	an instructor	SL	2					n	underviseren|undervisere	the instructor|instructors
et eksamensbevis	a diploma	SL	3					n	eksamensbeviset|eksamensbeviser	the diploma|diplomas
en studentereksamen	a high school diploma	SL	3					n	studentereksamenen|studentereksaminer	the high school diploma|high school diplomas
en bachelor	a bachelor's degree	SL	3					n	bacheloren|bachelorer	the bachelor's degree|bachelor's degrees
en ph.d.	a PhD	SL	3					n	ph.d.'en|ph.d.'er	the PhD|PhDs
et semester	a semester	SL	2					n	semestret|semestre	the semester|semesters
et fagområde	a field of study	SL	3					n	fagområdet|fagområder	the field of study|fields of study
billedkunst	art (school subject)	SL	3		en			n	billedkunsten	the art (school subject)
samfundsfag	social studies	SL	3		et			n	samfundsfaget	the social studies
et penalhus	a pencil case	SL	2					n	penalhuset|penalhuse	the pencil case|pencil cases
en lommeregner	a calculator	SL	2					n	lommeregneren|lommeregnere	the calculator|calculators
et hæfte	a notebook	SL	2					n	hæftet|hæfter	the notebook|notebooks
at søge job	to apply for a job	WJ	2	søger job|søgte job|søgt job		jeg søger job|jeg søgte job|jeg har søgt job	I apply for a job|I applied for a job|I have applied for a job	v
at sige op	to resign / quit	WJ	2	siger op|sagde op|sagt op		jeg siger op|jeg sagde op|jeg har sagt op	I resign / quit|I resigned / quit|I have resigned / quit	v
at gå på pension	to retire	WJ	3	går på pension|gik på pension|gået på pension		jeg går på pension|jeg gik på pension|jeg er gået på pension	I retire|I retired|I have retired	v
at tjene penge	to earn money	WJ	2	tjener penge|tjente penge|tjent penge		jeg tjener penge|jeg tjente penge|jeg har tjent penge	I earn money|I earned money|I have earned money	v
at holde møde	to have a meeting	WJ	2	holder møde|holdt møde|holdt møde		jeg holder møde|jeg holdt møde|jeg har holdt møde	I have a meeting|I had a meeting|I have had a meeting	v
at holde fri	to take time off	WJ	2	holder fri|holdt fri|holdt fri		jeg holder fri|jeg holdt fri|jeg har holdt fri	I take time off|I took time off|I have taken time off	v
at have fri	to be off work	WJ	2	har fri|havde fri|haft fri		jeg har fri|jeg havde fri|jeg har haft fri	I am off work|I was off work|I have been off work	v
at arbejde hjemmefra	to work from home	WJ	2	arbejder hjemmefra|arbejdede hjemmefra|arbejdet hjemmefra		jeg arbejder hjemmefra|jeg arbejdede hjemmefra|jeg har arbejdet hjemmefra	I work from home|I worked from home|I have worked from home	v
at printe	to print	WJ	2	printer|printede|printet		jeg printer|jeg printede|jeg har printet	I print|I printed|I have printed	v
at kopiere	to copy	WJ	2	kopierer|kopierede|kopieret		jeg kopierer|jeg kopierede|jeg har kopieret	I copy|I copied|I have copied	v
at underskrive	to sign	WJ	2	underskriver|underskrev|underskrevet		jeg underskriver|jeg underskrev|jeg har underskrevet	I sign|I signed|I have signed	v
at delegere	to delegate	WJ	3	delegerer|delegerede|delegeret		jeg delegerer|jeg delegerede|jeg har delegeret	I delegate|I delegated|I have delegated	v
at gange	to multiply	NC	2	ganger|gangede|ganget		jeg ganger|jeg gangede|jeg har ganget	I multiply|I multiplied|I have multiplied	v
at dividere	to divide	NC	2	dividerer|dividerede|divideret		jeg dividerer|jeg dividerede|jeg har divideret	I divide|I divided|I have divided	v
at lægge sammen	to add up	NC	2	lægger sammen|lagde sammen|lagt sammen		jeg lægger sammen|jeg lagde sammen|jeg har lagt sammen	I add up|I added up|I have added up	v
at trække fra	to subtract	NC	2	trækker fra|trak fra|trukket fra		jeg trækker fra|jeg trak fra|jeg har trukket fra	I subtract|I subtracted|I have subtracted	v
at øve sig	to practice	SL	2	øver sig|øvede sig|øvet sig		jeg øver mig|jeg øvede mig|jeg har øvet mig	I practice|I practiced|I have practiced	v
at repetere	to review / revise	SL	3	repeterer|repeterede|repeteret		jeg repeterer|jeg repeterede|jeg har repeteret	I review / revise|I reviewed / revised|I have reviewed / revised	v
at læse op	to read aloud	SL	2	læser op|læste op|læst op		jeg læser op|jeg læste op|jeg har læst op	I read aloud|I read aloud|I have read aloud	v
at slå op	to look up	SL	2	slår op|slog op|slået op		jeg slår op|jeg slog op|jeg har slået op	I look up|I looked up|I have looked up	v
at dumpe	to fail (an exam)	SL	2	dumper|dumpede|dumpet		jeg dumper|jeg dumpede|jeg har dumpet	I fail (an exam)|I failed (an exam)|I have failed (an exam)	v
at tage en uddannelse	to get an education	SL	3	tager en uddannelse|tog en uddannelse|taget en uddannelse		jeg tager en uddannelse|jeg tog en uddannelse|jeg har taget en uddannelse	I get an education|I got an education|I have gotten an education	v
at blive færdig	to finish / graduate		2	bliver færdig|blev færdig|blevet færdig		jeg bliver færdig|jeg blev færdig|jeg er blevet færdig	I finish / graduate|I finished / graduated|I have finished / graduated	v
at række hånden op	to raise one's hand	SL	2	rækker hånden op|rakte hånden op|rakt hånden op		jeg rækker hånden op|jeg rakte hånden op|jeg har rakt hånden op	I raise my hand|I raised my hand|I have raised my hand	v
at pjække	to skip school / play hooky	SL	3	pjækker|pjækkede|pjækket		jeg pjækker|jeg pjækkede|jeg har pjækket	I skip school / play hooky|I skipped school / played hooky|I have skipped school / played hooky	v
erfaren	experienced	WJ	3					a
kompetent	competent	WJ	3					a
produktiv	productive	WJ	3					a	mere produktiv|mest produktiv	more productive|most productive
selvstændig	self-employed / independent	WJ	3					a	selvstændigere|selvstændigst	more self-employed / more independent|most self-employed / most independent
faglig	professional / academic	WJ	3					a	fagligere|fagligst	more professional / more academic|most professional / most academic
akademisk	academic	WJ	3					a
et erhverv	a profession	WJ	3					n	erhvervet|erhverv	the profession|professions
en arkitekt	an architect	WJ	2					n	arkitekten|arkitekter	the architect|architects
en økonom	an economist	MB	3					n	økonomen|økonomer	the economist|economists
en bankrådgiver	a bank adviser	MB	3					n	bankrådgiveren|bankrådgivere	the bank adviser|bank advisers
en kassedame	a cashier	WJ	2					n	kassedamen|kassedamer	the cashier|cashiers
en frisør	a hairdresser	WJ	2					n	frisøren|frisører	the hairdresser|hairdressers
en bager	a baker	WJ	2					n	bageren|bagere	the baker|bakers
en landmand	a farmer	WJ	2					n	landmanden|landmænd	the farmer|farmers
en tømrer	a carpenter	WJ	2					n	tømreren|tømrere	the carpenter|carpenters
en murer	a bricklayer	WJ	3					n	mureren|murere	the bricklayer|bricklayers
en elektriker	an electrician	WJ	2					n	elektrikeren|elektrikere	the electrician|electricians
en blikkenslager	a plumber	WJ	3					n	blikkenslageren|blikkenslagere	the plumber|plumbers
en maler	a painter	WJ	2					n	maleren|malere	the painter|painters
en gartner	a gardener	WJ	2					n	gartneren|gartnere	the gardener|gardeners
en lastbilchauffør	a truck driver	WJ	2					n	lastbilchaufføren|lastbilchauffører	the truck driver|truck drivers
et postbud	a mail carrier	WJ	3					n	postbuddet|postbude	the mail carrier|mail carriers
en politimand	a policeman	SP	3					n	politimanden|politimænd	the policeman|policemen
en pædagog	a daycare / youth worker	WJ	2					n	pædagogen|pædagoger	the daycare / youth worker|daycare / youth workers
en socialrådgiver	a social worker	WJ	3					n	socialrådgiveren|socialrådgivere	the social worker|social workers
en sosu-assistent	a health care assistant	WJ	4					n	sosu-assistenten|sosu-assistenter	the health care assistant|health care assistants
en videnskabsmand	a scientist	SL	2					n	videnskabsmanden|videnskabsmænd	the scientist|scientists
en designer	a designer	WJ	2					n	designeren|designere	the designer|designers
en oversætter	a translator	WJ	2					n	oversætteren|oversættere	the translator|translators
en konsulent	a consultant	WJ	3					n	konsulenten|konsulenter	the consultant|consultants
en rengøringsassistent	a cleaner	WJ	3					n	rengøringsassistenten|rengøringsassistenter	the cleaner|cleaners
en dyrlæge	a veterinarian	AN	2					n	dyrlægen|dyrlæger	the veterinarian|veterinarians
en apoteker	a pharmacist	WJ	3					n	apotekeren|apotekere	the pharmacist|pharmacists
en bibliotekar	a librarian	WJ	3					n	bibliotekaren|bibliotekarer	the librarian|librarians
et jobcenter	a job center	WJ	3					n	jobcentret|jobcentre	the job center|job centers
en sprogskole	a language school	SL	2					n	sprogskolen|sprogskoler	the language school|language schools
et danskkursus	a Danish course	SL	2					n	danskkursuset|danskkurser	the Danish course|Danish courses
en ansøgningsfrist	an application deadline	WJ	3					n	ansøgningsfristen|ansøgningsfrister	the application deadline|application deadlines
en blanket	a form	WJ	3					n	blanketten|blanketter	the form|forms
en formular	a form	WJ	3					n	formularen|formularer	the form|forms
en afløsning	a relief / replacement	WJ	4					n	afløsningen|afløsninger	the relief / the replacement|reliefs / replacements
en ansættelse	an employment / hiring	WJ	3					n	ansættelsen|ansættelser	the employment / the hiring|employments / hirings
en arbejdsdag	a working day	WJ	2					n	arbejdsdagen|arbejdsdage	the working day|working days
en arbejdsopgave	a work task	WJ	3					n	arbejdsopgaven|arbejdsopgaver	the work task|work tasks
en bedømmelse	an assessment	SL	3					n	bedømmelsen|bedømmelser	the assessment|assessments
en beregning	a calculation	SL	3					n	beregningen|beregninger	the calculation|calculations
en dannelse	an education / formation	SL	4					n	dannelsen|dannelser	the education / the formation|educations / formations
en forkortelse	an abbreviation	SL	3					n	forkortelsen|forkortelser	the abbreviation|abbreviations
en gennemgang	a review / walkthrough	SL	3					n	gennemgangen|gennemgange	the review / the walkthrough|reviews / walkthroughs
en henvendelse	an inquiry	WJ	3					n	henvendelsen|henvendelser	the inquiry|inquiries
en indkaldelse	a summons / notice	WJ	4					n	indkaldelsen|indkaldelser	the summons / the notice|summonses / notices
en indledning	an introduction	SL	3					n	indledningen|indledninger	the introduction|introductions
en indskrivning	an enrollment	SL	4					n	indskrivningen|indskrivninger	the enrollment|enrollments
en læsning	a reading	SL	3					n	læsningen|læsninger	the reading|readings
en rettelse	a correction	SL	3					n	rettelsen|rettelser	the correction|corrections
en tilbagemelding	feedback	WJ	3					n	tilbagemeldingen|tilbagemeldinger	the feedback / the response|feedback / responses
en tilmelding	a registration / sign-up	WJ	2					n	tilmeldingen|tilmeldinger	the registration / the sign-up|registrations / sign-ups
en udnævnelse	an appointment	WJ	4					n	udnævnelsen|udnævnelser	the appointment|appointments
en vejledning	a guide / guidance	WJ	2					n	vejledningen|vejledninger	the guide / the guidance|guides / guidance
et oplæg	a presentation / proposal	WJ	3					n	oplægget|oplæg	the presentation / the proposal|presentations / proposals
et udkast	a draft	WJ	3					n	udkastet|udkast	the draft|drafts
en kontorstol	an office chair	WJ	2					n	kontorstolen|kontorstole	the office chair|office chairs
datalogi	computer science	SL	3		en			n	datalogien	the computer science
et eksperiment	an experiment	SL	2					n	eksperimentet|eksperimenter	the experiment|experiments
i skole	in school	SL	1					d
et institut	an institute	SL	3					n	instituttet|institutter	the institute|institutes
et kemikalie	a chemical	SL	3					n	kemikaliet|kemikalier	the chemical|chemicals
en ordbog	a dictionary	SL	2					n	ordbogen|ordbøger	the dictionary|dictionaries
en sekretær	a secretary	WJ	2					n	sekretæren|sekretærer	the secretary|secretaries
en syre	an acid	SL	3					n	syren|syrer	the acid|acids
en snedker	a joiner / cabinetmaker	WJ	3					n	snedkeren|snedkere	the joiner / the cabinetmaker|joiners / cabinetmakers
en smed	a smith	WJ	3					n	smeden|smede	the smith|smiths
en skorstensfejer	a chimney sweep	WJ	4					n	skorstensfejeren|skorstensfejere	the chimney sweep|chimney sweeps
en skraldemand	a garbage collector	WJ	2					n	skraldemanden|skraldemænd	the garbage collector|garbage collectors
en taxachauffør	a taxi driver	WJ	2					n	taxachaufføren|taxachauffører	the taxi driver|taxi drivers
en kassemedarbejder	a cashier	WJ	3					n	kassemedarbejderen|kassemedarbejdere	the cashier|cashiers
en lagerarbejder	a warehouse worker	WJ	3					n	lagerarbejderen|lagerarbejdere	the warehouse worker|warehouse workers
en fabriksarbejder	a factory worker	WJ	3					n	fabriksarbejderen|fabriksarbejdere	the factory worker|factory workers
en kontorassistent	an office assistant	WJ	3					n	kontorassistenten|kontorassistenter	the office assistant|office assistants
en receptionist	a receptionist	WJ	3					n	receptionisten|receptionister	the receptionist|receptionists
en projektleder	a project manager	WJ	3					n	projektlederen|projektledere	the project manager|project managers
en udvikler	a developer	WJ	3					n	udvikleren|udviklere	the developer|developers
en dataanalytiker	a data analyst	WJ	4					n	dataanalytikeren|dataanalytikere	the data analyst|data analysts
en marketingchef	a marketing manager	WJ	3					n	marketingchefen|marketingchefer	the marketing manager|marketing managers
en HR-medarbejder	an HR employee	WJ	3					n	HR-medarbejderen|HR-medarbejdere	the HR employee|HR employees
en jurist	a lawyer (legal professional)	SP	3					n	juristen|jurister	the lawyer (legal professional)|lawyers (legal professionals)
en diplomat	a diplomat	SP	3					n	diplomaten|diplomater	the diplomat|diplomats
en kunsthistoriker	an art historian	WJ	4					n	kunsthistorikeren|kunsthistorikere	the art historian|art historians
en historiker	a historian	WJ	3					n	historikeren|historikere	the historian|historians
en filosof	a philosopher	WJ	3					n	filosoffen|filosoffer	the philosopher|philosophers
en matematiker	a mathematician	WJ	3					n	matematikeren|matematikere	the mathematician|mathematicians
en fysiker	a physicist	WJ	3					n	fysikeren|fysikere	the physicist|physicists
en kemiker	a chemist	WJ	3					n	kemikeren|kemikere	the chemist|chemists
en biolog	a biologist	WJ	3					n	biologen|biologer	the biologist|biologists
en tandplejer	a dental hygienist	WJ	4					n	tandplejeren|tandplejere	the dental hygienist|dental hygienists
en optiker	an optician	WJ	3					n	optikeren|optikere	the optician|opticians
en ergoterapeut	an occupational therapist	WJ	4					n	ergoterapeuten|ergoterapeuter	the occupational therapist|occupational therapists
en psykiater	a psychiatrist	WJ	3					n	psykiateren|psykiatere	the psychiatrist|psychiatrists
en kosmetolog	a beautician	WJ	4					n	kosmetologen|kosmetologer	the beautician|beauticians
stavning	spelling	SL	3		en			n	stavningen	the spelling
et navneord	a noun	SL	3					n	navneordet|navneord	the noun|nouns
et udsagnsord	a verb	SL	3					n	udsagnsordet|udsagnsord	the verb|verbs
et tillægsord	an adjective	SL	3					n	tillægsordet|tillægsord	the adjective|adjectives
et biord	an adverb	SL	3					n	biordet|biord	the adverb|adverbs
et forholdsord	a preposition	SL	3					n	forholdsordet|forholdsord	the preposition|prepositions
et stedord	a pronoun	SL	3					n	stedordet|stedord	the pronoun|pronouns
et bindeord	a conjunction	SL	3					n	bindeordet|bindeord	the conjunction|conjunctions
en bøjning	an inflection	SL	3					n	bøjningen|bøjninger	the inflection|inflections
nutid	present tense	SL	3		en			n	nutiden	the present tense
datid	past tense	SL	3		en			n	datiden	the past tense
førnutid	present perfect	SL	3		en			n	førnutiden	the present perfect
førdatid	past perfect	SL	3		en			n	førdatiden	the past perfect
navnemåde	infinitive	SL	3		en			n	navnemåden	the infinitive
bydemåde	imperative	SL	3		en			n	bydemåden	the imperative
ental	singular	SL	3		et			n	entallet	the singular
bestemt form	definite form	SL	3		en			n
ubestemt form	indefinite form	SL	3		en			n
et køn	a gender	SL	3					n	kønnet|køn	the gender|genders
fælleskøn	common gender (en-words)	SL	3		et			n	fælleskønnet	the common gender (en-words)
intetkøn	neuter gender (et-words)	SL	3		et			n	intetkønnet	the neuter gender (et-words)
en endelse	an ending (word)	SL	3					n	endelsen|endelser	the ending (word)|endings (word)
et ordsprog	a proverb	SL	3					n	ordsproget|ordsprog	the proverb|proverbs
et fremmedord	a foreign word	SL	3					n	fremmedordet|fremmedord	the foreign word|foreign words
et synonym	a synonym	SL	3					n	synonymet|synonymer	the synonym|synonyms
et modsætningsord	an antonym	SL	4					n	modsætningsordet|modsætningsord	the antonym|antonyms
retskrivning	spelling rules / orthography	SL	3		en			n	retskrivningen	the spelling rules / the orthography
tegnsætning	punctuation	SL	3		en			n	tegnsætningen	the punctuation
et punktum	a period (punctuation)	SL	2					n	punktummet|punktummer	the period (punctuation)|periods (punctuation)
et komma	a comma	SL	3					n	kommaet|kommaer	the comma|commas
et spørgsmålstegn	a question mark	SL	2					n	spørgsmålstegnet|spørgsmålstegn	the question mark|question marks
et udråbstegn	an exclamation mark	SL	3					n	udråbstegnet|udråbstegn	the exclamation mark|exclamation marks
et kolon	a colon	SL	3					n	kolonet|koloner	the colon|colons
en bindestreg	a hyphen	SL	3					n	bindestregen|bindestreger	the hyphen|hyphens
et anførselstegn	a quotation mark	SL	4					n	anførselstegnet|anførselstegn	the quotation mark|quotation marks
et alfabet	an alphabet	SL	2					n	alfabetet|alfabeter	the alphabet|alphabets
en vokal	a vowel	SL	3					n	vokalen|vokaler	the vowel|vowels
en konsonant	a consonant	SL	2					n	konsonanten|konsonanter	the consonant|consonants
en stavelse	a syllable	SL	3					n	stavelsen|stavelser	the syllable|syllables
et tryk	a stress (emphasis)	SL	3					n	trykket|tryk	the stress (emphasis)|stresses (emphasis)
en samtaleøvelse	a conversation exercise	SL	3					n	samtaleøvelsen|samtaleøvelser	the conversation exercise|conversation exercises
en lytteøvelse	a listening exercise	SL	3					n	lytteøvelsen|lytteøvelser	the listening exercise|listening exercises
læseforståelse	reading comprehension	SL	3		en			n	læseforståelsen	the reading comprehension
en diktat	a dictation	SL	3					n	diktaten|diktater	the dictation|dictations
et essay	an essay	SL	3					n	essayet|essays	the essay|essays
mundtlig	oral / spoken	SL	3					a
skriftlig	written	SL	2					a
flydende	fluent / liquid		2					a
en studiekammerat	a fellow student	SL	3					n	studiekammeraten|studiekammerater	the fellow student|fellow students
en censor	an external examiner	SL	4					n	censoren|censorer	the external examiner|external examiners
et studiejob	a student job	SL	3					n	studiejobbet|studiejob	the student job|student jobs
et kollegieværelse	a dorm room	SL	3					n	kollegieværelset|kollegieværelser	the dorm room|dorm rooms
en læsesal	a reading room	SL	4					n	læsesalen|læsesale	the reading room|reading rooms
et auditorium	an auditorium / lecture hall	SL	3					n
en campus	a campus	SL	3					n	campussen|campusser	the campus|campuses
et adgangskrav	an admission requirement	SL	4					n	adgangskravet|adgangskrav	the admission requirement|admission requirements
et karaktergennemsnit	a grade point average	SL	4					n	karaktergennemsnittet|karaktergennemsnit	the grade point average|grade point averages
en studieplan	a study plan	SL	3					n	studieplanen|studieplaner	the study plan|study plans
en studieretning	a field of study (high school)	SL	4					n	studieretningen|studieretninger	the field of study (high school)|fields of study (high school)
en afleveringsfrist	a submission deadline	SL	3					n	afleveringsfristen|afleveringsfrister	the submission deadline|submission deadlines
en litteraturliste	a bibliography	SL	4					n	litteraturlisten|litteraturlister	the bibliography|bibliographies
et citat	a quote	SL	3					n	citatet|citater	the quote|quotes
en fodnote	a footnote	SL	3					n	fodnoten|fodnoter	the footnote|footnotes
et resumé	a summary	SL	3					n	resuméet|resuméer	the summary|summaries
et spørgeskema	a questionnaire	SL	3					n	spørgeskemaet|spørgeskemaer	the questionnaire|questionnaires
en graf	a graph	SL	3					n	grafen|grafer	the graph|graphs
en ligning	an equation	SL	3					n	ligningen|ligninger	the equation|equations
et decimaltal	a decimal number	SL	4					n	decimaltallet|decimaltal	the decimal number|decimal numbers
ulige	odd (number)	NC	3					a
en radius	a radius	SL	4					n	radiussen|radier	the radius|radii
et areal	an area	SL	3					n	arealet|arealer	the area|areas
en kvadratmeter	a square meter	SL	2					n	kvadratmeteren|kvadratmeter	the square meter|square meters
en opgavebog	an exercise book	SL	3					n	opgavebogen|opgavebøger	the exercise book|exercise books
en ordliste	a word list / glossary	SL	3					n	ordlisten|ordlister	the word list / the glossary|word lists / glossaries
et kartotekskort	an index card	SL	4					n	kartotekskortet|kartotekskort	the index card|index cards
et skoleår	a school year	SL	2					n	skoleåret|skoleår	the school year|school years
en efterårsferie	an autumn break	SL	2					n	efterårsferien|efterårsferier	the autumn break|autumn breaks
en vinterferie	a winter break	SL	3					n	vinterferien|vinterferier	the winter break|winter breaks
en juleferie	a Christmas vacation	SL	2					n	juleferien|juleferier	the Christmas vacation|Christmas vacations
en påskeferie	an Easter vacation	SL	3					n	påskeferien|påskeferier	the Easter vacation|Easter vacations
en skoledag	a school day	SL	3					n	skoledagen|skoledage	the school day|school days
en madordning	a school meal program	SL	4					n	madordningen|madordninger	the school meal program|school meal programs
en skolegård	a schoolyard	SL	3					n	skolegården|skolegårde	the schoolyard|schoolyards
en gymnastiksal	a gym (school)	SL	3					n	gymnastiksalen|gymnastiksale	the gym (school)|gyms (school)
et forældremøde	a parent-teacher meeting	SL	3					n	forældremødet|forældremøder	the parent-teacher meeting|parent-teacher meetings
en skole-hjem-samtale	a parent-teacher conference	SL	3					n	skole-hjem-samtalen|skole-hjem-samtaler	the parent-teacher conference|parent-teacher conferences
en lejrskole	a school camp trip	SL	3					n	lejrskolen|lejrskoler	the school camp trip|school camp trips
en ekskursion	a field trip	SL	3					n	ekskursionen|ekskursioner	the field trip|field trips
at lære udenad	to memorize	SL	2	lærer udenad|lærte udenad|lært udenad		jeg lærer udenad|jeg lærte udenad|jeg har lært udenad	I memorize|I memorized|I have memorized	v
at skrive af	to copy (write out)	SL	3	skriver af|skrev af|skrevet af		jeg skriver af|jeg skrev af|jeg har skrevet af	I copy (write out)|I copied (wrote out)|I have copied (written out)	v
at gå til eksamen	to take an exam	SL	2	går til eksamen|gik til eksamen|gået til eksamen		jeg går til eksamen|jeg gik til eksamen|jeg er gået til eksamen	I take an exam|I took an exam|I have taken an exam	v
at melde sig til	to sign up for	SL	2	melder sig til|meldte sig til|meldt sig til		jeg melder mig til|jeg meldte mig til|jeg har meldt mig til	I sign up for|I signed up for|I have signed up for	v
at søge ind på	to apply to (a school)	SL	2	søger ind på|søgte ind på|søgt ind på		jeg søger ind på|jeg søgte ind på|jeg har søgt ind på	I apply to (a school)|I applied to (a school)|I have applied to (a school)	v
at blive optaget	to be admitted	SL	3	bliver optaget|blev optaget|blevet optaget		jeg bliver optaget|jeg blev optaget|jeg er blevet optaget	I am admitted|I was admitted|I have been admitted	v
at læse til	to study to become	SL	2	læser til|læste til|læst til		jeg læser til|jeg læste til|jeg har læst til	I study to become|I studied to become|I have studied to become	v
at tage noter	to take notes	SL	2	tager noter|tog noter|taget noter		jeg tager noter|jeg tog noter|jeg har taget noter	I take notes|I took notes|I have taken notes	v
at holde oplæg	to give a presentation	SL	3	holder oplæg|holdt oplæg|holdt oplæg		jeg holder oplæg|jeg holdt oplæg|jeg har holdt oplæg	I give a presentation|I gave a presentation|I have given a presentation	v
at runde op	to round up	NC	2	runder op|rundede op|rundet op		jeg runder op|jeg rundede op|jeg har rundet op	I round up|I rounded up|I have rounded up	v
at runde ned	to round down	NC	2	runder ned|rundede ned|rundet ned		jeg runder ned|jeg rundede ned|jeg har rundet ned	I round down|I rounded down|I have rounded down	v
en skomager	a shoemaker / cobbler	WJ	4					n	skomageren|skomagere	the shoemaker / the cobbler|shoemakers / cobblers
en urmager	a watchmaker	WJ	4					n	urmageren|urmagere	the watchmaker|watchmakers
et cykelbud	a bike courier	WJ	4					n	cykelbuddet|cykelbude	the bike courier|bike couriers
et madbud	a food delivery person	WJ	3					n	madbuddet|madbude	the food delivery person|food delivery people
et arkiv	an archive	SL	3					n	arkivet|arkiver	the archive|archives
en blok	a notepad / block	WJ	3					n	blokken|blokke	the notepad / the block|notepads / blocks
dokumentation	documentation	WJ	4		en			n	dokumentationen	the documentation
en encyklopædi	an encyclopedia	SL	3					n	encyklopædien|encyklopædier	the encyclopedia|encyclopedias
en historiebog	a history book	SL	2					n	historiebogen|historiebøger	the history book|history books
en hjemmeopgave	a homework assignment	SL	3					n	hjemmeopgaven|hjemmeopgaver	the homework assignment|homework assignments
et leksikon	an encyclopedia	SL	3					n	leksikonet|leksika	the encyclopedia|encyclopedias
et foredrag	a talk / lecture	SL	3					n	foredraget|foredrag	the talk / the lecture|talks / lectures
en aftenskole	an evening class	SL	3					n	aftenskolen|aftenskoler	the evening class|evening classes
en arbejdsbyrde	a workload	WJ	3					n	arbejdsbyrden|arbejdsbyrder	the workload|workloads
et arbejdsmiljø	a work environment	WJ	3					n	arbejdsmiljøet|arbejdsmiljøer	the work environment|work environments
arbejdskraft	labor / workforce	WJ	3		en			n	arbejdskraften	the labor / the workforce
en daglig leder	a general manager	WJ	4					n
et drømmejob	a dream job	WJ	2					n	drømmejobbet|drømmejob	the dream job|dream jobs
en farmaceut	a pharmacist	WJ	4					n	farmaceuten|farmaceuter	the pharmacist|pharmacists
en forretningsrejse	a business trip	WJ	3					n	forretningsrejsen|forretningsrejser	the business trip|business trips
en fritidsordning	an after-school program	SL	3					n	fritidsordningen|fritidsordninger	the after-school program|after-school programs
en grundskole	a primary school	SL	3					n	grundskolen|grundskoler	the primary school|primary schools
et højskoleophold	a folk high school stay	SL	4					n	højskoleopholdet|højskoleophold	the folk high school stay|folk high school stays
en indretningsarkitekt	an interior designer	WJ	4					n	indretningsarkitekten|indretningsarkitekter	the interior designer|interior designers
en jobannonce	a job ad	WJ	3					n	jobannoncen|jobannoncer	the job ad|job ads
en klasselærer	a class teacher	SL	3					n	klasselæreren|klasselærere	the class teacher|class teachers
en kontorplads	a desk (workspace)	WJ	3					n	kontorpladsen|kontorpladser	the desk (workspace)|desks (workspace)
ordblind	dyslexic	BH	3					a
en papirkurv	a wastepaper basket	WJ	3					n	papirkurven|papirkurve	the wastepaper basket|wastepaper baskets
et personalemøde	a staff meeting	WJ	3					n	personalemødet|personalemøder	the staff meeting|staff meetings
en skoletur	a school trip	SL	2					n	skoleturen|skoleture	the school trip|school trips
et sommerjob	a summer job	WJ	2					n	sommerjobbet|sommerjob	the summer job|summer jobs
sprogkundskaber	language skills	SL	3		pl			n	sprogkundskaberne	the language skills
en studietur	a study trip	SL	3					n	studieturen|studieture	the study trip|study trips
en ugeplan	a weekly plan	WJ	3					n	ugeplanen|ugeplaner	the weekly plan|weekly plans
et kontorhus	an office building	WJ	4					n	kontorhuset|kontorhuse	the office building|office buildings
et mødelokale	a meeting room	WJ	3					n	mødelokalet|mødelokaler	the meeting room|meeting rooms
et opholdsrum	a lounge / common room	WJ	3					n	opholdsrummet|opholdsrum	the lounge / the common room|lounges / common rooms
et skolefag	a school subject	SL	2					n	skolefaget|skolefag	the school subject|school subjects
et studieår	an academic year	SL	3					n	studieåret|studieår	the academic year|academic years
en køkkenchef	a head chef	WJ	3					n	køkkenchefen|køkkenchefer	the head chef|head chefs
en kokkeelev	a chef apprentice	WJ	4					n	kokkeeleven|kokkeelever	the chef apprentice|chef apprentices
en opvasker	a dishwasher (person)	WJ	4					n	opvaskeren|opvaskere	the dishwasher (person)|dishwashers (person)
en barista	a barista	WJ	3					n	baristaen|baristaer	the barista|baristas
en sommelier	a sommelier	WJ	4					n	sommelieren|sommelierer	the sommelier|sommeliers
en hovmester	a head waiter	WJ	4					n	hovmesteren|hovmestre	the head waiter|head waiters
vrede	anger	FP	2		en			n	vreden	the anger
jalousi	jealousy	FP	2		en			n	jalousien	the jealousy
skyld	guilt / fault	FP	2		en			n	skylden	the guilt / the fault
skam	shame	FP	2		en			n	skammen	the shame
stolthed	pride	FP	2		en			n	stoltheden	the pride
medlidenhed	pity	FP	3		en			n	medlidenheden	the pity
en overraskelse	a surprise	FP	2					n	overraskelsen|overraskelser	the surprise|surprises
forvirring	confusion	FP	2		en			n	forvirringen	the confusion
lettelse	relief	FP	2		en			n	lettelsen	the relief
ensomhed	loneliness	FP	2		en			n	ensomheden	the loneliness
kedsomhed	boredom	FP	3		en			n	kedsomheden	the boredom
spænding	excitement / tension	FP	2		en			n	spændingen	the excitement / the tension
ro	calm / peace and quiet	FP	2		en			n	roen	the calm / the peace and quiet
tillid	trust	FP	2		en			n	tilliden	the trust
mistillid	distrust	FP	3		en			n	mistilliden	the distrust
respekt	respect	FP	2		en			n	respekten	the respect
tålmodighed	patience	FP	2		en			n	tålmodigheden	the patience
utålmodighed	impatience	FP	3		en			n	utålmodigheden	the impatience
mod	against / toward / courage	FP	1		et			r	modet	the courage
fejhed	cowardice	FP	3		en			n	fejheden	the cowardice
generøsitet	generosity	FP	3		en			n	generøsiteten	the generosity
gerrighed	stinginess	FP	3		en			n	gerrigheden	the greed
upålidelig	unreliable	FP	3					a	upålideligere|upålideligst	more unreliable|most unreliable
pålidelig	reliable	FP	3					a	pålideligere|pålideligst	more reliable|most reliable
doven	lazy	FP	2					a	dovnere|dovnest	lazier|laziest
flittig	diligent	FP	2					a	flittigere|flittigst	more diligent|most diligent
nysgerrig	curious	FP	2					a	nysgerrigere|nysgerrigst	more curious|most curious
kreativ	creative	FP	2					a
logisk	logical	FP	2					a
fornuftig	sensible	FP	2					a	fornuftigere|fornuftigst	more sensible|most sensible
stædig	stubborn	FP	2					a	stædigere|stædigst	more stubborn|most stubborn
fleksibel	flexible	FP	2					a
sky	shy	FP	3					a
udadvendt	outgoing	FP	3					a
indadvendt	introverted	FP	3					a
selvsikker	confident	FP	2					a	selvsikrere|selvsikrest	more confident|most confident
ydmyg	humble	FP	3					a	ydmygere|ydmygest	humbler|humblest
arrogant	arrogant	FP	3					a
sympatisk	likeable	FP	2					a
usympatisk	unlikeable	FP	3					a
sarkastisk	sarcastic	FP	3					a
seriøs	serious	FP	2					a	mere seriøs|mest seriøs	more serious|most serious
munter	cheerful	FP	3					a	muntrere|muntrest	more cheerful|most cheerful
gnaven	grumpy	FP	3					a
optimistisk	optimistic	FP	2					a
pessimistisk	pessimistic	FP	3					a
hjælpsom	helpful	FP	2					a	hjælpsommere|hjælpsomst	more helpful|most helpful
ansvarlig	responsible	FP	2					a	ansvarligere|ansvarligst	more responsible|most responsible
uansvarlig	irresponsible	FP	3					a	uansvarligere|uansvarligst	more irresponsible|most irresponsible
loyal	loyal	FP	3					a	mere loyal|mest loyal	more loyal|most loyal
sensitiv	sensitive	FP	3					a	mere sensitiv|mest sensitiv	more sensitive|most sensitive
rationel	rational	FP	3					a	mere rationel|mest rationel	more rational|most rational
impulsiv	impulsive	FP	3					a	mere impulsiv|mest impulsiv	more impulsive|most impulsive
energisk	energetic	FP	2					a
målrettet	goal-oriented	FP	3					a
tilfredshed	satisfaction	FP	4		en			n	tilfredsheden	the satisfaction
utilfredshed	dissatisfaction	FP	4		en			n	utilfredsheden	the dissatisfaction
flovhed	embarrassment	FP	4		en			n	flovheden	the embarrassment
en frustration	a frustration	FP	2					n	frustrationen|frustrationer	the frustration|frustrations
en irritation	an irritation	FP	3					n	irritationen|irritationer	the irritation|irritations
nervøsitet	nervousness	FP	4		en			n	nervøsiteten	the nervousness
nysgerrighed	curiosity	FP	3		en			n	nysgerrigheden	the curiosity
taknemmelighed	gratitude	FP	3		en			n	taknemmeligheden	the gratitude
medfølelse	compassion	FP	3		en			n	medfølelsen	the compassion
empati	empathy	FP	4		en			n	empatien	the empathy
afmagt	powerlessness	FP	4		en			n	afmagten	the powerlessness
skyldfølelse	guilt / feeling of guilt	FP	4		en			n	skyldfølelsen	the guilt / the feeling of guilt
en følelse af lettelse	a sense of relief	FP	3					n
overvældet	overwhelmed	FP	3					a
ligeglad	indifferent	FP	2					a
rørt	touched	FP	2					a
chokeret	shocked	FP	2					a
fortvivlet	distraught / in despair	FP	3					a
generøs	generous	FP	2					a	mere generøs|mest generøs	more generous|most generous
gerrig	stingy	FP	3					a	gerrigere|gerrigst	stingier|stingiest
egoistisk	selfish	FP	2					a
uselvisk	unselfish	FP	3					a
modig	brave	FP	2					a	modigere|modigst	braver|bravest
fej	cowardly	FP	3					a	fejere|fejest	more cowardly|most cowardly
ambitiøs	ambitious	FP	2					a	mere ambitiøs|mest ambitiøs	more ambitious|most ambitious
følsom	sensitive	FP	2					a	følsommere|følsomst	more sensitive|most sensitive
hårdhudet	thick-skinned	FP	4					a
beskeden	modest	FP	2					a
charmerende	charming	FP	2					a
irriterende	annoying	FP	2					a
spontan	spontaneous	FP	2					a
forsigtig	cautious	FP	2					a	forsigtigere|forsigtigst	more cautious|most cautious
skødesløs	careless	FP	4					a	mere skødesløs|mest skødesløs	more careless|most careless
en idiot	an idiot	FP	2					n	idioten|idioter	the idiot|idiots
et fjols	a fool	FP	3					n	fjolset|fjolser	the fool|fools
en fornøjelse	a pleasure	FP	2					n	fornøjelsen|fornøjelser	the pleasure|pleasures
et mareridt	a nightmare	FP	2					n	mareridtet|mareridt	the nightmare|nightmares
panik	panic	FP	2		en			n	panikken	the panic
en løgner	a liar	FP	3					n	løgneren|løgnere	the liar|liars
vanvid	madness	FP	3		et			n	vanviddet	the madness
et geni	a genius	FP	2					n	geniet|genier	the genius|geniuses
opførsel	behavior	FP	2		en			n	opførslen	the behavior
knust	crushed / heartbroken	FP	2					a
urolig	uneasy / restless	FP	2					a	uroligere|uroligst	more uneasy / more restless|most uneasy / most restless
skuffet	disappointed	FP	2					a
pinlig	embarrassing	FP	2					a	pinligere|pinligst	more embarrassing|most embarrassing
desperat	desperate	FP	2					a
en fornemmelse	a feeling / sense	FP	2					n	fornemmelsen|fornemmelser	the feeling / the sense|feelings / senses
imponeret	impressed	FP	2					a
taknemmelig	grateful	FP	2					a	taknemmeligere|taknemmeligst	more grateful|most grateful
had	hatred	FP	2		et			n	hadet	the hatred
et chok	a shock	FP	2					n	chokket|chok	the shock|shocks
en kujon	a coward	FP	4					n	kujonen|kujoner	the coward|cowards
ærgerlig	annoying / a shame	FP	2					a	ærgerligere|ærgerligst	more annoying|most annoying
rasende	furious	FP	2					a
en psykopat	a psychopath	FP	3					n	psykopaten|psykopater	the psychopath|psychopaths
skræmt	scared	FP	2					a
en svaghed	a weakness	FP	3					n	svagheden|svagheder	the weakness|weaknesses
fræk	cheeky / naughty	FP	2					a	frækkere|frækkest	cheekier / naughtier|cheekiest / naughtiest
en galning	a madman	FP	4					n	galningen|galninger	the madman|madmen
flov	embarrassed	FP	2					a	flovere|flovest	more embarrassed|most embarrassed
paranoid	paranoid	FP	3					a	mere paranoid|mest paranoid	more paranoid|most paranoid
trøst	comfort / consolation	FP	2		en			n	trøsten	the comfort / the consolation
humor	humor	FP	2		en			n	humoren	the humor
tryg	safe / secure	FP	2					a	tryggere|tryggest	safer / more secure|safest / most secure
ulykkelig	unhappy	FP	2					a	ulykkeligere|ulykkeligst	more unhappy|most unhappy
oprevet	upset	FP	3					a
genert	shy	FP	2					a
rystet	shaken	FP	3					a
lettet	relieved	FP	2					a
afslappet	relaxed	FP	2					a
deprimeret	depressed	FP	3					a
en stakkel	a poor thing	FP	3					n	staklen|stakler	the poor thing|poor things
en personlighed	a personality	FP	2					n	personligheden|personligheder	the personality|personalities
en tåbe	a fool	FP	4					n	tåben|tåber	the fool|fools
en nørd	a nerd	FP	2					n	nørden|nørder	the nerd|nerds
sørgelig	sad / pathetic	FP	3					a	sørgeligere|sørgeligst	sadder / more pathetic|saddest / most pathetic
udmattet	exhausted	FP	3					a
kærlig	loving / affectionate	FP	2					a	kærligere|kærligst	more loving / more affectionate|most loving / most affectionate
anspændt	tense	FP	3					a
tiltrukket	attracted	FP	3					a
ophidset	agitated / excited	FP	3					a
lidenskab	passion	FP	3		en			n	lidenskaben	the passion
akavet	awkward	FP	3					a
sårbar	vulnerable	FP	3					a	mere sårbar|mest sårbar	more vulnerable|most vulnerable
selvtillid	self-confidence	FP	2		en			n	selvtilliden	the self-confidence
fornærmet	offended	FP	3					a
ivrig	eager	FP	3					a	ivrigere|ivrigst	more eager|most eager
uforskammet	rude / impertinent	FP	3					a
høflig	polite	FP	2					a	høfligere|høfligst	more polite|most polite
ærlighed	honesty	FP	2		en			n	ærligheden	the honesty
et ego	an ego	FP	3					n	egoet|egoer	the ego|egos
oprørt	upset	FP	3					a
charme	charm	FP	2		en			n	charmen	the charm
misundelig	envious	FP	2					a	misundeligere|misundeligst	more envious|most envious
troskab	loyalty	FP	4		en			n	troskaben	the loyalty
håbløs	hopeless	FP	3					a	mere håbløs|mest håbløs	more hopeless|most hopeless
venlighed	kindness	FP	2		en			n	venligheden	the kindness
begær	desire / lust	FP	4		et			n	begæret	the desire / the lust
sympati	sympathy	FP	3		en			n	sympatien	the sympathy
inspireret	inspired	FP	3					a
aggressiv	aggressive	FP	2					a	mere aggressiv|mest aggressiv	more aggressive|most aggressive
deprimerende	depressing	FP	3					a
beæret	honored	FP	3					a
tiltro	confidence / trust	FP	4		en			n	tiltroen	the confidence / the trust
en attitude	an attitude	FP	3					n	attituden|attituder	the attitude|attitudes
distraheret	distracted	FP	3					a
et temperament	a temper / temperament	FP	3					n	temperamentet|temperamenter	the temper / the temperament|tempers / temperaments
rørende	touching / moving	FP	3					a
smigret	flattered	FP	3					a
galskab	madness	FP	3		en			n	galskaben	the madness
en trang	an urge	FP	3					n	trangen	the urge
en stemning	a mood / atmosphere	FP	2					n	stemningen|stemninger	the mood / the atmosphere|moods / atmospheres
skræk	fear / terror	FP	2		en			n	skrækken	the fear / the terror
godhed	goodness	FP	3		en			n	godheden	the goodness
hysterisk	hysterical	FP	3					a
uartig	naughty	FP	3					a	uartigere|uartigst	naughtier|naughtiest
en fornærmelse	an insult	FP	3					n	fornærmelsen|fornærmelser	the insult|insults
anger	remorse	FP	4		en			n	angeren	the remorse
lykke	happiness / luck	FP	2		en			n	lykken	the happiness
misundelse	envy	FP	3		en			n	misundelsen	the envy
en egenskab	a quality / trait	FP	3					n	egenskaben|egenskaber	the quality / the trait|qualities / traits
et humør	a mood	FP	2					n	humøret	the mood
irriteret	irritated	FP	2					a
frustreret	frustrated	FP	2					a
stresset	stressed	FP	2					a
træt af	tired of / fed up with	FP	2					f
forventningsfuld	expectant	FP	4					a	mere forventningsfuld|mest forventningsfuld	more expectant|most expectant
forskrækket	startled	FP	3					a
rædselsslagen	terrified	FP	4					a
modløs	discouraged	FP	4					a	mere modløs|mest modløs	more discouraged|most discouraged
uvenlig	unfriendly	FP	2					a	uvenligere|uvenligst	more unfriendly|most unfriendly
gavmild	generous	FP	3					a	gavmildere|gavmildest	more generous|most generous
nærig	stingy	FP	3					a	nærigere|nærigst	stingier|stingiest
grådig	greedy	FP	3					a	grådigere|grådigst	greedier|greediest
selvglad	smug / conceited	FP	4					a
hidsig	hot-tempered	FP	3					a	hidsigere|hidsigst	more hot-tempered|most hot-tempered
social	social	FP	2					a	mere social|mest social	more social|most social
humoristisk	humorous	FP	3					a
omsorgsfuld	caring	FP	3					a	mere omsorgsfuld|mest omsorgsfuld	more caring|most caring
hensynsfuld	considerate	FP	3					a	mere hensynsfuld|mest hensynsfuld	more considerate|most considerate
punktlig	punctual	FP	3					a	punktligere|punktligst	more punctual|most punctual
organiseret	organized	FP	2					a
at føle sig	to feel (a certain way)	FP	2	føler sig|følte sig|følt sig		jeg føler mig|jeg følte mig|jeg har følt mig	I feel (a certain way)|I felt (a certain way)|I have felt (a certain way)	v
at glæde sig til	to look forward to	FP	2	glæder sig til|glædede sig til|glædet sig til		jeg glæder mig til|jeg glædede mig til|jeg har glædet mig til	I look forward to|I looked forward to|I have looked forward to	v
at blive vred	to get angry	FP	2	bliver vred|blev vred|blevet vred		jeg bliver vred|jeg blev vred|jeg er blevet vred	I get angry|I got angry|I have gotten angry	v
at blive glad	to become happy	FP	2	bliver glad|blev glad|blevet glad		jeg bliver glad|jeg blev glad|jeg er blevet glad	I become happy|I became happy|I have become happy	v
at sukke	to sigh	FP	2	sukker|sukkede|sukket		jeg sukker|jeg sukkede|jeg har sukket	I sigh|I sighed|I have sighed	v
at holde af	to be fond of	FP	2	holder af|holdt af|holdt af		jeg holder af|jeg holdt af|jeg har holdt af	I am fond of|I was fond of|I have been fond of	v
at frygte	to fear	FP	2	frygter|frygtede|frygtet		jeg frygter|jeg frygtede|jeg har frygtet	I fear|I feared|I have feared	v
at være bange for	to be afraid of	FP	2	er bange for|var bange for|været bange for		jeg er bange for|jeg var bange for|jeg har været bange for	I am afraid of|I was afraid of|I have been afraid of	v
at stole på	to trust	FP	2	stoler på|stolede på|stolet på		jeg stoler på|jeg stolede på|jeg har stolet på	I trust|I trusted|I have trusted	v
at falde til ro	to calm down	FP	3	falder til ro|faldt til ro|faldet til ro		jeg falder til ro|jeg faldt til ro|jeg er faldet til ro	I calm down|I calmed down|I have calmed down	v
at gå amok	to go berserk	FP	3	går amok|gik amok|gået amok		jeg går amok|jeg gik amok|jeg er gået amok	I go berserk|I went berserk|I have gone berserk	v
at blive forelsket	to fall in love	FP	2	bliver forelsket|blev forelsket|blevet forelsket		jeg bliver forelsket|jeg blev forelsket|jeg er blevet forelsket	I fall in love|I fell in love|I have fallen in love	v
at forskrække	to frighten	FP	4	forskrækker|forskrækkede|forskrækket		jeg forskrækker|jeg forskrækkede|jeg har forskrækket	I frighten|I frightened|I have frightened	v
at glæde	to please / delight	FP	3	glæder|glædede|glædet		jeg glæder|jeg glædede|jeg har glædet	I please / delight|I pleased / delighted|I have pleased / delighted	v
at ærgre sig	to be annoyed	FP	2	ærgrer sig|ærgrede sig|ærgret sig		jeg ærgrer mig|jeg ærgrede mig|jeg har ærgret mig	I am annoyed|I was annoyed|I have been annoyed	v
en opmuntring	an encouragement	FP	3					n	opmuntringen|opmuntringer	the encouragement|encouragements
forelsket	in love	FP	2					a
en følelse	a feeling	FP	2					n	følelsen|følelser	the feeling|feelings
hygge	coziness / hygge	FP	2		en			n	hyggen	the coziness / the hygge
jaloux	jealous	FP	2					a
lykkelig	happy	FP	2					a	lykkeligere|lykkeligst	happier|happiest
trist	sad	FP	1					a
træls	annoying (Jutland slang)	FP	3					a	mere træls|mest træls	more annoying (Jutland slang)|most annoying (Jutland slang)
forbavset	astonished	FP	3					a
forbløffet	amazed	FP	4					a
misfornøjet	dissatisfied	FP	3					a
nedtrykt	depressed / down	FP	3					a
skamfuld	ashamed	FP	3					a	mere skamfuld|mest skamfuld	more ashamed|most ashamed
sørgmodig	sorrowful	FP	4					a	sørgmodigere|sørgmodigst	more sorrowful|most sorrowful
utilfreds	dissatisfied	FP	2					a	mere utilfreds|mest utilfreds	more dissatisfied|most dissatisfied
vemodig	wistful / melancholic	FP	4					a	vemodigere|vemodigst	more wistful / more melancholic|most wistful / most melancholic
en forkærlighed	a fondness / preference	FP	4					n	forkærligheden|forkærligheder	the fondness / the preference|fondnesses / preferences
adfærd	behavior	FP	3		en			n	adfærden	the behavior
gavmildhed	generosity	FP	4		en			n	gavmildheden	the generosity
livsglæde	joy of life / zest for life	FP	3		en			n	livsglæden	the joy of life / the zest for life
en skjorte	a shirt	CS	1					n	skjorten|skjorter	the shirt|shirts
en t-shirt	a t-shirt	CS	1					n
en bluse	a blouse	CS	2					n	blusen|bluser	the blouse|blouses
bukser	pants	CS	1		pl			n
et par jeans	a pair of jeans	CS	2					n
en nederdel	a skirt	CS	2					n	nederdelen|nederdele	the skirt|skirts
en kjole	a dress	CS	1					n	kjolen|kjoler	the dress|dresses
en jakke	a jacket	CS	1					n	jakken|jakker	the jacket|jackets
en frakke	a coat	CS	1					n	frakken|frakker	the coat|coats
en sweater	a sweater	CS	1					n	sweateren|sweatere	the sweater|sweaters
en trøje	a sweater / jumper	CS	1					n	trøjen|trøjer	the sweater / the jumper|sweaters / jumpers
underbukser	underpants	CS	2		pl			n
en bh	a bra	CS	2					n
sokker	socks	CS	1		pl			n	sokkerne|sokker	the socks|socks
sko	shoes	CS	1		pl			n	skoene|sko	the shoes|shoes
støvler	boots	CS	2		pl			n	støvlerne|støvler	the boots|boots
sandaler	sandals	CS	2		pl			n	sandalerne|sandaler	the sandals|sandals
en hue	a beanie	CS	1					n	huen|huer	the beanie|beanies
en hat	a hat	CS	1					n	hatten|hatte	the hat|hats
handsker	gloves	CS	2		pl			n
et tørklæde	a scarf	CS	2					n	tørklædet|tørklæder	the scarf|scarves
et bælte	a belt	CS	2					n	bæltet|bælter	the belt|belts
et slips	a tie	CS	2					n	slipset|slips	the tie|ties
en pyjamas	a pair of pajamas	CS	2					n	pyjamassen|pyjamasser	the pair of pajamas|pairs of pajamas
badetøj	swimwear	CS	2		et			n	badetøjet	the swimwear
en regnjakke	a rain jacket	CS	2					n	regnjakken|regnjakker	the rain jacket|rain jackets
en størrelse	a size	CS	1					n	størrelsen|størrelser	the size|sizes
en farve	a color	CO	1					n	farven|farver	the color|colors
et stof	a fabric	CS	2					n	stoffet|stoffer	the fabric|fabrics
et mønster	a pattern	CS	2					n	mønstret|mønstre	the pattern|patterns
mode	fashion	CS	2		en			n	moden	the fashion
en stil	a style	CS	2					n	stilen|stile	the style|styles
et smykke	a piece of jewelry	CS	2					n	smykket|smykker	the piece of jewelry|pieces of jewelry
en ring	a ring	CS	2					n	ringen|ringe	the ring|rings
en halskæde	a necklace	CS	2					n	halskæden|halskæder	the necklace|necklaces
et armbånd	a bracelet	CS	2					n	armbåndet|armbånd	the bracelet|bracelets
øreringe	earrings	CS	2		pl			n
en pung	a wallet	CS	2					n	pungen|punge	the wallet|wallets
et prøverum	a fitting room	CS	2					n	prøverummet|prøverum	the fitting room|fitting rooms
en kvittering	a receipt	CS	2					n	kvitteringen|kvitteringer	the receipt|receipts
et tilbud	an offer / deal	CS	2					n	tilbuddet|tilbud	the offer / the deal|offers / deals
et udsalg	a sale	CS	2					n	udsalget|udsalg	the sale|sales
en rabat	a discount	CS	2					n	rabatten|rabatter	the discount|discounts
et medlemskab	a membership	CS	3					n	medlemskabet|medlemskaber	the membership|memberships
en betaling	a payment	CS	2					n	betalingen|betalinger	the payment|payments
kontant	cash	CS	2					d
et betalingskort	a payment card	CS	2					n	betalingskortet|betalingskort	the payment card|payment cards
byttepenge	change (money)	CS	2		pl			n
at returnere	to return an item	CS	2	returnerer|returnerede|returneret		jeg returnerer|jeg returnerede|jeg har returneret	I return an item|I returned an item|I have returned an item	v
at bytte	to exchange	CS	2	bytter|byttede|byttet		jeg bytter|jeg byttede|jeg har byttet	I exchange|I exchanged|I have exchanged	v
en ekspedient	a shop assistant	CS	2					n	ekspedienten|ekspedienter	the shop assistant|shop assistants
et indkøbscenter	a shopping mall	TS	2					n	indkøbscentret|indkøbscentre	the shopping mall|shopping malls
et stormagasin	a department store	CS	3					n	stormagasinet|stormagasiner	the department store|department stores
gratis	free (no cost)	CS	1					d
en kasse	a box / checkout	CS	2					n	kassen|kasser	the box / the checkout|boxes / checkouts
et jakkesæt	a suit (clothing)	CS	2					n	jakkesættet|jakkesæt	the suit (clothing)|suits (clothing)
en uniform	a uniform	CS	2					n	uniformen|uniformer	the uniform|uniforms
en lomme	a pocket	CS	2					n	lommen|lommer	the pocket|pockets
undertøj	underwear	CS	2		et			n	undertøjet	the underwear
en dragt	a suit / costume	CS	3					n	dragten|dragter	the suit / the costume|suits / costumes
en knap	a button	CS	2					n	knappen|knapper	the button|buttons
uld	wool	CS	2		en			n	ulden	the wool
en parfume	a perfume	CS	2					n	parfumen|parfumer	the perfume|perfumes
en tegnebog	a wallet	CS	2					n	tegnebogen|tegnebøger	the wallet|wallets
makeup	makeup	CS	2		en			n	makeuppen	the makeup
en kappe	a cloak / robe	CS	3					n	kappen|kapper	the cloak / the robe|cloaks / robes
en læbestift	a lipstick	CS	2					n	læbestiften|læbestifter	the lipstick|lipsticks
luksus	luxury	CS	2		en			n	luksussen	the luxury
en pels	a fur (coat)	CS	3					n	pelsen|pelse	the fur (coat)|fur coats
en levering	a delivery	CS	2					n	leveringen|leveringer	the delivery|deliveries
shorts	shorts	CS	1		pl			n
en vinterjakke	a winter jacket	CS	2					n	vinterjakken|vinterjakker	the winter jacket|winter jackets
en vest	a vest	CS	2					n	vesten|veste	the vest|vests
en hættetrøje	a hoodie	CS	2					n	hættetrøjen|hættetrøjer	the hoodie|hoodies
en cardigan	a cardigan	CS	2					n	cardiganen|cardiganer	the cardigan|cardigans
en polo	a polo shirt	CS	2					n	poloen|poloer	the polo shirt|polo shirts
en top	a top	CS	2					n	toppen|toppe	the top|tops
en undertrøje	an undershirt	CS	3					n	undertrøjen|undertrøjer	the undershirt|undershirts
trusser	panties / briefs	CS	2		pl			n
strømpebukser	tights	CS	2		pl			n
en strømpe	a stocking / sock	CS	2					n	strømpen|strømper	the stocking / the sock|stockings / socks
leggings	leggings	CS	2		pl			n
en badedragt	a swimsuit	CS	2					n	badedragten|badedragter	the swimsuit|swimsuits
badebukser	swim trunks	CS	2		pl			n
en bikini	a bikini	CS	2					n	bikinien|bikinier	the bikini|bikinis
en morgenkåbe	a bathrobe	CS	3					n	morgenkåben|morgenkåber	the bathrobe|bathrobes
en kasket	a cap	CS	2					n	kasketten|kasketter	the cap|caps
en vante	a mitten	CS	3					n	vanten|vanter	the mitten|mittens
en handske	a glove	CS	2					n	handsken|handsker	the glove|gloves
en sko	a shoe	CS	1					n	skoen|sko	the shoe|shoes
en støvle	a boot	CS	2					n	støvlen|støvler	the boot|boots
en gummistøvle	a rubber boot	CS	2					n	gummistøvlen|gummistøvler	the rubber boot|rubber boots
en sneaker	a sneaker	CS	2					n
en hjemmesko	a slipper	CS	2					n	hjemmeskoen|hjemmesko	the slipper|slippers
en sandal	a sandal	CS	2					n	sandalen|sandaler	the sandal|sandals
en lynlås	a zipper	CS	3					n	lynlåsen|lynlåse	the zipper|zippers
et ærme	a sleeve	CS	2					n	ærmet|ærmer	the sleeve|sleeves
en krave	a collar	CS	3					n	kraven|kraver	the collar|collars
et snørebånd	a shoelace	CS	3					n	snørebåndet|snørebånd	the shoelace|shoelaces
en håndtaske	a handbag	CS	2					n	håndtasken|håndtasker	the handbag|handbags
et armbåndsur	a wristwatch	CS	3					n	armbåndsuret|armbåndsure	the wristwatch|wristwatches
solbriller	sunglasses	CS	2		pl			n
en ørering	an earring	CS	2					n	øreringen|øreringe	the earring|earrings
bomuld	cotton	CS	3		en			n	bomulden	the cotton
silke	silk	CS	2		en			n	silken	the silk
læder	leather	CS	2		et			n	læderet	the leather
denim	denim	CS	3		en			n	denimmen	the denim
polyester	polyester	CS	3		en			n	polyesteren	the polyester
et mærke	a brand / mark	CS	2					n	mærket|mærker	the brand / the mark|brands / marks
en tøjbutik	a clothing store	CS	2					n	tøjbutikken|tøjbutikker	the clothing store|clothing stores
en skobutik	a shoe store	CS	2					n	skobutikken|skobutikker	the shoe store|shoe stores
en kiosk	a kiosk / convenience store	TS	2					n	kiosken|kiosker	the kiosk / the convenience store|kiosks / convenience stores
et loppemarked	a flea market	CS	2					n	loppemarkedet|loppemarkeder	the flea market|flea markets
en genbrugsbutik	a secondhand shop	CS	2					n	genbrugsbutikken|genbrugsbutikker	the secondhand shop|secondhand shops
en webshop	an online store	CS	2					n	webshoppen|webshopper	the online store|online stores
en indkøbskurv	a shopping basket	CS	2					n	indkøbskurven|indkøbskurve	the shopping basket|shopping baskets
en indkøbsvogn	a shopping cart	CS	2					n	indkøbsvognen|indkøbsvogne	the shopping cart|shopping carts
en selvbetjeningskasse	a self-checkout	CS	3					n	selvbetjeningskassen|selvbetjeningskasser	the self-checkout|self-checkouts
et prisskilt	a price tag	CS	3					n	prisskiltet|prisskilte	the price tag|price tags
en returret	a right of return	CS	4					n	returretten	the right of return
en bytteseddel	a gift receipt	CS	3					n	byttesedlen|byttesedler	the gift receipt|gift receipts
et gavekort	a gift card	CS	2					n	gavekortet|gavekort	the gift card|gift cards
pant	deposit (on bottles)	CS	2		et			n
åbningstider	opening hours	CS	2		pl			n
at shoppe	to shop	CS	2	shopper|shoppede|shoppet		jeg shopper|jeg shoppede|jeg har shoppet	I shop|I shopped|I have shopped	v
at prøve tøj	to try on clothes	CS	2	prøver tøj|prøvede tøj|prøvet tøj		jeg prøver tøj|jeg prøvede tøj|jeg har prøvet tøj	I try on clothes|I tried on clothes|I have tried on clothes	v
at tage af	to take off	CS	2	tager af|tog af|taget af		jeg tager af|jeg tog af|jeg har taget af	I take off|I took off|I have taken off	v
at have på	to wear	CS	1	har på|havde på|haft på		jeg har på|jeg havde på|jeg har haft på	I wear|I wore|I have worn	v
at skifte tøj	to change clothes	CS	2	skifter tøj|skiftede tøj|skiftet tøj		jeg skifter tøj|jeg skiftede tøj|jeg har skiftet tøj	I change clothes|I changed clothes|I have changed clothes	v
at knappe	to button	CS	3	knapper|knappede|knappet		jeg knapper|jeg knappede|jeg har knappet	I button|I buttoned|I have buttoned	v
at lyne op	to unzip	CS	3	lyner op|lynede op|lynet op		jeg lyner op|jeg lynede op|jeg har lynet op	I unzip|I unzipped|I have unzipped	v
at binde snørebånd	to tie shoelaces	CS	2	binder snørebånd|bandt snørebånd|bundet snørebånd		jeg binder snørebånd|jeg bandt snørebånd|jeg har bundet snørebånd	I tie shoelaces|I tied shoelaces|I have tied shoelaces	v
at klæde	to suit (look good on)	CS	3	klæder|klædte|klædt		jeg klæder|jeg klædte|jeg har klædt	I suit (look good on)|I suited (look good on)|I have suited (look good on)	v
at betale med kort	to pay by card	CS	2	betaler med kort|betalte med kort|betalt med kort		jeg betaler med kort|jeg betalte med kort|jeg har betalt med kort	I pay by card|I paid by card|I have paid by card	v
at købe ind	to buy groceries	CS	2	køber ind|købte ind|købt ind		jeg køber ind|jeg købte ind|jeg har købt ind	I buy groceries|I bought groceries|I have bought groceries	v
udsolgt	sold out	CS	2					a
på tilbud	on sale	CS	2					d
moderigtig	fashionable	CS	3					a	moderigtigere|moderigtigst	more fashionable|most fashionable
prikket	polka-dotted	CS	3					a
brugt	used / secondhand	CS	2					a
en bestilling	an order	CS	2					n	bestillingen|bestillinger	the order|orders
regntøj	rain gear	CS	2		et			n	regntøjet	the rain gear
en flyverdragt	a snowsuit	CS	3					n	flyverdragten|flyverdragter	the snowsuit|snowsuits
en halsedisse	a neck warmer	CS	4					n	halsedissen|halsedisser	the neck warmer|neck warmers
en bæltetaske	a fanny pack	CS	4					n	bæltetasken|bæltetasker	the fanny pack|fanny packs
en skuldertaske	a shoulder bag	CS	3					n	skuldertasken|skuldertasker	the shoulder bag|shoulder bags
en tøjbøjle	a clothes hanger	CS	3					n	tøjbøjlen|tøjbøjler	the clothes hanger|clothes hangers
en dagligvare	a grocery item	CS	3					n	dagligvaren|dagligvarer	the grocery item|grocery items
dagligvarer	groceries	CS	2		pl			n
frostvarer	frozen foods	CS	3		pl			n
en tilbudsavis	a flyer with offers	CS	3					n	tilbudsavisen|tilbudsaviser	the flyer with offers|flyers with offers
en pantautomat	a bottle return machine	CS	3					n	pantautomaten|pantautomater	the bottle return machine|bottle return machines
en pantbon	a deposit receipt	CS	4					n	pantbonen|pantboner	the deposit receipt|deposit receipts
et bonuskort	a loyalty card	CS	3					n	bonuskortet|bonuskort	the loyalty card|loyalty cards
en bon	a receipt	CS	2					n	bonen|boner	the receipt|receipts
en butiksansat	a store employee	CS	3					n
en varedeklaration	a product label	CS	4					n	varedeklarationen|varedeklarationer	the list of ingredients / the product label|lists of ingredients / product labels
en holdbarhedsdato	a best-before date	CS	3					n	holdbarhedsdatoen|holdbarhedsdatoer	the best-before date|best-before dates
bedst før	best before	FD	2					d
en boghandel	a bookstore	CS	2					n	boghandlen|boghandler	the bookstore|bookstores
creme	cream (lotion)	CS	2		en			n	cremen	the cream (lotion)
en diamant	a diamond	CS	3					n	diamanten|diamanter	the diamond|diamonds
en sok	a sock	CS	1					n	sokken|sokker	the sock|socks
et supermarked	a supermarket	TS	1					n	supermarkedet|supermarkeder	the supermarket|supermarkets
en ekspedition	a service / transaction	CS	4					n	ekspeditionen|ekspeditioner	the service / the transaction|services / transactions
en skranke	a counter	CS	3					n	skranken|skranker	the counter|counters
et kønummer	a queue number	CS	3					n	kønummeret|kønumre	the queue number|queue numbers
en åbningsdag	an opening day	CS	3					n	åbningsdagen|åbningsdage	the opening day|opening days
en lukkedag	a closing day	CS	3					n	lukkedagen|lukkedage	the closing day|closing days
et renseri	a dry cleaner's	TS	3					n	renseriet|renserier	the dry cleaner's|dry cleaners
en optikerforretning	an optician's shop	CS	4					n	optikerforretningen|optikerforretninger	the optician's shop|optician's shops
en blomsterhandler	a florist	CS	3					n	blomsterhandleren|blomsterhandlere	the florist|florists
en boghandler	a bookseller	CS	3					n	boghandleren|boghandlere	the bookseller|booksellers
en isenkræmmer	a hardware dealer	CS	3					n	isenkræmmeren|isenkræmmere	the hardware dealer|hardware dealers
et byggemarked	a DIY store	CS	3					n	byggemarkedet|byggemarkeder	the DIY store|DIY stores
en møbelforretning	a furniture store	CS	3					n	møbelforretningen|møbelforretninger	the furniture store|furniture stores
en elektronikbutik	an electronics store	CS	3					n	elektronikbutikken|elektronikbutikker	the electronics store|electronics stores
en legetøjsbutik	a toy store	CS	3					n	legetøjsbutikken|legetøjsbutikker	the toy store|toy stores
en sportsforretning	a sports store	CS	3					n	sportsforretningen|sportsforretninger	the sports store|sports stores
en dyrehandel	a pet shop	CS	3					n	dyrehandlen|dyrehandler	the pet shop|pet shops
en vinhandel	a wine shop	CS	3					n	vinhandlen|vinhandler	the wine shop|wine shops
en slikbutik	a candy store	CS	2					n	slikbutikken|slikbutikker	the candy store|candy stores
en fiskehandler	a fishmonger	CS	4					n	fiskehandleren|fiskehandlere	the fishmonger|fishmongers
en ostehandler	a cheesemonger	CS	4					n	ostehandleren|ostehandlere	the cheesemonger|cheesemongers
en torvehal	a market hall	CS	4					n	torvehallen|torvehaller	the market hall|market halls
en markedsbod	a market stall	CS	4					n	markedsboden|markedsboder	the market stall|market stalls
en stand	a stand / booth	CS	3					n	standen|stande	the stand / the booth|stands / booths
en købmand	a grocer / shopkeeper	CS	2					n	købmanden|købmænd	the grocer / the shopkeeper|grocers / shopkeepers
en sælgerske	a saleswoman	CS	4					n
en butiksindehaver	a shop owner	CS	4					n	butiksindehaveren|butiksindehavere	the shop owner|shop owners
et vareudvalg	a range of goods	CS	4					n	vareudvalget|vareudvalg	the range of goods|ranges of goods
et sortiment	an assortment	CS	4					n	sortimentet|sortimenter	the assortment|assortments
en vare	an item / product	CS	2					n	varen|varer	the item / the product|items / products
en prisforskel	a price difference	CS	4					n	prisforskellen|prisforskelle	the price difference|price differences
et prisfald	a price drop	CS	4					n	prisfaldet|prisfald	the price drop|price drops
en prisstigning	a price increase	CS	3					n	prisstigningen|prisstigninger	the price increase|price increases
en betalingsmetode	a payment method	CS	3					n	betalingsmetoden|betalingsmetoder	the payment method|payment methods
MobilePay	MobilePay (Danish mobile payment app)	MB	2		en			n
en kontaktløs betaling	a contactless payment	CS	3					n
en pinkode	a PIN code	CS	2					n	pinkoden|pinkoder	the PIN code|PIN codes
en afbetaling	an installment plan	CS	3					n	afbetalingen|afbetalinger	the installment plan|installment plans
fragt	shipping / freight	CS	3		en			n	fragten	the shipping / the freight
en leveringstid	a delivery time	CS	3					n	leveringstiden|leveringstider	the delivery time|delivery times
en pakkeshop	a parcel shop	CS	3					n	pakkeshoppen|pakkeshops	the parcel shop|parcel shops
en pakkeboks	a parcel locker	CS	4					n	pakkeboksen|pakkebokse	the parcel locker|parcel lockers
en afhentning	a pickup / collection	CS	3					n	afhentningen|afhentninger	the pickup / the collection|pickups / collections
en reklamation	a complaint (faulty item)	CS	3					n	reklamationen|reklamationer	the complaint (faulty item)|complaints (faulty item)
en indkøbstur	a shopping trip	CS	2					n	indkøbsturen|indkøbsture	the shopping trip|shopping trips
et storindkøb	a big grocery shop	CS	4					n	storindkøbet|storindkøb	the big grocery shop|big grocery shops
et tilbudskatalog	a sale catalog	CS	4					n	tilbudskataloget|tilbudskataloger	the sale catalog|sale catalogs
et julesalg	a Christmas sale	CS	4					n	julesalget|julesalg	the Christmas sale|Christmas sales
en vareprøve	a product sample	CS	4					n	vareprøven|vareprøver	the product sample|product samples
gavepapir	wrapping paper	CS	2		et			n	gavepapiret	the wrapping paper
en gaveindpakning	a gift wrapping	CS	4					n	gaveindpakningen|gaveindpakninger	the gift wrapping|gift wrappings
en indkøbspose	a shopping bag	CS	2					n	indkøbsposen|indkøbsposer	the shopping bag|shopping bags
en frisørsalon	a hair salon	TS	2					n	frisørsalonen|frisørsaloner	the hair salon|hair salons
en klipning	a haircut	CS	3					n	klipningen|klipninger	the haircut|haircuts
en neglesalon	a nail salon	TS	4					n	neglesalonen|neglesaloner	the nail salon|nail salons
en skønhedssalon	a beauty salon	TS	3					n	skønhedssalonen|skønhedssaloner	the beauty salon|beauty salons
et solcenter	a tanning salon	TS	4					n	solcentret|solcentre	the tanning salon|tanning salons
et katalog	a catalog	CS	2					n	kataloget|kataloger	the catalog|catalogs
et modeshow	a fashion show	CS	3					n	modeshowet|modeshows	the fashion show|fashion shows
en cykelhandler	a bike dealer	CS	4					n	cykelhandleren|cykelhandlere	the bike shop|bike shops
en kassebon	a till receipt	CS	3					n	kassebonen|kasseboner	the till receipt|till receipts
en pengepung	a purse	CS	2					n	pengepungen|pengepunge	the purse|purses
et vaskemærke	a care label	CS	4					n	vaskemærket|vaskemærker	the care label|care labels
en tøjstørrelse	a clothing size	CS	3					n	tøjstørrelsen|tøjstørrelser	the clothing size|clothing sizes
en skostørrelse	a shoe size	CS	3					n	skostørrelsen|skostørrelser	the shoe size|shoe sizes
en vinterstøvle	a winter boot	CS	2					n	vinterstøvlen|vinterstøvler	the winter boot|winter boots
en sommerkjole	a summer dress	CS	2					n	sommerkjolen|sommerkjoler	the summer dress|summer dresses
en solhat	a sun hat	CS	2					n	solhatten|solhatte	the sun hat|sun hats
en strikhue	a knitted hat	CS	3					n	strikhuen|strikhuer	the knitted hat|knitted hats
en uldsweater	a wool sweater	CS	3					n	uldsweateren|uldsweatere	the wool sweater|wool sweaters
en butterfly	a bow tie	CS	3					n	butterflyen|butterflyer	the bow tie|bow ties
en manchetknap	a cufflink	CS	4					n	manchetknappen|manchetknapper	the cufflink|cufflinks
en hårelastik	a hair tie	CS	3					n	hårelastikken|hårelastikker	the hair tie|hair ties
et hårspænde	a hair clip	CS	3					n	hårspændet|hårspænder	the hair clip|hair clips
neglelak	nail polish	CS	3		en			n	neglelakken	the nail polish
en mascara	a mascara	CS	3					n	mascaraen|mascaraer	the mascara|mascaras
en ansigtscreme	a face cream	CS	3					n	ansigtscremen|ansigtscremer	the face cream|face creams
en bodylotion	a body lotion	CS	3					n	bodylotionen|bodylotioner	the body lotion|body lotions
en smartphone	a smartphone	TM	2					n
en tablet	a tablet	TM	2					n	tabletten|tabletter	the tablet|tablets
en skærm	a screen	TM	2					n	skærmen|skærme	the screen|screens
et tastatur	a keyboard	TM	3					n	tastaturet|tastaturer	the keyboard|keyboards
en computermus	a computer mouse	TM	2					n	computermusen|computermus	the computer mouse|computer mice
en hjemmeside	a website	TM	2					n	hjemmesiden|hjemmesider	the website|websites
en app	an app	TM	1					n	appen|apper	the app|apps
et program	a program	TM	2					n	programmet|programmer	the program|programs
software	software	TM	2		en			n	softwaren	the software
en fil	a file	TM	2					n	filen|filer	the file|files
en mappe	a folder	TM	2					n	mappen|mapper	the folder|folders
et download	a download	TM	3					n	downloadet|downloads	the download|downloads
et upload	an upload	TM	3					n	uploadet|uploads	the upload|uploads
et kodeord	a password	TM	2					n	kodeordet|kodeord	the password|passwords
en bruger	a user	TM	2					n	brugeren|brugere	the user|users
en konto	an account	TM	2					n	kontoen|konti	the account|accounts
en profil	a profile	TM	2					n	profilen|profiler	the profile|profiles
en besked	a message	TM	1					n	beskeden|beskeder	the message|messages
en sms	a text message	TM	1					n
en e-mail	an email	TM	1					n	e-mailen|e-mails	the email|emails
et opkald	a phone call	TM	2					n	opkaldet|opkald	the phone call|phone calls
et kamera	a camera	TM	2					n	kameraet|kameraer	the camera|cameras
et billede	a picture	TM	1					n	billedet|billeder	the picture|pictures
en video	a video	TM	2					n	videoen|videoer	the video|videos
en playliste	a playlist	TM	2					n	playlisten|playlister	the playlist|playlists
streaming	streaming	TM	2		en			n	streamingen	the streaming
en podcast	a podcast	TM	2					n	podcasten|podcasts	the podcast|podcasts
nyheder	news	TM	2		pl			n
en blog	a blog	TM	2					n	bloggen|blogs	the blog|blogs
sociale medier	social media	TM	2		pl			n
et opslag	a post	TM	2					n	opslaget|opslag	the post|posts
en kommentar	a comment	TM	2					n	kommentaren|kommentarer	the comment|comments
et like	a like	TM	2					n
en følger	a follower	TM	2					n	følgeren|følgere	the follower|followers
et hashtag	a hashtag	TM	2					n	hashtagget|hashtags	the hashtag|hashtags
en reklame	an advertisement	TM	2					n	reklamen|reklamer	the advertisement|advertisements
en opdatering	an update	TM	2					n	opdateringen|opdateringer	the update|updates
en version	a version	TM	2					n	versionen|versioner	the version|versions
en fejl	an error / bug	TM	2					n	fejlen|fejl	the error / the bug|errors / bugs
en virus	a virus	TM	2					n	virussen|vira	the virus|viruses
sikkerhed	security	SP	2		en			n	sikkerheden	the security
en backup	a backup	TM	3					n	backuppen|backupper	the backup|backups
en server	a server	TM	3					n	serveren|servere	the server|servers
et netværk	a network	TM	2					n	netværket|netværk	the network|networks
en router	a router	TM	2					n	routeren|routere	the router|routers
et batteri	a battery	TM	2					n	batteriet|batterier	the battery|batteries
opladning	charging	TM	3		en			n	opladningen	the charging
et skærmbillede	a screenshot	TM	3					n	skærmbilledet|skærmbilleder	the screenshot|screenshots
hardware	hardware	TM	3		en			n	hardwaren	the hardware
en robot	a robot	TM	3					n	robotten|robotter	the robot|robots
kunstig intelligens	artificial intelligence	TM	2		en			n
en artikel	an article	TM	2					n	artiklen|artikler	the article|articles
en overskrift	a headline	TM	2					n	overskriften|overskrifter	the headline|headlines
en udsendelse	a broadcast	TM	3					n	udsendelsen|udsendelser	the broadcast|broadcasts
en kanal	a channel	TM	2					n	kanalen|kanaler	the channel|channels
en serie	a series	TM	2					n	serien|serier	the series|series
et afsnit	an episode	TM	3					n	afsnittet|afsnit	the episode|episodes
en instruktør	a director	TM	3					n	instruktøren|instruktører	the director|directors
en rolle	a role	TM	2					n	rollen|roller	the role|roles
en anmeldelse	a review	TM	3					n	anmeldelsen|anmeldelser	the review|reviews
en genre	a genre	TM	3					n	genren|genrer	the genre|genres
et soundtrack	a soundtrack	TM	4					n	soundtracket|soundtracks	the soundtrack|soundtracks
en sang	a song	TM	2					n	sangen|sange	the song|songs
en tekst	a text	SL	2					n	teksten|tekster	the text|texts
et interview	an interview	SL	3					n	interviewet|interviews	the interview|interviews
en dokumentar	a documentary	TM	2					n	dokumentaren|dokumentarer	the documentary|documentaries
en streamingtjeneste	a streaming service	TM	3					n	streamingtjenesten|streamingtjenester	the streaming service|streaming services
en nyhed	a piece of news	TM	2					n	nyheden|nyheder	the piece of news|pieces of news
en udgivelse	a release	TM	3					n	udgivelsen|udgivelser	the release|releases
en adgangskode	a password	TM	2					n	adgangskoden|adgangskoder	the password|passwords
en indstilling	a setting	TM	3					n	indstillingen|indstillinger	the setting|settings
et link	a link	TM	2					n	linket|links	the link|links
en browser	a browser	TM	2					n	browseren|browsere	the browser|browsers
et nedbrud	a crash	TM	4					n	nedbruddet|nedbrud	the crash|crashes
en genstart	a restart	TM	3					n	genstarten|genstarter	the restart|restarts
en installation	an installation	TM	3					n	installationen|installationer	the installation|installations
en synkronisering	a sync	TM	4					n	synkroniseringen|synkroniseringer	the sync|syncs
en enhed	a device	TM	3					n	enheden|enheder	the device|devices
en forbindelse	a connection	TM	2					n	forbindelsen|forbindelser	the connection|connections
en firewall	a firewall	TM	4					n	firewallen|firewalls	the firewall|firewalls
en sikkerhedskopi	a backup	TM	4					n	sikkerhedskopien|sikkerhedskopier	the backup|backups
et signal	a signal	TM	3					n	signalet|signaler	the signal|signals
en presse	a press	TM	3					n	pressen|presser	the press|presses
en kopi	a copy	TM	2					n	kopien|kopier	the copy|copies
en kode	a code	TM	2					n	koden|koder	the code|codes
et foto	a photo	TM	2					n	fotoet|fotoer	the photo|photos
en mobiltelefon	a mobile phone	TM	2					n	mobiltelefonen|mobiltelefoner	the mobile phone|mobile phones
kommunikation	communication	TM	3		en			n	kommunikationen	the communication
en optagelse	a recording	TM	3					n	optagelsen|optagelser	the recording|recordings
en forside	a front page / front	TM	3					n	forsiden|forsider	the front page / the front|front pages / fronts
en udgave	an edition / version	TM	3					n	udgaven|udgaver	the edition / the version|editions / versions
en opringning	a phone call	TM	3					n	opringningen|opringninger	the phone call|phone calls
en episode	an episode	TM	3					n	episoden|episoder	the episode|episodes
et klip	a cut / clip	TM	3					n	klippet|klip	the cut / the clip|cuts / clips
elektrisk	electric		2					a
en satellit	a satellite	TM	3					n	satellitten|satellitter	the satellite|satellites
et rumskib	a spaceship	TM	3					n	rumskibet|rumskibe	the spaceship|spaceships
en laser	a laser	TM	3					n	laseren|lasere	the laser|lasers
automatisk	automatic		2					a
en skandale	a scandal	SP	3					n	skandalen|skandaler	the scandal|scandals
en database	a database	TM	3					n	databasen|databaser	the database|databases
en redaktør	an editor	TM	3					n	redaktøren|redaktører	the editor|editors
en frekvens	a frequency	TM	4					n	frekvensen|frekvenser	the frequency|frequencies
en radar	a radar	TM	4					n	radaren|radarer	the radar|radars
en producer	a producer	TM	4					n	produceren|producere	the producer|producers
opdateret	updated	TM	2					a
en bærbar computer	a laptop	TM	2					n
et headset	a headset	TM	3					n	headsetet	the headset
høretelefoner	headphones	TM	2		pl			n	høretelefonerne|høretelefoner	the headphones|headphones
en harddisk	a hard drive	TM	3					n	harddisken|harddiske	the hard drive|hard drives
en USB-nøgle	a USB stick	TM	3					n	USB-nøglen|USB-nøgler	the USB stick|USB sticks
et brugernavn	a username	TM	2					n	brugernavnet|brugernavne	the username|usernames
en vedhæftet fil	an attachment	TM	3					n
en indbakke	an inbox	TM	2					n	indbakken|indbakker	the inbox|inboxes
en søgemaskine	a search engine	TM	3					n	søgemaskinen|søgemaskiner	the search engine|search engines
en nyhedsside	a news site	TM	3					n	nyhedssiden|nyhedssider	the news site|news sites
et magasin	a magazine	TM	2					n	magasinet|magasiner	the magazine|magazines
en algoritme	an algorithm	TM	3					n	algoritmen|algoritmer	the algorithm|algorithms
at tænde for	to turn on	TM	2	tænder for|tændte for|tændt for		jeg tænder for|jeg tændte for|jeg har tændt for	I turn on|I turned on|I have turned on	v
at slukke for	to turn off	TM	2	slukker for|slukkede for|slukket for		jeg slukker for|jeg slukkede for|jeg har slukket for	I turn off|I turned off|I have turned off	v
at genstarte	to restart	TM	3	genstarter|genstartede|genstartet		jeg genstarter|jeg genstartede|jeg har genstartet	I restart|I restarted|I have restarted	v
at logge ind	to log in	TM	2	logger ind|loggede ind|logget ind		jeg logger ind|jeg loggede ind|jeg har logget ind	I log in|I logged in|I have logged in	v
at logge ud	to log out	TM	2	logger ud|loggede ud|logget ud		jeg logger ud|jeg loggede ud|jeg har logget ud	I log out|I logged out|I have logged out	v
at downloade	to download	TM	2	downloader|downloadede|downloadet		jeg downloader|jeg downloadede|jeg har downloadet	I download|I downloaded|I have downloaded	v
at uploade	to upload	TM	3	uploader|uploadede|uploadet		jeg uploader|jeg uploadede|jeg har uploadet	I upload|I uploaded|I have uploaded	v
at installere	to install	TM	2	installerer|installerede|installeret		jeg installerer|jeg installerede|jeg har installeret	I install|I installed|I have installed	v
at opdatere	to update	TM	2	opdaterer|opdaterede|opdateret		jeg opdaterer|jeg opdaterede|jeg har opdateret	I update|I updated|I have updated	v
at slette	to delete	TM	2	sletter|slettede|slettet		jeg sletter|jeg slettede|jeg har slettet	I delete|I deleted|I have deleted	v
at klikke	to click	TM	2	klikker|klikkede|klikket		jeg klikker|jeg klikkede|jeg har klikket	I click|I clicked|I have clicked	v
at scrolle	to scroll	TM	2	scroller|scrollede|scrollet		jeg scroller|jeg scrollede|jeg har scrollet	I scroll|I scrolled|I have scrolled	v
at google	to google	TM	2	googler|googlede|googlet		jeg googler|jeg googlede|jeg har googlet	I google|I googled|I have googled	v
at sende en sms	to text	TM	2	sender en sms|sendte en sms|sendt en sms		jeg sender en sms|jeg sendte en sms|jeg har sendt en sms	I text|I texted|I have texted	v
at ringe op	to call (phone)	TM	2	ringer op|ringede op|ringet op		jeg ringer op|jeg ringede op|jeg har ringet op	I call (phone)|I called (phone)|I have called (phone)	v
at lægge på	to hang up	TM	2	lægger på|lagde på|lagt på		jeg lægger på|jeg lagde på|jeg har lagt på	I hang up|I hung up|I have hung up	v
at svare på	to answer / reply to	TM	2	svarer på|svarede på|svaret på		jeg svarer på|jeg svarede på|jeg har svaret på	I answer / reply to|I answered / replied to|I have answered / replied to	v
at poste	to post	TM	2	poster|postede|postet		jeg poster|jeg postede|jeg har postet	I post|I posted|I have posted	v
at like	to like (online)	TM	2	liker|likede|liket		jeg liker|jeg likede|jeg har liket	I like (online)|I liked (online)|I have liked (online)	v
at streame	to stream	TM	3	streamer|streamede|streamet		jeg streamer|jeg streamede|jeg har streamet	I stream|I streamed|I have streamed	v
at oplade	to charge	TM	2	oplader|opladede|opladet		jeg oplader|jeg opladede|jeg har opladet	I charge|I charged|I have charged	v
at scanne	to scan	TM	2	scanner|scannede|scannet		jeg scanner|jeg scannede|jeg har scannet	I scan|I scanned|I have scanned	v
at programmere	to program	TM	3	programmerer|programmerede|programmeret		jeg programmerer|jeg programmerede|jeg har programmeret	I program|I programmed|I have programmed	v
at taste	to type / enter	TM	3	taster|tastede|tastet		jeg taster|jeg tastede|jeg har tastet	I type / enter|I typed / entered|I have typed / entered	v
online	online	TM	2					d
offline	offline	TM	2					d
digital	digital	TM	2					a
trådløs	wireless	TM	3					a	mere trådløs|mest trådløs	more wireless|most wireless
en nyhedsudsendelse	a news broadcast	TM	3					n	nyhedsudsendelsen|nyhedsudsendelser	the news broadcast|news broadcasts
en debattør	a debater	TM	4					n	debattøren|debattører	the debater|debaters
en kronik	an op-ed (feature article)	TM	4					n	kronikken|kronikker	the op-ed (feature article)|op-eds (feature article)
misinformation	misinformation	TM	3		en			n	misinformationen	the misinformation
en sending	a shipment / broadcast	TM	4					n	sendingen|sendinger	the shipment / the broadcast|shipments / broadcasts
indhold	content	TM	3		et			n	indholdet	the content
et indlæg	a post / contribution	TM	3					n	indlægget|indlæg	the post / the contribution|posts / contributions
et slagord	a slogan	TM	4					n	slagordet|slagord	the slogan|slogans
en internetforbindelse	an internet connection	TM	3					n	internetforbindelsen|internetforbindelser	the internet connection|internet connections
bærbar	portable / laptop	TM	2					a	mere bærbar|mest bærbar	more portable / more laptop|most portable / most laptop
en højttaler	a speaker	TM	3					n	højttaleren|højttalere	the speaker|speakers
en influencer	an influencer	TM	2					n	influenceren|influencere	the influencer|influencers
en mail	an email	TM	1					n	mailen|mails	the email|emails
et medie	a medium (media outlet)	TM	3					n
en mikrofon	a microphone	TM	2					n	mikrofonen|mikrofoner	the microphone|microphones
en mobil	a mobile phone	TM	1					n	mobilen|mobiler	the mobile phone|mobile phones
et net	a net / internet	TM	2					n	nettet|net	the net / the internet|nets / internets
et telefonnummer	a phone number	TM	1					n	telefonnummeret|telefonnumre	the phone number|phone numbers
viral	viral	TM	3					a
en anmelder	a reviewer / critic	TM	3					n	anmelderen|anmeldere	the reviewer / the critic|reviewers / critics
en annonce	an advertisement	TM	3					n	annoncen|annoncer	the advertisement|advertisements
en brochure	a brochure	TM	3					n	brochuren|brochurer	the brochure|brochures
en detektor	a detector	TM	4					n	detektoren|detektorer	the detector|detectors
elektronik	electronics	TM	3		en			n	elektronikken	the electronics
en emoji	an emoji	TM	2					n	emojien|emojier	the emoji|emojis
en føljeton	a serial (story)	TM	4					n	føljetonen|føljetoner	the serial (story)|serials (story)
en karikatur	a caricature	TM	4					n	karikaturen|karikaturer	the caricature|caricatures
en kommentator	a commentator	TM	4					n	kommentatoren|kommentatorer	the commentator|commentators
en nyhedsvært	a news anchor	TM	3					n	nyhedsværten|nyhedsværter	the news anchor|news anchors
et nyhedsbrev	a newsletter	TM	3					n	nyhedsbrevet|nyhedsbreve	the newsletter|newsletters
en platform	a platform	TM	3					n	platformen|platforme	the platform|platforms
en publikation	a publication	TM	4					n	publikationen|publikationer	the publication|publications
en radioavis	a radio news broadcast	TM	4					n	radioavisen|radioaviser	the radio news broadcast|radio news broadcasts
en redaktion	an editorial office	TM	4					n	redaktionen|redaktioner	the editorial office|editorial offices
en seer	a viewer	TM	3					n	seeren|seere	the viewer|viewers
en skribent	a writer	TM	4					n	skribenten|skribenter	the writer|writers
et talkshow	a talk show	TM	3					n	talkshowet|talkshows	the talk show|talk shows
en tv-serie	a TV series	TM	2					n	tv-serien|tv-serier	the TV series|TV series
en tv-kanal	a TV channel	TM	2					n	tv-kanalen|tv-kanaler	the TV channel|TV channels
en ugeavis	a weekly local paper	TM	4					n	ugeavisen|ugeaviser	the weekly local paper|weekly local papers
en undertekst	a subtitle	TM	2					n	underteksten|undertekster	the subtitle|subtitles
en vejviser	a directory / signpost	TM	4					n	vejviseren|vejvisere	the directory / the signpost|directories / signposts
et videoopkald	a video call	TM	2					n	videoopkaldet|videoopkald	the video call|video calls
en webside	a web page	TM	3					n	websiden|websider	the web page|web pages
et forlag	a publisher	TM	3					n	forlaget|forlag	the publisher|publishers
et tv-program	a TV program	TM	2					n	tv-programmet|tv-programmer	the TV program|TV programs
et underholdningsprogram	an entertainment show	TM	3					n	underholdningsprogrammet|underholdningsprogrammer	the entertainment show|entertainment shows
en brevkasse	an advice column / mailbox	TM	4					n	brevkassen|brevkasser	the advice column / the mailbox|advice columns / mailboxes
en gratisavis	a free newspaper	TM	3					n	gratisavisen|gratisaviser	the free newspaper|free newspapers
en lokalavis	a local newspaper	TM	3					n	lokalavisen|lokalaviser	the local newspaper|local newspapers
et nyhedsprogram	a news program	TM	3					n	nyhedsprogrammet|nyhedsprogrammer	the news program|news programs
en hensigt	an intention	IO	3					n	hensigten|hensigter	the intention|intentions
en antagelse	an assumption	IO	4					n	antagelsen|antagelser	the assumption|assumptions
en betragtning	a consideration	IO	3					n	betragtningen|betragtninger	the consideration|considerations
en mening	an opinion	IO	2					n	meningen|meninger	the opinion|opinions
en holdning	an attitude	IO	3					n	holdningen|holdninger	the attitude|attitudes
et synspunkt	a viewpoint	IO	3					n	synspunktet|synspunkter	the viewpoint|viewpoints
en påstand	a claim	IO	3					n	påstanden|påstande	the claim|claims
et argument	an argument	IO	4					n	argumentet|argumenter	the argument|arguments
en årsag	a reason	IO	2					n	årsagen|årsager	the reason|reasons
en konsekvens	a consequence	IO	3					n	konsekvensen|konsekvenser	the consequence|consequences
et resultat	a result	IO	2					n	resultatet|resultater	the result|results
en mulighed	a possibility	IO	2					n	muligheden|muligheder	the possibility|possibilities
en fordel	an advantage	IO	2					n	fordelen|fordele	the advantage|advantages
en ulempe	a disadvantage	IO	3					n	ulempen|ulemper	the disadvantage|disadvantages
en udfordring	a challenge	IO	3					n	udfordringen|udfordringer	the challenge|challenges
en forskel	a difference	IO	2					n	forskellen|forskelle	the difference|differences
en lighed	a similarity	IO	3					n	ligheden|ligheder	the similarity|similarities
et forhold	a relationship	IO	2					n	forholdet|forhold	the relationship|relationships
en sammenhæng	a connection	IO	3					n	sammenhængen|sammenhænge	the connection|connections
en betydning	a meaning	IO	2					n	betydningen|betydninger	the meaning|meanings
en tendens	a trend	IO	3					n	tendensen|tendenser	the trend|trends
en udvikling	a development	IO	2					n	udviklingen|udviklinger	the development|developments
en forandring	a change	IO	2					n	forandringen|forandringer	the change|changes
en forbedring	an improvement	IO	3					n	forbedringen|forbedringer	the improvement|improvements
en forværring	a worsening	IO	4					n	forværringen|forværringer	the worsening|worsenings
et formål	a purpose	IO	3					n	formålet|formål	the purpose|purposes
en beslutning	a decision	IO	2					n	beslutningen|beslutninger	the decision|decisions
et valg	a choice	IO	2					n	valget|valg	the choice|choices
en handling	an action	IO	3					n	handlingen|handlinger	the action|actions
en indsats	an effort	IO	2					n	indsatsen|indsatser	the effort|efforts
fremgang	progress	IO	3		en			n	fremgangen	the progress
et fremskridt	an advance	IO	3					n	fremskridtet|fremskridt	the advance|advances
en oplevelse	an experience	IO	2					n	oplevelsen|oplevelser	the experience|experiences
et indtryk	an impression	IO	3					n	indtrykket|indtryk	the impression|impressions
en vurdering	an assessment	IO	3					n	vurderingen|vurderinger	the assessment|assessments
en forventning	an expectation	IO	3					n	forventningen|forventninger	the expectation|expectations
en skuffelse	a disappointment	IO	3					n	skuffelsen|skuffelser	the disappointment|disappointments
en bekymring	a worry	IO	3					n	bekymringen|bekymringer	the worry|worries
en tvivl	a doubt	IO	2					n	tvivlen|tvivl	the doubt|doubts
en overbevisning	a conviction	IO	4					n	overbevisningen|overbevisninger	the conviction|convictions
en værdi	a value	IO	3					n	værdien|værdier	the value|values
et princip	a principle	IO	3					n	princippet|principper	the principle|principles
en teori	a theory	SL	2					n	teorien|teorier	the theory|theories
et begreb	a concept	IO	3					n	begrebet|begreber	the concept|concepts
en påvirkning	an influence	IO	4					n	påvirkningen|påvirkninger	the influence|influences
en risiko	a risk	IO	2					n	risikoen|risici	the risk|risks
en fordom	a prejudice	IO	3					n	fordommen|fordomme	the prejudice|prejudices
en hindring	an obstacle	IO	4					n	hindringen|hindringer	the obstacle|obstacles
en forhindring	a hurdle	IO	3					n	forhindringen|forhindringer	the hurdle|hurdles
en begrænsning	a limitation	IO	3					n	begrænsningen|begrænsninger	the limitation|limitations
en mangel	a shortage	IO	3					n	manglen|mangler	the shortage|shortages
et underskud	a deficit	IO	3					n	underskuddet|underskud	the deficit|deficits
et overskud	a surplus	IO	3					n	overskuddet|overskud	the surplus|surpluses
en nødsituation	an emergency	IO	3					n	nødsituationen|nødsituationer	the emergency|emergencies
en fejltagelse	a mistake	IO	3					n	fejltagelsen|fejltagelser	the mistake|mistakes
en uenighed	a disagreement	IO	3					n	uenigheden|uenigheder	the disagreement|disagreements
en modsætning	an opposite / a contrast	IO	3					n	modsætningen|modsætninger	the contradiction|contradictions
et kompromis	a compromise	IO	3					n	kompromiset|kompromisser	the compromise|compromises
et alternativ	an alternative	IO	3					n	alternativet|alternativer	the alternative|alternatives
en udvej	a way out	IO	3					n	udvejen|udveje	the way out|way outs
en genvej	a shortcut	IO	3					n	genvejen|genveje	the shortcut|shortcuts
en omvej	a detour	IO	3					n	omvejen|omveje	the detour|detours
en beslutningstager	a decision-maker	IO	4					n	beslutningstageren|beslutningstagere	the decision-maker|decision-makers
en igangsætter	an initiator	IO	4					n	igangsætteren|igangsættere	the initiator|initiators
en efterfølger	a successor	IO	4					n	efterfølgeren|efterfølgere	the successor|successors
en forgænger	a predecessor	IO	4					n	forgængeren|forgængere	the predecessor|predecessors
en fortolkning	an interpretation	IO	3					n	fortolkningen|fortolkninger	the interpretation|interpretations
en implikation	an implication	IO	4					n	implikationen|implikationer	the implication|implications
en fortaler	an advocate	IO	4					n	fortaleren|fortalere	the advocate|advocates
en formidler	a communicator / intermediary	IO	4					n	formidleren|formidlere	the communicator / the intermediary|communicators / intermediaries
en iagttager	an observer	IO	4					n	iagttageren|iagttagere	the observer|observers
en deltagerliste	a list of participants	IO	4					n	deltagerlisten|deltagerlister	the list of participants|lists of participants
en prioritet	a priority	IO	3					n	prioriteten|prioriteter	the priority|priorities
en dagsorden	an agenda	IO	3					n	dagsordenen|dagsordener	the agenda|agendas
et referat	a summary/minutes	IO	3					n	referatet|referater	the summary/minutes|summaries/minutes
en beslutningsproces	a decision-making process	IO	4					n	beslutningsprocessen|beslutningsprocesser	the decision-making process|decision-making processes
en høring	a hearing	SP	4					n	høringen|høringer	the hearing|hearings
en afklaring	a clarification	IO	3					n	afklaringen|afklaringer	the clarification|clarifications
en uklarhed	an ambiguity	IO	4					n	uklarheden|uklarheder	the ambiguity|ambiguities
en tvetydighed	an ambiguity	IO	4					n	tvetydigheden|tvetydigheder	the ambiguity|ambiguities
en nuance	a nuance	IO	4					n	nuancen|nuancer	the nuance|nuances
en detalje	a detail	IO	2					n	detaljen|detaljer	the detail|details
en helhed	a whole	IO	4					n	helheden|helheder	the whole|wholes
en delmængde	a subset	IO	4					n	delmængden|delmængder	the subset|subsets
en kategori	a category	IO	3					n	kategorien|kategorier	the category|categories
en klassificering	a classification	IO	4					n	klassificeringen|klassificeringer	the classification|classifications
en rangorden	a ranking	IO	4					n	rangordenen|rangordener	the ranking|rankings
en prioritering	a prioritization	IO	4					n	prioriteringen|prioriteringer	the prioritization|prioritizations
en tilpasning	an adaptation	IO	4					n	tilpasningen|tilpasninger	the adaptation|adaptations
en tilvænning	an adjustment	IO	4					n	tilvænningen|tilvænninger	the adjustment|adjustments
en overgang	a transition	IO	3					n	overgangen|overgange	the transition|transitions
en milepæl	a milestone	IO	3					n	milepælen|milepæle	the milestone|milestones
en fase	a phase	IO	3					n	fasen|faser	the phase|phases
et stadie	a stage	IO	4					n
et niveau	a level	IO	2					n	niveauet|niveauer	the level|levels
en skala	a scale	IO	3					n	skalaen|skalaer	the scale|scales
en tærskel	a threshold	IO	4					n	tærsklen|tærskler	the threshold|thresholds
en grænseværdi	a limit value	IO	4					n	grænseværdien|grænseværdier	the limit value|limit values
en variation	a variation	IO	4					n	variationen|variationer	the variation|variations
en afvigelse	a deviation	IO	4					n	afvigelsen|afvigelser	the deviation|deviations
en uregelmæssighed	an irregularity	IO	4					n	uregelmæssigheden|uregelmæssigheder	the irregularity|irregularities
sammenhængskraft	social cohesion	IO	4		en			n	sammenhængskraften	the social cohesion
en balance	a balance	IO	3					n	balancen|balancer	the balance|balances
en ubalance	an imbalance	IO	3					n	ubalancen|ubalancer	the imbalance|imbalances
en ligevægt	an equilibrium	IO	4					n	ligevægten|ligevægte	the equilibrium|equilibriums
en harmoni	a harmony	IO	3					n	harmonien|harmonier	the harmony|harmonies
en disharmoni	a discord	IO	4					n	disharmonien|disharmonier	the discord|discords
en modvilje	a reluctance	IO	4					n	modviljen	the reluctance
villighed	willingness	IO	4		en			n	villigheden	the willingness
beredvillighed	readiness / willingness	IO	4		en			n	beredvilligheden	the readiness / the willingness
en tøven	a hesitation	IO	4					n
beslutsomhed	determination	IO	4		en			n	beslutsomheden	the determination
vedholdenhed	persistence	IO	4		en			n	vedholdenheden	the persistence
en opgivelse	a giving up	IO	4					n	opgivelsen|opgivelser	the giving up|instances of giving up
en genopretning	a recovery	IO	4					n	genopretningen|genopretninger	the recovery|recoveries
en tilbagevenden	a return	IO	4					n
en tilbagegang	a decline	IO	4					n	tilbagegangen|tilbagegange	the decline|declines
en stagnation	a stagnation	IO	4					n	stagnationen|stagnationer	the stagnation|stagnations
en sandhed	a truth	IO	2					n	sandheden|sandheder	the truth|truths
fred	peace	IO	2		en			n	freden	the peace
held	luck	IO	2		et			n	heldet	the luck
ære	honor	IO	3		en			n	æren	the honor
en sjæl	a soul	IO	3					n	sjælen|sjæle	the soul|souls
en vilje	a will	IO	2					n	viljen|viljer	the will|wills
et ansvar	a responsibility	IO	2					n	ansvaret|ansvar	the responsibility|responsibilities
en hemmelighed	a secret	IO	2					n	hemmeligheden|hemmeligheder	the secret|secrets
en skæbne	a fate / destiny	IO	3					n	skæbnen|skæbner	the fate / the destiny|fates / destinies
hævn	revenge	IO	3		en			n	hævnen	the revenge
opmærksomhed	attention	IO	2		en			n	opmærksomheden	the attention
nåde	mercy / grace	IO	3		en			n	nåden	the mercy / the grace
en succes	a success	IO	2					n	succesen|succeser	the success|successes
en virkelighed	a reality	IO	2					n	virkeligheden|virkeligheder	the reality|realities
et sind	a mind	IO	2					n	sindet|sind	the mind|minds
en anelse	a hint / slight idea	IO	3					n	anelsen|anelser	the hint / the slight idea|hints / slight ideas
et forslag	a suggestion / proposal	IO	2					n	forslaget|forslag	the suggestion / the proposal|suggestions / proposals
et behov	a need	IO	2					n	behovet|behov	the need|needs
en pointe	a point (of an argument)	IO	2					n	pointen|pointer	the point (of an argument)|points (of an argument)
et hensyn	a consideration	IO	3					n	hensynet|hensyn	the consideration|considerations
en fantasi	an imagination / fantasy	IO	2					n	fantasien|fantasier	the imagination / the fantasy|imaginations / fantasies
en skønhed	a beauty	IO	2					n	skønheden|skønheder	the beauty|beauties
en samvittighed	a conscience	IO	3					n	samvittigheden|samvittigheder	the conscience|consciences
alvor	seriousness ("i alvor" = seriously)	IO	2		en			n	alvoren	the seriousness ("i alvor" = seriously)
en omstændighed	a circumstance	IO	3					n	omstændigheden|omstændigheder	the circumstance|circumstances
en reaktion	a reaction	IO	3					n	reaktionen|reaktioner	the reaction|reactions
kaos	chaos	IO	3		et			n	kaosset	the chaos
fornuft	reason / common sense	IO	3		en			n	fornuften	the reason / the common sense
ondskab	evil / malice	IO	3		en			n	ondskaben	the evil / the malice
en mistanke	a suspicion	IO	3					n	mistanken|mistanker	the suspicion|suspicions
et faktum	a fact	IO	3					n	faktummet|fakta	the fact|facts
en indflydelse	an influence	IO	3					n	indflydelsen|indflydelser	the influence|influences
nytte	use / benefit	IO	3		en			n	nytten	the use / the benefit
privatliv	privacy	IO	3		et			n	privatlivet	the privacy
et motiv	a motive / subject	IO	3					n	motivet|motiver	the motive / the subject|motives / subjects
et ry	a reputation	IO	3					n	ryet	the reputation
et fokus	a focus	IO	2					n	fokusset	the focus
en forstand	a mind / sense	IO	3					n	forstanden	the mind / the sense
en fiasko	a failure / fiasco	IO	3					n	fiaskoen|fiaskoer	the failure / the fiasco|failures / fiascos
bevidsthed	consciousness	IO	3		en			n	bevidstheden	the consciousness
en tragedie	a tragedy	IO	3					n	tragedien|tragedier	the tragedy|tragedies
en vane	a habit	IO	2					n	vanen|vaner	the habit|habits
et budskab	a message	IO	3					n	budskabet|budskaber	the message|messages
en byrde	a burden	IO	3					n	byrden|byrder	the burden|burdens
tilstedeværelse	presence	IO	4		en			n	tilstedeværelsen	the presence
en strategi	a strategy	IO	3					n	strategien|strategier	the strategy|strategies
en undergang	a downfall / doom	IO	3					n	undergangen|undergange	the downfall / the doom|downfalls / dooms
en forståelse	an understanding	IO	3					n	forståelsen|forståelser	the understanding|understandings
intelligens	intelligence	IO	3		en			n	intelligensen	the intelligence
værdighed	dignity	IO	4		en			n	værdigheden	the dignity
overlevelse	survival	IO	3		en			n	overlevelsen	the survival
et potentiale	a potential	IO	3					n	potentialet|potentialer	the potential|potentials
en effekt	an effect	IO	3					n	effekten|effekter	the effect|effects
en eksistens	an existence	IO	3					n	eksistensen|eksistenser	the existence|existences
et instinkt	an instinct	IO	3					n	instinktet|instinkter	the instinct|instincts
en gerning	a deed	IO	3					n	gerningen|gerninger	the deed|deeds
et perspektiv	a perspective	IO	3					n	perspektivet|perspektiver	the perspective|perspectives
moralsk	moral	IO	3					a
en vision	a vision	IO	3					n	visionen|visioner	the vision|visions
en moral	a moral / morale	IO	3					n	moralen|moraler	the moral / the morale|morals / morales
et mysterium	a mystery	IO	3					n
gavn	benefit / use	IO	4		en			n
et gennembrud	a breakthrough	IO	3					n	gennembruddet|gennembrud	the breakthrough|breakthroughs
dømmekraft	judgment	IO	4		en			n	dømmekraften	the judgment
visdom	wisdom	IO	3		en			n	visdommen	the wisdom
kendskab	knowledge (of something)	IO	3		et			n	kendskabet	the knowledge (of something)
ødelæggelse	destruction	IO	3		en			n	ødelæggelsen	the destruction
en lærestreg	a lesson (learned the hard way)	IO	3					n	lærestregen|lærestreger	the lesson (learned the hard way)|lessons (learned the hard way)
en opfattelse	a perception / view	IO	3					n	opfattelsen|opfattelser	the perception / the view|perceptions / views
isolation	isolation	IO	3		en			n	isolationen	the isolation
et omdømme	a reputation	IO	3					n	omdømmet|omdømmer	the reputation|reputations
uskyld	innocence	IO	3		en			n	uskylden	the innocence
en inspiration	an inspiration	IO	3					n	inspirationen|inspirationer	the inspiration|inspirations
en taktik	a tactic	IO	3					n	taktikken|taktikker	the tactic|tactics
en vanskelighed	a difficulty	IO	3					n	vanskeligheden|vanskeligheder	the difficulty|difficulties
disciplin	discipline	IO	2		en			n	disciplinen	the discipline
en ambition	an ambition	IO	3					n	ambitionen|ambitioner	the ambition|ambitions
en virkning	an effect	IO	3					n	virkningen|virkninger	the effect|effects
fravær	absence	IO	3		et			n	fraværet	the absence
modgang	adversity	IO	4		en			n	modgangen	the adversity
en illusion	an illusion	IO	3					n	illusionen|illusioner	the illusion|illusions
et sammentræf	a coincidence	IO	3					n	sammentræffet|sammentræf	the coincidence|coincidences
indsigt	insight	IO	3		en			n	indsigten	the insight
barmhjertighed	mercy	IO	4		en			n	barmhjertigheden	the mercy
logik	logic	IO	3		en			n	logikken	the logic
kritik	criticism	IO	2		en			n	kritikken	the criticism
en anledning	an occasion	IO	3					n	anledningen|anledninger	the occasion|occasions
en definition	a definition	IO	3					n	definitionen|definitioner	the definition|definitions
en dimension	a dimension	IO	4					n	dimensionen|dimensioner	the dimension|dimensions
en faktor	a factor	IO	3					n	faktoren|faktorer	the factor|factors
en forudsætning	a precondition	IO	3					n	forudsætningen|forudsætninger	the precondition|preconditions
en fortsættelse	a continuation	IO	3					n	fortsættelsen|fortsættelser	the continuation|continuations
en funktion	a function	IO	3					n	funktionen|funktioner	the function|functions
en kontekst	a context	IO	3					n	konteksten|kontekster	the context|contexts
en kontrast	a contrast	IO	3					n	kontrasten|kontraster	the contrast|contrasts
en norm	a norm	IO	3					n	normen|normer	the norm|norms
en nødvendighed	a necessity	IO	3					n	nødvendigheden|nødvendigheder	the necessity|necessities
en oprindelse	an origin	IO	3					n	oprindelsen|oprindelser	the origin|origins
en ordning	an arrangement / scheme	IO	3					n	ordningen|ordninger	the arrangement / the scheme|arrangements / schemes
en position	a position	IO	3					n	positionen|positioner	the position|positions
en sandsynlighed	a probability	IO	3					n	sandsynligheden|sandsynligheder	the probability|probabilities
en struktur	a structure	IO	3					n	strukturen|strukturer	the structure|structures
en tanke	a thought	IO	2					n	tanken|tanker	the thought|thoughts
en tilgang	an approach	IO	3					n	tilgangen|tilgange	the approach|approaches
en usikkerhed	an uncertainty	IO	3					n	usikkerheden|usikkerheder	the uncertainty|uncertainties
en valgmulighed	an option	IO	3					n	valgmuligheden|valgmuligheder	the option|options
viden	knowledge	IO	2		en			n
vækst	growth	IO	2		en			n	væksten	the growth
et aspekt	an aspect	IO	3					n	aspektet|aspekter	the aspect|aspects
et fænomen	a phenomenon	IO	3					n	fænomenet|fænomener	the phenomenon|phenomena
et grundlag	a basis	IO	3					n	grundlaget|grundlag	the basis|bases
et initiativ	an initiative	IO	3					n	initiativet|initiativer	the initiative|initiatives
et kriterium	a criterion	IO	4					n
et overblik	an overview	IO	3					n	overblikket|overblik	the overview|overviews
et samarbejde	a cooperation	IO	2					n	samarbejdet|samarbejder	the cooperation|cooperations
et standpunkt	a point of view	IO	4					n	standpunktet|standpunkter	the point of view|points of view
et tema	a theme	IO	3					n	temaet|temaer	the theme|themes
et udgangspunkt	a starting point	IO	3					n	udgangspunktet|udgangspunkter	the starting point|starting points
et vendepunkt	a turning point	IO	3					n	vendepunktet|vendepunkter	the turning point|turning points
et vidnesbyrd	a testimony / evidence	IO	4					n	vidnesbyrdet|vidnesbyrd	the testimony / the evidence|testimonies / evidence
et ønske	a wish	IO	2					n	ønsket|ønsker	the wish|wishes
etik	ethics	IO	3		en			n	etikken	the ethics
fleksibilitet	flexibility	IO	3		en			n
hjælpsomhed	helpfulness	IO	3		en			n	hjælpsomheden	the helpfulness
kreativitet	creativity	IO	3		en			n
kundskab	knowledge	IO	3		en			n	kundskaben	the knowledge
livskvalitet	quality of life	IO	3		en			n
mangfoldighed	diversity	IO	3		en			n	mangfoldigheden	the diversity
motivation	motivation	IO	3		en			n	motivationen	the motivation
selvstændighed	independence	IO	3		en			n	selvstændigheden	the independence
sammenhold	cohesion / togetherness	IO	3		et			n	sammenholdet	the solidarity
tryghed	security / safety	IO	2		en			n	trygheden	the security / the safety
uafhængighed	independence	IO	3		en			n	uafhængigheden	the independence
uvidenhed	ignorance	IO	4		en			n	uvidenheden	the ignorance
en antydning	a hint	IO	4					n	antydningen|antydninger	the hint|hints
en begrundelse	a justification / reason	IO	3					n	begrundelsen|begrundelser	the justification / the reason|justifications / reasons
en belastning	a strain / burden	IO	4					n	belastningen|belastninger	the strain / the burden|strains / burdens
en bidragyder	a contributor	IO	4					n	bidragyderen|bidragydere	the contributor|contributors
deltagelse	participation	IO	3		en			n	deltagelsen	the participation
en drivkraft	a driving force	IO	4					n	drivkraften|drivkræfter	the driving force|driving forces
en erindring	a memory / recollection	IO	4					n	erindringen|erindringer	the memory / the recollection|memories / recollections
en erkendelse	a realization	IO	4					n	erkendelsen|erkendelser	the realization|realizations
en fordeling	a distribution	IO	3					n	fordelingen|fordelinger	the distribution|distributions
en forlængelse	an extension	IO	4					n	forlængelsen|forlængelser	the extension|extensions
en formidling	a communication / mediation	IO	4					n	formidlingen|formidlinger	the communication / the mediation|communications / mediations
en fornyelse	a renewal	IO	4					n	fornyelsen|fornyelser	the renewal|renewals
en forudsigelse	a prediction	IO	3					n	forudsigelsen|forudsigelser	the prediction|predictions
en fremstilling	a production / portrayal	IO	4					n	fremstillingen|fremstillinger	the production / the portrayal|productions / portrayals
en fremvisning	a showing / display	IO	4					n	fremvisningen|fremvisninger	the showing / the display|showings / displays
en indblanding	an interference	IO	4					n	indblandingen|indblandinger	the interference|interferences
en inddragelse	an involvement	IO	4					n	inddragelsen|inddragelser	the involvement|involvements
en markering	a marking / demonstration	IO	4					n	markeringen|markeringer	the marking / the demonstration|markings / demonstrations
en modtagelse	a reception	IO	3					n	modtagelsen|modtagelser	the reception|receptions
en omstilling	an adjustment / transition	IO	4					n	omstillingen|omstillinger	the adjustment / the transition|adjustments / transitions
opbakning	support / backing	IO	4		en			n	opbakningen	the support / the backing
en opdeling	a division	IO	4					n	opdelingen|opdelinger	the division|divisions
en opfordring	a call / request	IO	3					n	opfordringen|opfordringer	the call / the request|calls / requests
en optælling	a count	IO	4					n	optællingen|optællinger	the count|counts
en overvejelse	a consideration	IO	3					n	overvejelsen|overvejelser	the consideration|considerations
planlægning	planning	IO	2		en			n	planlægningen	the planning
en sammenligning	a comparison	IO	3					n	sammenligningen|sammenligninger	the comparison|comparisons
en støtte	a support	IO	2					n	støtten|støtter	the support|supports
en tilføjelse	an addition	IO	3					n	tilføjelsen|tilføjelser	the addition|additions
en tolkning	an interpretation	IO	4					n	tolkningen|tolkninger	the interpretation|interpretations
en udskiftning	a replacement	IO	3					n	udskiftningen|udskiftninger	the replacement|replacements
en udveksling	an exchange	IO	3					n	udvekslingen|udvekslinger	the exchange|exchanges
en afbrydelse	an interruption	IO	4					n	afbrydelsen|afbrydelser	the interruption|interruptions
et belæg	a basis / evidence	IO	4					n	belægget|belæg	the basis / the evidence|bases / evidence
et bytte	an exchange / prey	IO	3					n	byttet|bytter	the exchange / the prey|exchanges / prey
et kendetegn	a characteristic	IO	4					n	kendetegnet|kendetegn	the characteristic|characteristics
et påfund	an idea / invention	IO	4					n	påfundet|påfund	the idea / the invention|ideas / inventions
et sammenstød	a clash / collision	IO	4					n	sammenstødet|sammenstød	the clash / the collision|clashes / collisions
et skøn	an estimate / judgment	IO	3					n	skønnet|skøn	the estimate / the judgment|estimates / judgments
et tilbageslag	a setback	IO	3					n	tilbageslaget|tilbageslag	the setback|setbacks
et træk	a feature / move / draft	IO	3					n	trækket|træk	the feature / the move / the draft|features / moves / drafts
et udfald	an outcome	IO	4					n	udfaldet|udfald	the outcome|outcomes
et udsagn	a statement	IO	4					n	udsagnet|udsagn	the statement|statements
et eksempel	an example	IO	2					n	eksemplet|eksempler	the example|examples
et liv	a life	IO	1					n	livet|liv	the life|lives
en udvidelse	an expansion	IO	3					n	udvidelsen|udvidelser	the expansion|expansions
en opsang	a telling-off	IO	4					n	opsangen|opsange	the telling-off|telling-offs
en sidebemærkning	a side note	IO	4					n	sidebemærkningen|sidebemærkninger	the side note|side notes
en synsvinkel	a point of view / angle	IO	4					n	synsvinklen|synsvinkler	the point of view / the angle|points of view / angles
et sidespor	a digression / sidetrack	IO	4					n	sidesporet|sidespor	the digression / the sidetrack|digressions / sidetracks
en afveksling	a variety / change	IO	4					n	afvekslingen|afvekslinger	the variety / the change|varieties / changes
en bedrift	an achievement / feat	IO	4					n	bedriften|bedrifter	the achievement / the feat|achievements / feats
en begavelse	a talent	IO	4					n	begavelsen|begavelser	the talent|talents
en straf	a punishment	SP	2					n	straffen|straffe	the punishment|punishments
en forpligtelse	an obligation	SP	3					n	forpligtelsen|forpligtelser	the obligation|obligations
en institution	an institution	SP	3					n	institutionen|institutioner	the institution|institutions
en minoritet	a minority	SP	3					n	minoriteten|minoriteter	the minority|minorities
et flertal	a majority	SP	3					n	flertallet|flertal	the majority|majorities
en afstemning	a vote	SP	3					n	afstemningen|afstemninger	the vote|votes
en kultur	a culture	CH	2					n	kulturen|kulturer	the culture|cultures
en tradition	a tradition	CH	2					n	traditionen|traditioner	the tradition|traditions
en regel	a rule	SP	2					n	reglen|regler	the rule|rules
en pligt	a duty	SP	2					n	pligten|pligter	the duty|duties
en frihed	a freedom	SP	2					n	friheden|friheder	the freedom|freedoms
ligestilling	equality	SP	4		en			n	ligestillingen	the equality
en økonomi	an economy	MB	2					n	økonomien|økonomier	the economy|economies
en valgkreds	a constituency	SP	4					n	valgkredsen|valgkredse	the constituency|constituencies
en borger	a citizen	SP	3					n	borgeren|borgere	the citizen|citizens
en organisation	an organization	SP	3					n	organisationen|organisationer	the organization|organizations
en industri	an industry	MB	3					n	industrien|industrier	the industry|industries
en handel	a trade / deal	MB	2					n	handlen|handler	the trade / the deal|trades / deals
en skat	a tax	MB	2					n	skatten|skatter	the tax|taxes
en indkomst	an income	MB	4					n	indkomsten|indkomster	the income|incomes
fattigdom	poverty	SP	2		en			n	fattigdommen	the poverty
rigdom	wealth	SP	2		en			n	rigdommen	the wealth
en generation	a generation	PF	3					n	generationen|generationer	the generation|generations
en befolkning	a population	SP	3					n	befolkningen|befolkninger	the population|populations
et fællesskab	a community	SP	3					n	fællesskabet|fællesskaber	the community|communities
en integration	an integration	SP	3					n	integrationen|integrationer	the integration|integrations
en identitet	an identity	IO	3					n	identiteten|identiteter	the identity|identities
en religion	a religion	CH	3					n	religionen|religioner	the religion|religions
ytringsfrihed	freedom of speech	SP	4		en			n	ytringsfriheden	the freedom of speech
en debat	a debate	SP	3					n	debatten|debatter	the debate|debates
en konflikt	a conflict	SP	3					n	konflikten|konflikter	the conflict|conflicts
en krise	a crisis	SP	3					n	krisen|kriser	the crisis|crises
en protest	a protest	SP	3					n	protesten|protester	the protest|protests
en demonstration	a demonstration	SP	3					n	demonstrationen|demonstrationer	the demonstration|demonstrations
en rettighed	a right	SP	3					n	rettigheden|rettigheder	the right|rights
en pligtfølelse	a sense of duty	SP	4					n	pligtfølelsen	the sense of duty
en forbrydelse	a crime	SP	3					n	forbrydelsen|forbrydelser	the crime|crimes
et tyveri	a theft	SP	3					n	tyveriet|tyverier	the theft|thefts
et indbrud	a burglary	SP	3					n	indbruddet|indbrud	the burglary|burglaries
et bedrageri	a fraud	SP	3					n	bedrageriet|bedragerier	the fraud|frauds
en anklage	an accusation	SP	3					n	anklagen|anklager	the accusation|accusations
en efterforskning	an investigation	SP	3					n	efterforskningen|efterforskninger	the investigation|investigations
en anholdelse	an arrest	SP	3					n	anholdelsen|anholdelser	the arrest|arrests
en dom	a verdict	SP	3					n	dommen|domme	the verdict|verdicts
en retssag	a court case	SP	3					n	retssagen|retssager	the court case|court cases
en dommer	a judge	SP	2					n	dommeren|dommere	the judge|judges
et vidne	a witness	SP	2					n	vidnet|vidner	the witness|witnesses
et bevis	a proof	SP	2					n	beviset|beviser	the proof|proofs
et fængsel	a prison	SP	2					n	fængslet|fængsler	the prison|prisons
et offer	a victim	SP	2					n	ofret|ofre	the victim|victims
en gerningsmand	a perpetrator	SP	3					n	gerningsmanden|gerningsmænd	the perpetrator|perpetrators
en fare	a danger	SP	2					n	faren|farer	the danger|dangers
et overfald	an assault	SP	3					n	overfaldet|overfald	the assault|assaults
en trussel	a threat	SP	2					n	truslen|trusler	the threat|threats
en ulykke	an accident	SP	2					n	ulykken|ulykker	the accident|accidents
en skade	an injury / damage	BH	2					n	skaden|skader	the damage/injury|damage/injuries
en redning	a rescue	SP	3					n	redningen|redninger	the rescue|rescues
en evakuering	an evacuation	SP	4					n	evakueringen|evakueringer	the evacuation|evacuations
et brandvæsen	a fire department	SP	3					n	brandvæsenet|brandvæsner	the fire department|fire departments
et nødopkald	an emergency call	SP	3					n	nødopkaldet|nødopkald	the emergency call|emergency calls
en videnskab	a science	SL	3					n	videnskaben|videnskaber	the science|sciences
en forsker	a researcher	SL	3					n	forskeren|forskere	the researcher|researchers
et forsøg	an experiment	SL	2					n	forsøget|forsøg	the experiment|experiments
en opdagelse	a discovery	SL	3					n	opdagelsen|opdagelser	the discovery|discoveries
en opfindelse	an invention	SL	3					n	opfindelsen|opfindelser	the invention|inventions
en hypotese	a hypothesis	SL	4					n	hypotesen|hypoteser	the hypothesis|hypotheses
en metode	a method	SL	3					n	metoden|metoder	the method|methods
en analyse	an analysis	SL	3					n	analysen|analyser	the analysis|analyses
data	data	SL	2		pl			n	dataene	the data
en statistik	a statistic	SL	3					n	statistikken|statistikker	the statistic|statistics
en konklusion	a conclusion	SL	3					n	konklusionen|konklusioner	the conclusion|conclusions
en teknologi	a technology	TM	2					n	teknologien|teknologier	the technology|technologies
en innovation	an innovation	SL	3					n	innovationen|innovationer	the innovation|innovations
en opfinder	an inventor	SL	3					n	opfinderen|opfindere	the inventor|inventors
et laboratorium	a laboratory	SL	3					n
en afhandling	a thesis	SL	4					n	afhandlingen|afhandlinger	the thesis|theses
genetik	genetics	SL	4		en			n	genetikken	the genetics
et molekyle	a molecule	SL	4					n	molekylet|molekyler	the molecule|molecules
en celle	a cell	SL	3					n	cellen|celler	the cell|cells
en samtale	a conversation	IO	2					n	samtalen|samtaler	the conversation|conversations
en diskussion	a discussion	IO	2					n	diskussionen|diskussioner	the discussion|discussions
en forhandling	a negotiation	IO	3					n	forhandlingen|forhandlinger	the negotiation|negotiations
en meddelelse	an announcement	IO	3					n	meddelelsen|meddelelser	the announcement|announcements
en forespørgsel	an inquiry	IO	4					n	forespørgslen|forespørgsler	the inquiry|inquiries
en anmodning	a request	IO	3					n	anmodningen|anmodninger	the request|requests
en instruktion	an instruction	IO	3					n	instruktionen|instruktioner	the instruction|instructions
en forklaring	an explanation	IO	2					n	forklaringen|forklaringer	the explanation|explanations
en beskrivelse	a description	IO	3					n	beskrivelsen|beskrivelser	the description|descriptions
en oversættelse	a translation	SL	3					n	oversættelsen|oversættelser	the translation|translations
en dialekt	a dialect	SL	3					n	dialekten|dialekter	the dialect|dialects
en accent	an accent	SL	3					n	accenten|accenter	the accent|accents
en udtale	a pronunciation	SL	2					n	udtalen|udtaler	the pronunciation|pronunciations
en grammatik	a grammar	SL	2					n	grammatikken|grammatikker	the grammar|grammars
et ordforråd	a vocabulary	SL	3					n	ordforrådet|ordforråd	the vocabulary|vocabularies
en sætning	a sentence	SL	2					n	sætningen|sætninger	the sentence|sentences
et udtryk	an expression	SL	2					n	udtrykket|udtryk	the expression|expressions
en talemåde	a saying	SL	4					n	talemåden|talemåder	the saying|sayings
en tolk	an interpreter	SL	3					n	tolken|tolke	the interpreter|interpreters
en tavshed	a silence	IO	3					n	tavsheden	the silence
høflighed	politeness	IO	4		en			n	høfligheden	the politeness
en gud	a god	CH	2					n	guden|guder	the god|gods
politi	police	SP	1		et			n	politiet	the police
helvede	hell	CH	3		et			n	helvedet	the hell
et våben	a weapon	SP	3					n	våbnet|våben	the weapon|weapons
et lig	a corpse	SP	3					n	liget|lig	the corpse|corpses
en pistol	a pistol / gun	SP	3					n	pistolen|pistoler	the pistol / the gun|pistols / guns
magi	magic	CH	3		en			n	magien	the magic
et kors	a cross	CH	3					n	korset|kors	the cross|crosses
en majestæt	a majesty	CH	4					n	majestæten|majestæter	the majesty|majesties
en engel	an angel	CH	3					n	englen|engle	the angel|angels
et monster	a monster	CH	3					n	monstret|monstre	the monster|monsters
en ånd	a spirit / ghost	CH	3					n	ånden|ånder	the spirit / the ghost|spirits / ghosts
en grav	a grave	CH	3					n	graven|grave	the grave|graves
et mirakel	a miracle	CH	3					n	miraklet|mirakler	the miracle|miracles
en begravelse	a funeral	CH	2					n	begravelsen|begravelser	the funeral|funerals
en vampyr	a vampire	CH	3					n	vampyren|vampyrer	the vampire|vampires
et spøgelse	a ghost	CH	3					n	spøgelset|spøgelser	the ghost|ghosts
kokain	cocaine	SP	4		en			n	kokainen	the cocaine
en russer	a Russian	CL	3					n	russeren|russere	the Russian|Russians
en dæmon	a demon	CH	4					n	dæmonen|dæmoner	the demon|demons
en julemand	a Santa Claus	CH	3					n	julemanden|julemænd	the Santa Claus|Santa Clauses
en bøn	a prayer / request	CH	3					n	bønnen|bønner	the prayer / the request|prayers / requests
en højhed	a highness	CH	4					n	højheden|højheder	the highness|highnesses
en pastor	a pastor	CH	3					n	pastoren|pastorer	the pastor|pastors
en synder	a sinner	CH	4					n	synderen|syndere	the sinner|sinners
narko	drugs (slang)	SP	3		en			n	narkoen	the drugs (slang)
menneskehed	humanity	SP	4		en			n	menneskeheden	the humanity
en race	a race / breed	AN	3					n	racen|racer	the race / the breed|races / breeds
en forbandelse	a curse	CH	3					n	forbandelsen|forbandelser	the curse|curses
en jøde	a Jew	CH	3					n	jøden|jøder	the Jew|Jews
spansk	Spanish	CL	2					a
en cigaret	a cigarette	BH	2					n	cigaretten|cigaretter	the cigarette|cigarettes
et flag	a flag	CH	2					n	flaget|flag	the flag|flags
et paradis	a paradise	CH	3					n	paradiset|paradiser	the paradise|paradises
en djævel	a devil	CH	3					n	djævlen|djævle	the devil|devils
en ridder	a knight	CH	3					n	ridderen|riddere	the knight|knights
britisk	British	CL	2					a
et slot	a castle / palace	CH	2					n	slottet|slotte	the castle / the palace|castles / palaces
en velsignelse	a blessing	CH	3					n	velsignelsen|velsignelser	the blessing|blessings
italiensk	Italian	CL	2					a
en troldmand	a wizard	CH	4					n	troldmanden|troldmænd	the wizard|wizards
kongelig	royal	CH	3					a	mere kongelig|mest kongelig	more royal|most royal
en legende	a legend	CH	3					n	legenden|legender	the legend|legends
frelse	salvation	CH	4		en			n	frelsen	the salvation
en kejser	an emperor	CH	3					n	kejseren|kejsere	the emperor|emperors
velgørenhed	charity	SP	3		en			n	velgørenheden	the charity
et optog	a parade	CH	3					n	optoget|optog	the parade|parades
offentlighed	the public	SP	4		en			n	offentligheden	the public
marihuana	marijuana	SP	4		en			n	marihuanaen	the marijuana
en stamme	a tribe / trunk	CH	3					n	stammen|stammer	the tribe / the trunk|tribes / trunks
en trone	a throne	CH	4					n	tronen|troner	the throne|thrones
en kirkegård	a cemetery	CH	2					n	kirkegården|kirkegårde	the cemetery|cemeteries
hjemløs	homeless	SP	3					a
religiøs	religious	CH	3					a	mere religiøs|mest religiøs	more religious|most religious
et rådhus	a town hall	TS	2					n	rådhuset|rådhuse	the town hall|town halls
et rumvæsen	an alien	CH	3					n	rumvæsnet|rumvæsner	the alien|aliens
en pave	a pope	CH	3					n	paven|paver	the pope|popes
en myte	a myth	CH	3					n	myten|myter	the myth|myths
almægtig	almighty	CH	4					a
dommedag	doomsday / Judgment Day	CH	4		en			n	dommedagen	the doomsday / the Judgment Day
græsk	Greek	CL	2					a
Mellemøsten	the Middle East	CL	3		en			n
et ritual	a ritual	CH	3					n	ritualet|ritualer	the ritual|rituals
narkotika	narcotics	SP	3		pl			n
en politistation	a police station	TS	2					n	politistationen|politistationer	the police station|police stations
et spyd	a spear	CH	4					n	spyddet|spyd	the spear|spears
en klokke	a bell	CH	2					n	klokken|klokker	the bell|bells
jødisk	Jewish	CH	3					a
svensk	Swedish	CL	2					a
en frelser	a savior	CH	4					n	frelseren|frelsere	the savior|saviors
troende	believing / religious	CH	3					a
et tempel	a temple	CH	3					n	templet|templer	the temple|temples
et palads	a palace	CH	3					n	paladset|paladser	the palace|palaces
en dværg	a dwarf	CH	3					n	dværgen|dværge	the dwarf|dwarves
en ceremoni	a ceremony	CH	3					n	ceremonien|ceremonier	the ceremony|ceremonies
en julegave	a Christmas present	CH	2					n	julegaven|julegaver	the Christmas present|Christmas presents
en indbygger	an inhabitant	CL	3					n	indbyggeren|indbyggere	the inhabitant|inhabitants
en tigger	a beggar	SP	4					n	tiggeren|tiggere	the beggar|beggars
indfødt	native	CH	4					a
fyrværkeri	fireworks	CH	2		et			n	fyrværkeriet	the fireworks
en englænder	an Englishman / English person	CL	3					n	englænderen|englændere	the Englishman / the English person|Englishmen / English people
udenlandsk	foreign	CL	2					a
et juletræ	a Christmas tree	CH	2					n	juletræet|juletræer	the Christmas tree|Christmas trees
en skik	a custom	CH	3					n	skikken|skikke	the custom|customs
en højtid	a holiday (religious/major)	CH	3					n	højtiden|højtider	the holiday (religious/major)|holidays (religious/major)
en helligdag	a public holiday	CH	2					n	helligdagen|helligdage	the public holiday|public holidays
jul	Christmas	CH	1		en			n
juleaften	Christmas Eve	CH	2		en			n
påske	Easter	CH	2		en			n
pinse	Pentecost / Whitsun	CH	3		en			n
fastelavn	Shrovetide (Danish carnival)	CH	3		en			n
sankthans	Midsummer (St. John's Eve)	CH	3		en			n
nytårsaften	New Year's Eve	CH	2		en			n
grundlovsdag	Constitution Day (5 June)	CH	3		en			n
en konfirmation	a confirmation	CH	2					n	konfirmationen|konfirmationer	the confirmation|confirmations
en barnedåb	a christening	CH	3					n	barnedåben|barnedåb	the christening|christenings
kristendom	Christianity	CH	3		en			n
islam	Islam	CH	3		en			n
jødedom	Judaism	CH	3		en			n
buddhisme	Buddhism	CH	3		en			n
tro	faith / belief	CH	2		en			n	troen	the faith / the belief
en moské	a mosque	CH	3					n	moskéen|moskéer	the mosque|mosques
en synagoge	a synagogue	CH	3					n	synagogen|synagoger	the synagogue|synagogues
en bibel	a bible	CH	3					n	bibelen|bibler	the bible|bibles
en synd	a sin	CH	3					n	synden|synder	the sin|sins
et samfundsproblem	a social problem	SP	3					n	samfundsproblemet|samfundsproblemer	the social problem|social problems
velfærd	welfare	SP	3		en			n	velfærden	the welfare
velfærdssamfundet	the welfare society	SP	4		et			n
en skatteyder	a taxpayer	SP	3					n	skatteyderen|skatteydere	the taxpayer|taxpayers
den offentlige sektor	the public sector	SP	3					n
sundhedsvæsenet	the healthcare system	BH	3		et			n
en forening	an association / club	SP	2					n	foreningen|foreninger	the association / the club|associations / clubs
en frivillig	a volunteer	SP	3					n
middelalderen	the Middle Ages	TC	3		en			n
vikingetiden	the Viking Age	TC	3		en			n
en viking	a Viking	CH	3					n	vikingen|vikinger	the Viking|Vikings
et kongehus	a royal family	CH	3					n	kongehuset|kongehuse	the royal family|royal families
en prins	a prince	CH	2					n	prinsen|prinser	the prince|princes
en prinsesse	a princess	CH	2					n	prinsessen|prinsesser	the princess|princesses
en nationalitet	a nationality	CL	3					n	nationaliteten|nationaliteter	the nationality|nationalities
et modersmål	a mother tongue	CL	3					n	modersmålet	the mother tongue
en dansker	a Dane	CL	1					n	danskeren|danskere	the Dane|Danes
en udlænding	a foreigner	CL	2					n	udlændingen|udlændinge	the foreigner|foreigners
en nordmand	a Norwegian	CL	3					n	nordmanden|nordmænd	the Norwegian|Norwegians
en svensker	a Swede	CL	3					n	svenskeren|svenskere	the Swede|Swedes
en tysker	a German	CL	2					n	tyskeren|tyskere	the German|Germans
en amerikaner	an American	CL	2					n	amerikaneren|amerikanere	the American|Americans
Norden	the Nordic countries	CL	3		en			n
Skandinavien	Scandinavia	CL	3		et			n
Europa	Europe	CL	2		et			n
norsk	Norwegian	CL	2					a
tysk	German	CL	2					a
fransk	French	CL	2					a
amerikansk	American	CL	2					a
europæisk	European	CL	2					a
nordisk	Nordic	CL	3					a
kristen	Christian	CH	2					a
muslimsk	Muslim	CH	3					a
at tro på	to believe in	CH	2	tror på|troede på|troet på		jeg tror på|jeg troede på|jeg har troet på	I believe in|I believed in|I have believed in	v
at døbe	to baptize	CH	3	døber|døbte|døbt		jeg døber|jeg døbte|jeg har døbt	I baptize|I baptized|I have baptized	v
at konfirmere	to confirm (church)	CH	3	konfirmerer|konfirmerede|konfirmeret		jeg konfirmerer|jeg konfirmerede|jeg har konfirmeret	I confirm (church)|I confirmed (church)|I have confirmed (church)	v
Grønland	Greenland	CL	2		et			n
Færøerne	the Faroe Islands	CL	3		pl			n
Sverige	Sweden	CL	2		et			n
Norge	Norway	CL	2		et			n
Tyskland	Germany	CL	2		et			n
Frankrig	France	CL	2		et			n
England	England	CL	2		et			n
Storbritannien	Great Britain	CL	2		et			n
Spanien	Spain	CL	2		et			n
Italien	Italy	CL	2		et			n
Holland	the Netherlands	CL	2		et			n
Polen	Poland	CL	2		et			n
Finland	Finland	CL	2		et			n
Island	Iceland	CL	2		et			n
USA	the USA	CL	2		et			n
Kina	China	CL	2		et			n
Japan	Japan	CL	2		et			n
Indien	India	CL	2		et			n
Rusland	Russia	CL	2		et			n
Ukraine	Ukraine	CL	2		et			n
Tyrkiet	Turkey	CL	2		et			n
Grækenland	Greece	CL	2		et			n
Jylland	Jutland	CL	2		et			n
Sjælland	Zealand	CL	2		et			n
Fyn	Funen	CL	2		et			n
Bornholm	Bornholm	CL	2		et			n
København	Copenhagen	CL	1		en			n
Aarhus	Aarhus	CL	2		et			n
finsk	Finnish	CL	2					a
islandsk	Icelandic	CL	3					a
hollandsk	Dutch	CL	2					a
polsk	Polish	CL	2					a
tyrkisk	Turkish	CL	2					a
arabisk	Arabic	CL	2					a
kinesisk	Chinese	CL	2					a
japansk	Japanese	CL	2					a
russisk	Russian	CL	2					a
ukrainsk	Ukrainian	CL	2					a
indisk	Indian	CL	2					a
afrikansk	African	CL	2					a
asiatisk	Asian	CL	2					a
grønlandsk	Greenlandic	CL	3					a
færøsk	Faroese	CL	3					a
jysk	Jutlandic	CL	3					a
en københavner	a Copenhagener	CL	3					n	københavneren|københavnere	the Copenhagener|Copenhageners
en jyde	a Jutlander	CL	3					n	jyden|jyder	the Jutlander|Jutlanders
en fynbo	a person from Funen	CL	3					n	fynboen|fynboer	the person from Funen|people from Funen
en franskmand	a Frenchman / French person	CL	3					n	franskmanden|franskmænd	the Frenchman / the French person|Frenchmen / French people
en italiener	an Italian	CL	3					n	italieneren|italienere	the Italian|Italians
en spanier	a Spaniard	CL	2					n	spanieren|spaniere	the Spaniard|Spaniards
en polak	a Pole	CL	2					n	polakken|polakker	the Pole|Poles
en kineser	a Chinese person	CL	3					n	kineseren|kinesere	the Chinese person|Chinese people
en japaner	a Japanese person	CL	2					n	japaneren|japanere	the Japanese person|Japanese people
en inder	an Indian (from India)	CL	3					n	inderen|indere	the Indian (from India)|Indians (from India)
en araber	an Arab	CL	3					n	araberen|arabere	the Arab|Arabs
en tyrker	a Turk	CL	3					n	tyrkeren|tyrkere	the Turk|Turks
en grønlænder	a Greenlander	CL	3					n	grønlænderen|grønlændere	the Greenlander|Greenlanders
en islænding	an Icelander	CL	3					n	islændingen|islændinge	the Icelander|Icelanders
en brite	a Brit	CL	3					n	briten|briter	the Brit|Brits
en europæer	a European	CL	2					n	europæeren|europæere	the European|Europeans
en afrikaner	an African	CL	3					n	afrikaneren|afrikanere	the African|Africans
en asiat	an Asian	CL	3					n	asiaten|asiater	the Asian|Asians
et CPR-nummer	a CPR number (Danish personal ID number)	TS	2					n	CPR-nummeret|CPR-numre	the CPR number (Danish personal ID number)|CPR numbers (Danish personal ID number)
MitID	MitID (Danish digital ID)	TS	2		et			n
e-Boks	e-Boks (digital mailbox for official letters)	TS	2		en			n
Borgerservice	Citizen Services (municipal office)	TS	2		en			n
Skattestyrelsen	the Danish Tax Agency	TS	3		en			n
en venteliste	a waiting list	TS	2					n	ventelisten|ventelister	the waiting list|waiting lists
en bosætning	a settlement	SP	4					n	bosætningen|bosætninger	the settlement|settlements
byplanlægning	urban planning	SP	3		en			n	byplanlægningen	the urban planning
en fejring	a celebration	CH	3					n	fejringen|fejringer	the celebration|celebrations
en indsamling	a collection (fundraiser)	CH	3					n	indsamlingen|indsamlinger	the collection (fundraiser)|collections (fundraiser)
en bersærk	a berserker	CH	4					n	bersærken|bersærker	the berserker|berserkers
en borg	a castle (fortress)	CH	3					n	borgen|borge	the castle (fortress)|castles (fortress)
en dronning	a queen	CH	2					n	dronningen|dronninger	the queen|queens
en havfrue	a mermaid	CH	3					n	havfruen|havfruer	the mermaid|mermaids
en heks	a witch	CH	2					n	heksen|hekse	the witch|witches
hellig	holy	CH	3					a	helligere|helligst	holier|holiest
historisk	historic / historical	CH	2					a
en høvding	a chieftain	CH	4					n	høvdingen|høvdinge	the chieftain|chieftains
en jætte	a giant (Norse mythology)	CH	4					n	jætten|jætter	the giant (Norse mythology)|giants (Norse mythology)
et kloster	a monastery / convent	CH	3					n	klosteret|klostre	the monastery / the convent|monasteries / convents
en konge	a king	CH	2					n	kongen|konger	the king|kings
mexicansk	Mexican	CL	2					a
en munk	a monk	CH	3					n	munken|munke	the monk|monks
mytologi	mythology	CH	3		en			n	mytologien	the mythology
en nisse	a Christmas elf / pixie	CH	2					n	nissen|nisser	the Christmas elf / the pixie|Christmas elves / pixies
oldnordisk	Old Norse	CL	4					a
pynt	decoration(s)	CH	3		en			n	pynten	the decoration(s)
en rune	a rune	CH	4					n	runen|runer	the rune|runes
et skjold	a shield	CH	3					n	skjoldet|skjolde	the shield|shields
en slave	a slave	CH	3					n	slaven|slaver	the slave|slaves
et sværd	a sword	CH	3					n	sværdet|sværd	the sword|swords
et værk	a work (of art) / plant	CH	3					n	værket|værker	the work (of art) / the plant|works (of art) / plants
en æggejagt	an egg hunt	CH	3					n	æggejagten|æggejagter	the egg hunt|egg hunts
en studenterhue	a graduation cap	CH	3					n	studenterhuen|studenterhuer	the graduation cap|graduation caps
en julefrokost	a Christmas lunch (party)	CH	2					n	julefrokosten|julefrokoster	the Christmas lunch (party)|Christmas lunches (party)
en adventskrans	an Advent wreath	CH	3					n	adventskransen|adventskranse	the Advent wreath|Advent wreaths
et kalenderlys	an Advent calendar candle	CH	3					n	kalenderlyset|kalenderlys	the Advent calendar candle|Advent calendar candles
en pakkekalender	a gift Advent calendar	CH	3					n	pakkekalenderen|pakkekalendere	the gift Advent calendar|gift Advent calendars
en julesang	a Christmas carol	CH	2					n	julesangen|julesange	the Christmas carol|Christmas carols
en julestjerne	a poinsettia / Christmas star	CH	3					n	julestjernen|julestjerner	the poinsettia / the Christmas star|poinsettias / Christmas stars
et påskeæg	an Easter egg	CH	3					n	påskeægget|påskeæg	the Easter egg|Easter eggs
en påskefrokost	an Easter lunch	CH	3					n	påskefrokosten|påskefrokoster	the Easter lunch|Easter lunches
et sankthansbål	a Midsummer bonfire	CH	3					n	sankthansbålet|sankthansbål	the Midsummer bonfire|Midsummer bonfires
en fødselsdagsgave	a birthday present	CH	2					n	fødselsdagsgaven|fødselsdagsgaver	the birthday present|birthday presents
en flagstang	a flagpole	CH	3					n	flagstangen|flagstænger	the flagpole|flagpoles
en guirlande	a garland / streamer	CH	4					n	guirlanden|guirlander	the garland / the streamer|garlands / streamers
konfetti	confetti	CH	3		en			n	konfettien	the confetti
en festtale	a (celebratory) speech	CH	4					n	festtalen|festtaler	the (celebratory) speech|(celebratory) speeches
en indflytningsgave	a housewarming gift	CH	4					n	indflytningsgaven|indflytningsgaver	the housewarming gift|housewarming gifts
en værtindegave	a hostess gift	CH	4					n	værtindegaven|værtindegaver	the hostess gift|hostess gifts
et takkekort	a thank-you card	CH	3					n	takkekortet|takkekort	the thank-you card|thank-you cards
et lykønskningskort	a congratulations card	CH	4					n	lykønskningskortet|lykønskningskort	the greeting card|greeting cards
en brudekjole	a wedding dress	CH	3					n	brudekjolen|brudekjoler	the wedding dress|wedding dresses
et guldbryllup	a golden wedding anniversary	CH	3					n	guldbrylluppet|guldbryllupper	the golden wedding anniversary|golden wedding anniversaries
et sølvbryllup	a silver wedding anniversary	CH	3					n	sølvbrylluppet|sølvbryllupper	the silver wedding anniversary|silver wedding anniversaries
en mindehøjtidelighed	a memorial service	CH	4					n	mindehøjtideligheden|mindehøjtideligheder	the memorial service|memorial services
en kondolence	a condolence	CH	4					n	kondolencen|kondolencer	the condolence|condolences
en gravsten	a gravestone	CH	3					n	gravstenen|gravstene	the gravestone|gravestones
en krans	a wreath	CH	3					n	kransen|kranse	the wreath|wreaths
en urne	an urn	CH	4					n	urnen|urner	the urn|urns
et offentligt rum	a public space	SP	3					n
arkitektur	architecture	CH	3		en			n	arkitekturen	the architecture
en fællesspisning	a communal dinner	CH	3					n	fællesspisningen|fællesspisninger	the communal dinner|communal dinners
en ønskeseddel	a wish list (gifts)	CH	2					n	ønskesedlen|ønskesedler	the wish list (gifts)|wish lists (gifts)
en blomsterbuket	a bouquet	CH	3					n	blomsterbuketten|blomsterbuketter	the bouquet|bouquets
en byfest	a town festival	CH	3					n	byfesten|byfester	the town festival|town festivals
en festdag	a festive day	CH	3					n	festdagen|festdage	the festive day|festive days
julepynt	Christmas decorations	CH	3		en			n	julepynten	the Christmas decorations
en kulturforskel	a cultural difference	CL	3					n	kulturforskellen|kulturforskelle	the cultural difference|cultural differences
langfredag	Good Friday	CH	3		en			n
skærtorsdag	Maundy Thursday	CH	3		en			n
påskedag	Easter Sunday	CH	3		en			n
en privatperson	a private individual	SP	3					n	privatpersonen|privatpersoner	the private individual|private individuals
et hjemland	a home country	CL	3					n	hjemlandet|hjemlande	the home country|home countries
et ungdomshus	a youth center	CH	3					n	ungdomshuset|ungdomshuse	the youth center|youth centers
et åbent hus	an open house	CH	2					n
en fødselsdagsfest	a birthday party	CH	2					n	fødselsdagsfesten|fødselsdagsfester	the birthday party|birthday parties
en julemiddag	a Christmas dinner	CH	2					n	julemiddagen|julemiddage	the Christmas dinner|Christmas dinners
en nytårskur	a New Year's reception	CH	4					n	nytårskuren|nytårskure	the New Year's reception|New Year's receptions
fritid	free time	FS	2		en			n	fritiden	the free time
en interesse	an interest	FS	2					n	interessen|interesser	the interest|interests
et talent	a talent	FS	2					n	talentet|talenter	the talent|talents
en hobby	a hobby	FS	1					n	hobbyen|hobbyer	the hobby|hobbies
en samling	a collection	FS	3					n	samlingen|samlinger	the collection|collections
et håndarbejde	a handicraft	FS	3					n	håndarbejdet|håndarbejder	the handicraft|handicrafts
strikning	knitting	FS	3		en			n	strikningen	the knitting
syning	sewing	FS	3		en			n	syningen	the sewing
et maleri	a painting	CH	2					n	maleriet|malerier	the painting|paintings
en tegning	a drawing	CH	2					n	tegningen|tegninger	the drawing|drawings
et fotografi	a photograph	CH	2					n	fotografiet|fotografier	the photograph|photographs
en koncert	a concert	CH	2					n	koncerten|koncerter	the concert|concerts
en udstilling	an exhibition	CH	2					n	udstillingen|udstillinger	the exhibition|exhibitions
en biograf	a cinema	TS	1					n	biografen|biografer	the cinema|cinemas
et teater	a theatre	TS	2					n	teatret|teatre	the theatre|theatres
en forestilling	a performance	CH	2					n	forestillingen|forestillinger	the performance|performances
en klub	a club	FS	2					n	klubben|klubber	the club|clubs
en konkurrence	a competition	FS	2					n	konkurrencen|konkurrencer	the competition|competitions
en turnering	a tournament	FS	3					n	turneringen|turneringer	the tournament|tournaments
en sejr	a victory	FS	2					n	sejren|sejre	the victory|victories
et nederlag	a defeat	FS	3					n	nederlaget|nederlag	the defeat|defeats
en holdkammerat	a teammate	FS	3					n	holdkammeraten|holdkammerater	the teammate|teammates
en fanklub	a fan club	FS	3					n	fanklubben|fanklubber	the fan club|fan clubs
en tilskuer	a spectator	FS	3					n	tilskueren|tilskuere	the spectator|spectators
yoga	yoga	FS	2					n
en meditation	a meditation	FS	3					n	meditationen|meditationer	the meditation|meditations
en vandretur	a hike	FS	3					n	vandreturen|vandreture	the hike|hikes
en cykeltur	a bike ride	FS	2					n	cykelturen|cykelture	the bike ride|bike rides
fiskeri	fishing	FS	3		et			n	fiskeriet	the fishing
en jagt	a hunt	FS	3					n	jagten|jagter	the hunt|hunts
havearbejde	gardening	FS	3		et			n	havearbejdet	the gardening
en gåtur	a walk	FS	2					n	gåturen|gåture	the walk|walks
et brætspil	a board game	FS	3					n	brætspillet|brætspil	the board game|board games
et puslespil	a puzzle	FS	3					n	puslespillet|puslespil	the puzzle|puzzles
en gætteleg	a guessing game	FS	4					n	gættelegen|gættelege	the guessing game|guessing games
et håndværk	a craft	FS	3					n	håndværket|håndværk	the craft|crafts
en øvelse	an exercise	SL	2					n	øvelsen|øvelser	the exercise|exercises
en styrke	a strength	FS	2					n	styrken|styrker	the strength|strengths
udholdenhed	endurance	FS	4		en			n	udholdenheden	the endurance
kondition	fitness	FS	3		en			n	konditionen	the fitness
et fitnesscenter	a gym	FS	3					n	fitnesscentret|fitnesscentre	the gym|gyms
en træner	a coach	FS	2					n	træneren|trænere	the coach|coaches
et hold	a team	FS	2					n	holdet|hold	the team|teams
en modstander	an opponent	FS	3					n	modstanderen|modstandere	the opponent|opponents
en bane	a field/court	FS	2					n	banen|baner	the field/court|field/courts
en runde	a round	FS	2					n	runden|runder	the round|rounds
en rekord	a record	FS	3					n	rekorden|rekorder	the record|records
en medalje	a medal	FS	2					n	medaljen|medaljer	the medal|medals
en præstation	a performance	FS	3					n	præstationen|præstationer	the performance|performances
en opvarmning	a warm-up	FS	3					n	opvarmningen|opvarmninger	the warm-up|warm-ups
en udstrækning	a stretch	FS	3					n	udstrækningen|udstrækninger	the stretch|stretches
en løbetur	a run	FS	3					n	løbeturen|løbeture	the run|runs
en svømmetur	a swim	FS	3					n	svømmeturen|svømmeture	the swim|swims
en fodboldkamp	a football match	FS	2					n	fodboldkampen|fodboldkampe	the football match|football matches
et mesterskab	a championship	FS	3					n	mesterskabet|mesterskaber	the championship|championships
en spøg	a joke / prank	FS	2					n	spøgen|spøge	the joke / the prank|jokes / pranks
en scene	a stage / scene	CH	2					n	scenen|scener	the stage / the scene|stages / scenes
en maske	a mask	FS	2					n	masken|masker	the mask|masks
publikum	audience	CH	3		et			n	publikummet	the audience
en fan	a fan	FS	2					n
et trick	a trick	FS	2					n	tricket|tricks	the trick|tricks
legetøj	toys	FS	2		et			n	legetøjet	the toys
en drage	a dragon / kite	FS	2					n	dragen|drager	the dragon / the kite|dragons / kites
en lejr	a camp	FS	2					n	lejren|lejre	the camp|camps
et hit	a hit	FS	3					n	hittet|hits	the hit|hits
en score	a score	FS	2					n	scoren|scorer	the score|scores
en klovn	a clown	CH	2					n	klovnen|klovne	the clown|clowns
en dagbog	a diary	FS	2					n	dagbogen|dagbøger	the diary|diaries
et skuespil	a play (theater)	CH	3					n	skuespillet|skuespil	the play (theater)|plays (theater)
en vinder	a winner	FS	2					n	vinderen|vindere	the winner|winners
en pool	a pool	FS	2					n	poolen|pooler	the pool|pools
en aktivitet	an activity	FS	2					n	aktiviteten|aktiviteter	the activity|activities
et cirkus	a circus	CH	2					n	cirkusset|cirkusser	the circus|circuses
skak	chess	FS	2		en			n
en jæger	a hunter	FS	3					n	jægeren|jægere	the hunter|hunters
en skurk	a villain	CH	3					n	skurken|skurke	the villain|villains
et væddemål	a bet	FS	3					n	væddemålet|væddemål	the bet|bets
en vits	a joke	FS	3					n	vitsen|vitser	the joke|jokes
et digt	a poem	CH	2					n	digtet|digte	the poem|poems
et kostume	a costume	CH	2					n	kostumet|kostumer	the costume|costumes
et drama	a drama	CH	3					n	dramaet|dramaer	the drama|dramas
basketball	basketball	FS	2		en			n
odds	odds	FS	3		pl			n
et kor	a choir	CH	2					n	koret|kor	the choir|choirs
en vittighed	a joke	FS	3					n	vittigheden|vittigheder	the joke|jokes
et kasino	a casino	FS	3					n	kasinoet|kasinoer	the casino|casinos
en finale	a final	FS	3					n	finalen|finaler	the final|finals
poesi	poetry	CH	3		en			n	poesien	the poetry
et bal	a ball (dance)	FS	3					n	ballet|baller	the ball (dance)|balls (dance)
en optræden	a performance	CH	3					n
en coach	a coach	FS	3					n	coachen|coaches	the coach|coaches
underholdning	entertainment	FS	3		en			n	underholdningen	the entertainment
et sejl	a sail	FS	3					n	sejlet	the sail
en gevinst	a prize / winnings	FS	3					n	gevinsten|gevinster	the prize / the winnings|prizes / winnings
en komedie	a comedy	CH	3					n	komedien|komedier	the comedy|comedies
en fabel	a fable	CH	3					n	fablen|fabler	the fable|fables
en pirat	a pirate	CH	3					n	piraten|pirater	the pirate|pirates
jazz	jazz	CH	2		en			n	jazzen	the jazz
en brik	a piece (game) / tile	FS	3					n	brikken|brikker	the piece (game) / the tile|pieces (game) / tiles
et forspring	a head start / lead	FS	3					n	forspringet	the head start / the lead
et manuskript	a manuscript / script	CH	3					n	manuskriptet|manuskripter	the manuscript / the script|manuscripts / scripts
en natklub	a nightclub	FS	2					n	natklubben|natklubber	the nightclub|nightclubs
en spejder	a scout	FS	3					n	spejderen|spejdere	the scout|scouts
en bamse	a teddy bear	FS	2					n	bamsen|bamser	the teddy bear|teddy bears
bifald	applause	FS	3		et			n	bifaldet	the applause
et album	an album	CH	2					n	albummet|albummer	the album|albums
en zoologisk have	a zoo	FS	2					n
en fritidsaktivitet	a leisure activity	FS	3					n	fritidsaktiviteten|fritidsaktiviteter	the leisure activity|leisure activities
sport	sport	FS	1		en			n	sporten	the sport
en sportsgren	a sport (type)	FS	3					n	sportsgrenen|sportsgrene	the sport (type)|sports (type)
en spiller	a player	FS	2					n	spilleren|spillere	the player|players
en kamp	a match / game	FS	2					n	kampen|kampe	the match / the game|matches / games
en pokal	a trophy / cup	FS	3					n	pokalen|pokaler	the trophy / the cup|trophies / cups
uafgjort	drawn / tied (game)	FS	4					a
et stadion	a stadium	FS	2					n	stadionet|stadioner	the stadium|stadiums
en svømmehal	a swimming pool (indoor)	FS	2					n	svømmehallen|svømmehaller	the swimming pool (indoor)|swimming pools (indoor)
en idrætshal	a sports hall	FS	3					n	idrætshallen|idrætshaller	the sports hall|sports halls
en ketsjer	a racket	FS	3					n	ketsjeren|ketsjere	the racket|rackets
et cykelløb	a bike race	FS	3					n	cykelløbet	the bike race
et maraton	a marathon	FS	2					n	maratonet|maratoner	the marathon|marathons
golf	golf	FS	2		en			n	golfen	the golf
ishockey	ice hockey	FS	2		en			n	ishockeyen	the ice hockey
volleyball	volleyball	FS	3		en			n
ridning	horse riding	FS	3		en			n	ridningen	the horse riding
sejlads	sailing	FS	3		en			n	sejladsen	the sailing
roning	rowing	FS	3		en			n	roningen	the rowing
kajak	kayaking / a kayak	FS	3		en			n	kajakken	the kayaking / the kayak
klatring	climbing	FS	3		en			n	klatringen	the climbing
skiløb	skiing	FS	3		et			n	skiløbet	the skiing
skøjteløb	ice skating	FS	3		et			n	skøjteløbet	the ice skating
en skøjte	a skate	FS	3					n	skøjten|skøjter	the skate|skates
en ski	a ski	FS	2					n	skien	the ski
et kortspil	a card game	FS	3					n	kortspillet	the card game
et computerspil	a computer game	FS	2					n	computerspillet	the computer game
en terning	a die / cube	FS	3					n	terningen|terninger	the die / the cube|dice / cubes
en krydsogtværs	a crossword	FS	3					n	krydsogtværset|krydsogtværs	the crossword|crosswords
en skulptur	a sculpture	CH	3					n	skulpturen|skulpturer	the sculpture|sculptures
en digter	a poet	CH	3					n	digteren|digtere	the poet|poets
en novelle	a short story	CH	3					n	novellen|noveller	the short story|short stories
en krimi	a crime novel / show	CH	2					n	krimien|krimier	the crime novel / the show|crime novels / shows
en tegneserie	a comic	CH	2					n	tegneserien|tegneserier	the comic|comics
en hovedperson	a main character	CH	3					n	hovedpersonen|hovedpersoner	the main character|main characters
en melodi	a melody	CH	2					n	melodien|melodier	the melody|melodies
et band	a band	CH	2					n	bandet|bands	the band|bands
et instrument	an instrument	CH	2					n	instrumentet|instrumenter	the instrument|instruments
en tromme	a drum	CH	3					n	trommen|trommer	the drum|drums
en trompet	a trumpet	CH	3					n	trompeten|trompeter	the trumpet|trumpets
en festival	a festival	CH	2					n	festivalen|festivaler	the festival|festivals
en tegnefilm	a cartoon	CH	2					n	tegnefilmen	the cartoon
en opera	an opera	CH	2					n	operaen|operaer	the opera|operas
en ballet	a ballet	CH	3					n	balletten|balletter	the ballet|ballets
en picnic	a picnic	FS	3					n	picnicen|picnicer	the picnic|picnics
en grillfest	a barbecue party	FS	2					n	grillfesten|grillfester	the barbecue party|barbecue parties
at dyrke sport	to do sports	FS	2	dyrker sport|dyrkede sport|dyrket sport		jeg dyrker sport|jeg dyrkede sport|jeg har dyrket sport	I do sports|I did sports|I have done sports	v
at spille fodbold	to play soccer	FS	2	spiller fodbold|spillede fodbold|spillet fodbold		jeg spiller fodbold|jeg spillede fodbold|jeg har spillet fodbold	I play soccer|I played soccer|I have played soccer	v
at dykke	to dive	FS	2	dykker|dykkede|dykket		jeg dykker|jeg dykkede|jeg har dykket	I dive|I dove|I have dived	v
at ro	to row	FS	2	ror|roede|roet		jeg ror|jeg roede|jeg har roet	I row|I rowed|I have rowed	v
at padle	to paddle	FS	3	padler|padlede|padlet		jeg padler|jeg padlede|jeg har padlet	I paddle|I paddled|I have paddled	v
at løbe på skøjter	to ice-skate	FS	2	løber på skøjter|løb på skøjter|løbet på skøjter		jeg løber på skøjter|jeg løb på skøjter|jeg har løbet på skøjter	I ice-skate|I ice-skated|I have ice-skated	v
at stå på ski	to ski	FS	2	står på ski|stod på ski|stået på ski		jeg står på ski|jeg stod på ski|jeg har stået på ski	I ski|I skied|I have skied	v
at score	to score	FS	2	scorer|scorede|scoret		jeg scorer|jeg scorede|jeg har scoret	I score|I scored|I have scored	v
at heppe	to cheer (for a team)	FS	3	hepper|heppede|heppet		jeg hepper|jeg heppede|jeg har heppet	I cheer (for a team)|I cheered (for a team)|I have cheered (for a team)	v
at se tv	to watch TV	FS	1	ser tv|så tv|set tv		jeg ser tv|jeg så tv|jeg har set tv	I watch TV|I watched TV|I have watched TV	v
at gå i biografen	to go to the movies	FS	2	går i biografen|gik i biografen|gået i biografen		jeg går i biografen|jeg gik i biografen|jeg er gået i biografen	I go to the movies|I went to the movies|I have gone to the movies	v
at strikke	to knit	FS	3	strikker|strikkede|strikket		jeg strikker|jeg strikkede|jeg har strikket	I knit|I knitted|I have knitted	v
at fotografere	to photograph	FS	3	fotograferer|fotograferede|fotograferet		jeg fotograferer|jeg fotograferede|jeg har fotograferet	I photograph|I photographed|I have photographed	v
at samle på	to collect	FS	2	samler på|samlede på|samlet på		jeg samler på|jeg samlede på|jeg har samlet på	I collect|I collected|I have collected	v
at more sig	to have fun	FS	2	morer sig|morede sig|moret sig		jeg morer mig|jeg morede mig|jeg har moret mig	I have fun|I had fun|I have had fun	v
at gå ud	to go out	FS	1	går ud|gik ud|gået ud		jeg går ud|jeg gik ud|jeg er gået ud	I go out|I went out|I have gone out	v
at gå på café	to go to a café	FS	2	går på café|gik på café|gået på café		jeg går på café|jeg gik på café|jeg er gået på café	I go to a café|I went to a café|I have gone to a café	v
at feste	to party	FS	2	fester|festede|festet		jeg fester|jeg festede|jeg har festet	I party|I partied|I have partied	v
underholdende	entertaining	FS	3					a
sportslig	sporty / athletic	FS	3					a
musikalsk	musical	FS	2					a
en arrangør	an organizer	FS	3					n	arrangøren|arrangører	the organizer|organizers
en fortælling	a story / narrative	CH	3					n	fortællingen|fortællinger	the story / the narrative|stories / narratives
en opførelse	a construction / performance	CH	4					n	opførelsen|opførelser	the construction / the performance|constructions / performances
en skildring	a depiction	CH	4					n	skildringen|skildringer	the depiction|depictions
en hængekøje	a hammock	FS	3					n	hængekøjen|hængekøjer	the hammock|hammocks
en autograf	an autograph	FS	2					n	autografen|autografer	the autograph|autographs
badminton	badminton	FS	2		en			n	badmintonen	the badminton
et bål	a bonfire / campfire	FS	2					n	bålet	the bonfire / the campfire
en bold	a ball	FS	2					n	bolden|bolde	the ball|balls
en botanisk have	a botanical garden	FS	3		en			n
at cykle	to cycle	FS	1	cykler|cyklede|cyklet		jeg cykler|jeg cyklede|jeg har cyklet	I cycle|I cycled|I have cycled	v
cykling	cycling	FS	2		en			n	cyklingen	the cycling
en dans	a dance	FS	2					n	dansen|danse	the dance|dances
et eventyr	a fairy tale / adventure	CH	2					n	eventyret	the fairy tale / the adventure
en film	a film / movie	CH	1					n	filmen	the film / the movie
fitness	fitness (gym training)	FS	2		et			n
en fløjte	a flute / whistle	CH	2					n	fløjten|fløjter	the flute / the whistle|flutes / whistles
fodbold	soccer / football	FS	1		en			n	fodbolden	the soccer / the football
en fodboldspiller	a soccer player	FS	2					n	fodboldspilleren|fodboldspillere	the soccer player|soccer players
en guitar	a guitar	CH	2					n	guitaren|guitarer	the guitar|guitars
gymnastik	gymnastics	FS	2		en			n	gymnastikken	the gymnastics
en hal	a hall (sports / large room)	FS	2					n	hallen|haller	the hall (sports / large room)|halls (sports / large rooms)
håndbold	handball	FS	2		en			n	håndbolden	the handball
en joke	a joke	FS	2					n	joken	the joke
et kapitel	a chapter	CH	2					n	kapitlet|kapitler	the chapter|chapters
klassisk	classical / classic	CH	2					a
et klaver	a piano	CH	2					n	klaveret|klaverer	the piano|pianos
en komiker	a comedian	CH	3					n	komikeren|komikere	the comedian|comedians
en leg	a game (play)	FS	2					n	legen|lege	the game (play)|games (play)
lotto	lottery	FS	3		et			n
en medspiller	a teammate	FS	3					n	medspilleren|medspillere	the teammate|teammates
en modspiller	an opponent (in a game)	FS	3					n	modspilleren|modspillere	the opponent (in a game)|opponents (in a game)
at mime	to mime	FS	3	mimer|mimede|mimet		jeg mimer|jeg mimede|jeg har mimet	I mime|I mimed|I have mimed	v
en pensel	a paintbrush	CH	3					n	penslen|pensler	the paintbrush|paintbrushes
et point	a point (score)	FS	2					n	pointet	the point (score)
rock	rock (music)	CH	2		en			n	rocken	the rock (music)
en roman	a novel	CH	2					n	romanen|romaner	the novel|novels
en rytme	a rhythm	CH	3					n	rytmen|rytmer	the rhythm|rhythms
en sommerferie	a summer vacation	FS	2					n	sommerferien|sommerferier	the summer vacation|summer vacations
et spil	a game	FS	1					n	spillet	the game
svømning	swimming	FS	2		en			n	svømningen	the swimming
tennis	tennis	FS	2		en			n	tennissen	the tennis
en udklædning	a costume / dress-up	FS	3					n	udklædningen|udklædninger	the costume / the dress-up|costumes / dress-ups
en violin	a violin	CH	3					n	violinen|violiner	the violin|violins
en skuespillerinde	an actress	CH	3					n	skuespillerinden|skuespillerinder	the actress|actresses
en danser	a dancer	CH	2					n	danseren|dansere	the dancer|dancers
en billedhugger	a sculptor	CH	4					n	billedhuggeren|billedhuggere	the sculptor|sculptors
en komponist	a composer	CH	3					n	komponisten|komponister	the composer|composers
en dirigent	a conductor	CH	3					n	dirigenten|dirigenter	the conductor|conductors
en personlig træner	a personal trainer	FS	3					n
en målmand	a goalkeeper	FS	2					n	målmanden|målmænd	the goalkeeper|goalkeepers
en angriber	a forward / attacker	FS	3					n	angriberen|angribere	the forward / the attacker|forwards / attackers
en forsvarsspiller	a defender	FS	3					n	forsvarsspilleren|forsvarsspillere	the defender|defenders
en anfører	a captain (team)	FS	3					n	anføreren|anførere	the captain (team)|captains (team)
et straffespark	a penalty kick	FS	3					n	straffesparket	the penalty kick
et frispark	a free kick	FS	3					n	frisparket	the free kick
et hjørnespark	a corner kick	FS	3					n	hjørnesparket	the corner kick
en offside	an offside	FS	4					n	offsiden|offsider	the offside|offsides
en halvleg	a half (of a game)	FS	3					n	halvlegen|halvlege	the half (of a game)|halves (of a game)
en omkamp	a rematch	FS	4					n	omkampen|omkampe	the rematch|rematches
en landskamp	an international match	FS	3					n	landskampen|landskampe	the international match|international matches
et landshold	a national team	FS	2					n	landsholdet	the national team
en liga	a league	FS	3					n	ligaen|ligaer	the league|leagues
en sæsonbillet	a season ticket	FS	3					n	sæsonbilletten|sæsonbilletter	the season ticket|season tickets
et træningspas	a training session	FS	3					n	træningspasset	the training session
en løbesko	a running shoe	FS	2					n	løbeskoen	the running shoe
træningstøj	workout clothes	FS	2		et			n	træningstøjet	the workout clothes
en yogamåtte	a yoga mat	FS	3					n	yogamåtten|yogamåtter	the yoga mat|yoga mats
en håndvægt	a dumbbell	FS	4					n	håndvægten|håndvægte	the dumbbell|dumbbells
en kondicykel	an exercise bike	FS	3					n	kondicyklen|kondicykler	the exercise bike|exercise bikes
et løbebånd	a treadmill	FS	3					n	løbebåndet	the treadmill
styrketræning	strength training	FS	3		en			n	styrketræningen	the strength training
en armbøjning	a push-up	FS	3					n	armbøjningen|armbøjninger	the push-up|push-ups
en mavebøjning	a sit-up	FS	3					n	mavebøjningen|mavebøjninger	the sit-up|sit-ups
en squat	a squat	FS	4					n
en sportstaske	a gym bag	FS	2					n	sportstasken|sportstasker	the gym bag|gym bags
et omklædningsrum	a locker room	FS	3					n	omklædningsrummet	the locker room
en sauna	a sauna	FS	3					n	saunaen|saunaer	the sauna|saunas
en svømmebane	a swimming lane	FS	3					n	svømmebanen|svømmebaner	the swimming lane|swimming lanes
en vippe	a seesaw	FS	3					n	vippen|vipper	the diving board / the seesaw|diving boards / seesaws
en redningskrans	a lifebuoy	FS	4					n	redningskransen|redningskranse	the lifebuoy|lifebuoys
et vandland	a water park	FS	3					n	vandlandet|vandlande	the water park|water parks
en skøjtebane	an ice rink	FS	3					n	skøjtebanen|skøjtebaner	the ice rink|ice rinks
en bowlinghal	a bowling alley	FS	3					n	bowlinghallen|bowlinghaller	the bowling alley|bowling alleys
minigolf	mini golf	FS	3		en			n	minigolfen	the mini golf
et escape room	an escape room	FS	4					n
en quiz	a quiz	FS	2					n	quizzen|quizzer	the quiz|quizzes
banko	bingo	FS	3		et			n
en tombola	a raffle	FS	4					n	tombolaen|tombolaer	the raffle|raffles
et lotteri	a lottery	FS	3					n	lotteriet|lotterier	the lottery|lotteries
en præmie	a prize	FS	2					n	præmien|præmier	the prize|prizes
en skattejagt	a treasure hunt	FS	3					n	skattejagten|skattejagter	the treasure hunt|treasure hunts
et kostumebal	a costume party	FS	3					n	kostumeballet|kostumeballer	the costume party|costume parties
en sammenkomst	a get-together	FS	3					n	sammenkomsten|sammenkomster	the get-together|get-togethers
et middagsselskab	a dinner party	FS	3					n	middagsselskabet|middagsselskaber	the dinner party|dinner parties
et sammenskudsgilde	a potluck	FS	4					n	sammenskudsgildet|sammenskudsgilder	the potluck|potlucks
en havefest	a garden party	FS	3					n	havefesten|havefester	the garden party|garden parties
en studenterfest	a graduation party	FS	3					n	studenterfesten|studenterfester	the graduation party|graduation parties
et bibliotekskort	a library card	FS	2					n	bibliotekskortet	the library card
en udlånstid	a loan period	FS	4					n	udlånstiden|udlånstider	the loan period|loan periods
en hundeskov	a dog park	FS	3					n	hundeskoven|hundeskove	the dog park|dog parks
et badested	a swimming spot	FS	3					n	badestedet|badesteder	the swimming spot|swimming spots
et havnebad	a harbor bath (outdoor pool)	FS	3					n	havnebadet|havnebade	the harbor bath (outdoor pool)|harbor baths (outdoor pool)
en vinterbader	a winter swimmer	FS	4					n	vinterbaderen|vinterbadere	the winter swimmer|winter swimmers
vinterbadning	winter swimming	FS	3		en			n	vinterbadningen	the winter swimming
en anekdote	an anecdote	CH	3					n	anekdoten|anekdoter	the anecdote|anecdotes
en bestseller	a bestseller	CH	3					n	bestselleren|bestsellere	the bestseller|bestsellers
en biografi	a biography	CH	3					n	biografien|biografier	the biography|biographies
en debut	a debut	CH	3					n	debuten|debuter	the debut|debuts
en dialog	a dialogue	CH	3					n	dialogen|dialoger	the dialogue|dialogues
en digtsamling	a poetry collection	CH	4					n	digtsamlingen|digtsamlinger	the poetry collection|poetry collections
et dukketeater	a puppet theater	CH	3					n	dukketeatret|dukketeatre	the puppet theater|puppet theaters
en festsal	a banquet hall	FS	4					n	festsalen|festsale	the banquet hall|banquet halls
en filmstjerne	a film star	CH	2					n	filmstjernen|filmstjerner	the film star|film stars
en fotobog	a photo book	CH	3					n	fotobogen|fotobøger	the photo book|photo books
en gallerist	a gallery owner	CH	4					n	galleristen|gallerister	the gallery owner|gallery owners
en hovedrolle	a leading role	CH	3					n	hovedrollen|hovedroller	the leading role|leading roles
en illustration	an illustration	CH	3					n	illustrationen|illustrationer	the illustration|illustrations
jubel	cheering / jubilation	FS	3		en			n	jublen	the cheering / the jubilation
en klassiker	a classic	CH	3					n	klassikeren|klassikere	the classic|classics
et klimaks	a climax	CH	4					n	klimakset|klimakser	the climax|climaxes
en kunstudstilling	an art exhibition	CH	3					n	kunstudstillingen|kunstudstillinger	the art exhibition|art exhibitions
et kunstværk	a work of art	CH	3					n	kunstværket|kunstværker	the work of art|works of art
litteratur	literature	CH	3		en			n	litteraturen	the literature
en lydbog	an audiobook	CH	3					n	lydbogen|lydbøger	the audiobook|audiobooks
en læser	a reader	CH	2					n	læseren|læsere	the reader|readers
et ordspil	a pun / wordplay	CH	4					n	ordspillet	the pun / the wordplay
en parodi	a parody	CH	3					n	parodien|parodier	the parody|parodies
en pladespiller	a record player	FS	3					n	pladespilleren|pladespillere	the record player|record players
en premiere	a premiere	CH	3					n	premieren|premierer	the premiere|premieres
en replik	a line (in a play) / retort	CH	4					n	replikken|replikker	the line (in a play) / the retort|lines (in a play) / retorts
en sangtekst	a song lyric	CH	3					n	sangteksten|sangtekster	the song lyric|song lyrics
en spillefilm	a feature film	CH	3					n	spillefilmen	the feature film
en spændingsroman	a thriller (novel)	CH	3					n	spændingsromanen|spændingsromaner	the thriller (novel)|thrillers (novel)
en strofe	a stanza	CH	4					n	strofen|strofer	the stanza|stanzas
en tegner	an illustrator / cartoonist	CH	3					n	tegneren|tegnere	the illustrator / the cartoonist|illustrators / cartoonists
en tekstforfatter	a lyricist / copywriter	CH	4					n	tekstforfatteren|tekstforfattere	the lyricist / the copywriter|lyricists / copywriters
en tilhører	a listener	CH	3					n	tilhøreren|tilhørere	the listener|listeners
en titelsang	a theme song	CH	4					n	titelsangen|titelsange	the theme song|theme songs
et forord	a preface	CH	3					n	forordet	the preface
et pseudonym	a pseudonym	CH	4					n	pseudonymet|pseudonymer	the pseudonym|pseudonyms
et repertoire	a repertoire	CH	4					n	repertoiret|repertoirer	the repertoire|repertoires
et show	a show	CH	2					n	showet	the show
et teaterstykke	a stage play	CH	3					n	teaterstykket|teaterstykker	the stage play|stage plays
et vers	a verse	CH	3					n	verset|vers	the verse|verses
en aftentur	an evening walk	FS	3					n	aftenturen|aftenture	the evening walk|evening walks
en bjergbestigning	a mountain climb	FS	4					n	bjergbestigningen|bjergbestigninger	the mountain climb|mountain climbs
en fagbog	a nonfiction book	CH	3					n	fagbogen|fagbøger	the nonfiction book|nonfiction books
en filmaften	a movie night	FS	2					n	filmaftenen|filmaftener	the movie night|movie nights
en fredagsbar	a Friday bar	FS	3					n	fredagsbaren|fredagsbarer	the Friday bar|Friday bars
en gåde	a riddle / mystery	FS	3					n	gåden|gåder	the riddle / the mystery|riddles / mysteries
en musikfestival	a music festival	CH	2					n	musikfestivalen|musikfestivaler	the music festival|music festivals
en sommerfest	a summer party	FS	3					n	sommerfesten|sommerfester	the summer party|summer parties
en sportsklub	a sports club	FS	2					n	sportsklubben|sportsklubber	the sports club|sports clubs
en strandtur	a trip to the beach	FS	2					n	strandturen|strandture	the trip to the beach|trips to the beach
et fitnessabonnement	a gym membership	FS	3					n	fitnessabonnementet|fitnessabonnementer	the gym membership|gym memberships
et koncerthus	a concert hall	CH	3					n	koncerthuset|koncerthuse	the concert hall|concert halls
et tilholdssted	a hangout / haunt	FS	4					n	tilholdsstedet|tilholdssteder	the hangout / the haunt|hangouts / haunts
et tidsfordriv	a pastime	FS	4					n
en yndlingsbog	a favorite book	CH	2					n	yndlingsbogen|yndlingsbøger	the favorite book|favorite books
en yndlingsfilm	a favorite movie	CH	2					n	yndlingsfilmen	the favorite movie
en yndlingssang	a favorite song	CH	2					n	yndlingssangen|yndlingssange	the favorite song|favorite songs
en krig	a war	SP	2					n	krigen|krige	the war|wars
et mord	a murder	SP	3					n	mordet	the murder
en præsident	a president	SP	2					n	præsidenten|præsidenter	the president|presidents
et angreb	an attack	SP	3					n	angrebet	the attack
en magt	a power	SP	3					n	magten|magter	the power|powers
en morder	a murderer	SP	3					n	morderen|mordere	the murderer|murderers
en hær	an army	SP	3					n	hæren|hære	the army|armies
vold	violence	SP	3		en			n	volden	the violence
et fingeraftryk	a fingerprint	SP	3					n	fingeraftrykket	the fingerprint
en senator	a senator	SP	4					n	senatoren|senatorer	the senator|senators
en stat	a state	SP	3					n	staten|stater	the state|states
retfærdighed	justice	SP	3		en			n	retfærdigheden	the justice
et forsvar	a defense	SP	3					n	forsvaret	the defense
en spion	a spy	SP	3					n	spionen|spioner	the spy|spies
en tyv	a thief	SP	2					n	tyven|tyve	the thief|thieves
et røveri	a robbery	SP	2					n	røveriet|røverier	the robbery|robberies
en kriminalbetjent	a detective	SP	3					n	kriminalbetjenten|kriminalbetjente	the detective|detectives
en kommissær	a commissioner	SP	4					n	kommissæren|kommissærer	the commissioner|commissioners
et militær	a military	SP	3					n	militæret	the military
en flåde	a fleet / navy / raft	SP	3					n	flåden|flåder	the fleet / the navy / the raft|fleets / navies / rafts
en modstand	a resistance	SP	3					n	modstanden|modstande	the resistance|resistances
et gerningssted	a crime scene	SP	3					n	gerningsstedet|gerningssteder	the crime scene|crime scenes
et drab	a killing / homicide	SP	3					n	drabet	the killing / the homicide
politisk	political	SP	2					a
en forræder	a traitor	SP	3					n	forræderen|forrædere	the traitor|traitors
en kriminalassistent	a detective sergeant	SP	4					n	kriminalassistenten|kriminalassistenter	the detective sergeant|detective sergeants
en kanon	a cannon	SP	3					n	kanonen|kanoner	the cannon|cannons
et gevær	a rifle	SP	3					n	geværet|geværer	the rifle|rifles
et håndjern	a handcuff	SP	3					n	håndjernet	the handcuff
en bøde	a fine (penalty)	SP	3					n	bøden|bøder	the fine (penalty)|fines (penalty)
et oprør	a rebellion / uprising	SP	3					n	oprøret	the rebellion / the uprising
en trop	a troop	SP	4					n	troppen|tropper	the troop|troops
en terrorist	a terrorist	SP	3					n	terroristen|terrorister	the terrorist|terrorists
et forræderi	a betrayal / treason	SP	3					n	forræderiet|forræderier	the betrayal / the treason|betrayals / treasons
en guvernør	a governor	SP	3					n	guvernøren|guvernører	the governor|governors
en anklager	a prosecutor	SP	3					n	anklageren|anklagere	the prosecutor|prosecutors
ammunition	ammunition	SP	4		en			n	ammunitionen	the ammunition
et alibi	an alibi	SP	3					n	alibiet|alibier	the alibi|alibis
kriminalitet	crime	SP	3		en			n
en forbryder	a criminal	SP	3					n	forbryderen|forbrydere	the criminal|criminals
militær	military	SP	3					a
overvågning	surveillance	SP	3		en			n	overvågningen	the surveillance
national	national	SP	3					a
en efterforsker	an investigator	SP	3					n	efterforskeren|efterforskere	the investigator|investigators
lovlig	legal	SP	3					a	lovligere|lovligst	more legal|most legal
en allieret	an ally	SP	4					n	allieretten|allierede	the ally|allies
et gidsel	a hostage	SP	3					n	gidslet|gidsler	the hostage|hostages
et parti	a (political) party / game	SP	3					n	partiet|partier	the (political) party / the game|(political) parties / games
en detektiv	a detective	SP	3					n	detektiven|detektiver	the detective|detectives
forstærkning	reinforcement	SP	4		en			n	forstærkningen	the reinforcement
en kandidat	a candidate	SP	3					n	kandidaten|kandidater	the candidate|candidates
international	international	SP	3					a	mere international|mest international	more international|most international
en nation	a nation	SP	3					n	nationen|nationer	the nation|nations
en jury	a jury	SP	3					n	juryen|juryer	the jury|juries
en kendelse	a ruling / warrant	SP	3					n	kendelsen|kendelser	the ruling / the warrant|rulings / warrants
en ambassadør	an ambassador	SP	3					n	ambassadøren|ambassadører	the ambassador|ambassadors
tortur	torture	SP	3		en			n	torturen	the torture
en tilståelse	a confession	SP	3					n	tilståelsen|tilståelser	the confession|confessions
en verdenskrig	a world war	SP	3					n	verdenskrigen|verdenskrige	the world war|world wars
en minister	a minister	SP	3					n	ministeren|ministre	the minister|ministers
selvforsvar	self-defense	SP	3		et			n	selvforsvaret	the self-defense
en udtalelse	a statement	SP	3					n	udtalelsen|udtalelser	the statement|statements
en kaution	a bail / guarantee	SP	4					n	kautionen|kautioner	the bail / the guarantee|bails / guarantees
et distrikt	a district	SP	3					n	distriktet|distrikter	the district|districts
en hersker	a ruler	SP	4					n	herskeren|herskere	the ruler|rulers
en aftrækker	a trigger	SP	4					n	aftrækkeren|aftrækkere	the trigger|triggers
varetægt	custody	SP	4		en			n	varetægten	the custody
en bedrager	a fraud / con artist	SP	3					n	bedrageren|bedragere	the fraud / the con artist|frauds / con artists
ulovlig	illegal	SP	3					a	ulovligere|ulovligst	more illegal|most illegal
en kidnapning	a kidnapping	SP	3					n	kidnapningen|kidnapninger	the kidnapping|kidnappings
et testamente	a will (legal) / testament	SP	3					n	testamentet|testamenter	the will (legal) / the testament|wills (legal) / testaments
et senat	a senate	SP	4					n	senatet|senater	the senate|senates
en kampagne	a campaign	SP	3					n	kampagnen|kampagner	the campaign|campaigns
en revolution	a revolution	SP	3					n	revolutionen|revolutioner	the revolution|revolutions
FN	the UN	SP	3		en			n
en mafia	a mafia	SP	3					n	mafiaen|mafiaer	the mafia|mafias
en bande	a gang	SP	3					n	banden|bander	the gang|gangs
en vicepræsident	a vice president	SP	3					n	vicepræsidenten|vicepræsidenter	the vice president|vice presidents
en indsat	an inmate	SP	3					n	indsatten|indsatte	the inmate|inmates
korrupt	corrupt	SP	3					a
en alliance	an alliance	SP	3					n	alliancen|alliancer	the alliance|alliances
bestikkelse	bribery	SP	4		en			n	bestikkelsen	the bribery
et vidneudsagn	a testimony	SP	3					n	vidneudsagnet	the testimony
sprængstof	explosives	SP	4		et			n	sprængstoffet	the explosives
bevismateriale	evidence	SP	4		et			n	bevismaterialet	the evidence
efterlyst	wanted (by police)	SP	3					a
afpresning	blackmail	SP	4		en			n	afpresningen	the blackmail
eftersøgt	wanted / sought	SP	3					a
et kup	a coup / heist	SP	3					n	kuppet	the coup / the heist
juridisk	legal	SP	3					a
et baghold	an ambush	SP	4					n	bagholdet	the ambush
en seriemorder	a serial killer	SP	3					n	seriemorderen|seriemordere	the serial killer|serial killers
en fange	a prisoner	SP	3					n	fangen|fanger	the prisoner|prisoners
et kongerige	a kingdom	SP	3					n	kongeriget|kongeriger	the kingdom|kingdoms
en røver	a robber	SP	3					n	røveren|røvere	the robber|robbers
en strid	a dispute / conflict	SP	3					n	striden	the dispute / the conflict
et territorium	a territory	SP	4					n
en patrulje	a patrol	SP	4					n	patruljen|patruljer	the patrol|patrols
en union	a union	SP	3					n	unionen|unioner	the union|unions
en afhøring	an interrogation	SP	3					n	afhøringen|afhøringer	the interrogation|interrogations
et demokrati	a democracy	SP	3					n	demokratiet|demokratier	the democracy|democracies
en tiltalt	a defendant	SP	4					n	tiltalten|tiltalte	the defendant|defendants
en front	a front	SP	3					n	fronten|fronter	the front|fronts
et kongresmedlem	a member of Congress	SP	4					n	kongresmedlemmet|kongresmedlemmer	the member of Congress|members of Congress
en skytte	a shooter / marksman	SP	3					n	skytten|skytter	the shooter / the marksman|shooters / marksmen
en svindler	a swindler	SP	3					n	svindleren|svindlere	the swindler|swindlers
en erklæring	a declaration / statement	SP	3					n	erklæringen|erklæringer	the declaration / the statement|declarations / statements
en besættelse	an occupation / obsession	SP	3					n	besættelsen|besættelser	the occupation / the obsession|occupations / obsessions
et missil	a missile	SP	3					n	missilet|missiler	the missile|missiles
et skydevåben	a firearm	SP	3					n	skydevåbnet|skydevåben	the firearm|firearms
krudt	gunpowder	SP	4		et			n	krudtet	the gunpowder
et forhør	an interrogation / hearing	SP	3					n	forhøret	the interrogation / the hearing
en statsadvokat	a public prosecutor	SP	4					n	statsadvokaten|statsadvokater	the public prosecutor|public prosecutors
en granat	a grenade	SP	4					n	granaten|granater	the grenade|grenades
dødsstraf	death penalty	SP	3		en			n	dødsstraffen	the death penalty
en afgørelse	a decision / ruling	SP	3					n	afgørelsen|afgørelser	the decision / the ruling|decisions / rulings
et forlig	a settlement	SP	4					n	forliget	the settlement
en revolver	a revolver	SP	3					n	revolveren|revolvere	the revolver|revolvers
en straffeattest	a criminal record	SP	4					n	straffeattesten|straffeattester	the criminal record|criminal records
et imperium	an empire	SP	4					n
en flygtning	a refugee	SP	3					n	flygtningen|flygtninge	the refugee|refugees
et bedrag	a deception / fraud	SP	3					n	bedraget	the deception / the fraud
en sammensværgelse	a conspiracy	SP	4					n	sammensværgelsen|sammensværgelser	the conspiracy|conspiracies
en snigskytte	a sniper	SP	4					n	snigskytten|snigskytter	the sniper|snipers
Folketinget	the Danish Parliament	SP	2		et			n
en politiker	a politician	SP	2					n	politikeren|politikere	the politician|politicians
en vælger	a voter	SP	3					n	vælgeren|vælgere	the voter|voters
en kommune	a municipality	TS	2					n	kommunen|kommuner	the municipality|municipalities
et statsborgerskab	a citizenship	SP	3					n	statsborgerskabet|statsborgerskaber	the citizenship|citizenships
en opholdstilladelse	a residence permit	SP	3					n	opholdstilladelsen|opholdstilladelser	the residence permit|residence permits
en arbejdstilladelse	a work permit	SP	3					n	arbejdstilladelsen|arbejdstilladelser	the work permit|work permits
en indvandrer	an immigrant	SP	3					n	indvandreren|indvandrere	the immigrant|immigrants
et mindretal	a minority	SP	4					n	mindretallet	the minority
et lovforslag	a bill (law)	SP	4					n	lovforslaget	the bill (law)
en grundlov	a constitution	SP	3					n	grundloven|grundlove	the constitution|constitutions
diskrimination	discrimination	SP	3		en			n	diskriminationen	the discrimination
en strejke	a strike	SP	3					n	strejken|strejker	the strike|strikes
en reform	a reform	SP	3					n	reformen|reformer	the reform|reforms
terrorisme	terrorism	SP	3		en			n	terrorismen	the terrorism
en domstol	a court	SP	3					n	domstolen|domstole	the court|courts
svindel	fraud	SP	3		en			n	svindlen	the fraud
EU	the EU	SP	2		en			n
demokratisk	democratic	SP	3					a
liberal	liberal	SP	3					a
konservativ	conservative	SP	3					a
socialistisk	socialist	SP	3					a
radikal	radical	SP	3					a	mere radikal|mest radikal	more radical|most radical
at regere	to govern / rule	SP	3	regerer|regerede|regeret		jeg regerer|jeg regerede|jeg har regeret	I govern / rule|I governed / ruled|I have governed / ruled	v
at vedtage	to pass (a law) / adopt	SP	3	vedtager|vedtog|vedtaget		jeg vedtager|jeg vedtog|jeg har vedtaget	I pass (a law) / adopt|I passed (a law) / adopted|I have passed (a law) / adopted	v
at demonstrere	to demonstrate	SP	3	demonstrerer|demonstrerede|demonstreret		jeg demonstrerer|jeg demonstrerede|jeg har demonstreret	I demonstrate|I demonstrated|I have demonstrated	v
at strejke	to strike	SP	3	strejker|strejkede|strejket		jeg strejker|jeg strejkede|jeg har strejket	I strike|I went on strike|I have been on strike	v
at debattere	to debate	SP	3	debatterer|debatterede|debatteret		jeg debatterer|jeg debatterede|jeg har debatteret	I debate|I debated|I have debated	v
at beskylde	to accuse	SP	3	beskylder|beskyldte|beskyldt		jeg beskylder|jeg beskyldte|jeg har beskyldt	I accuse|I accused|I have accused	v
at anklage	to charge / accuse	SP	3	anklager|anklagede|anklaget		jeg anklager|jeg anklagede|jeg har anklaget	I charge / accuse|I charged / accused|I have charged / accused	v
at vidne	to testify	SP	3	vidner|vidnede|vidnet		jeg vidner|jeg vidnede|jeg har vidnet	I testify|I testified|I have testified	v
at frifinde	to acquit	SP	4	frifinder|frifandt|frifundet		jeg frifinder|jeg frifandt|jeg har frifundet	I acquit|I acquitted|I have acquitted	v
at bryde loven	to break the law	SP	3	bryder loven|brød loven|brudt loven		jeg bryder loven|jeg brød loven|jeg har brudt loven	I break the law|I broke the law|I have broken the law	v
at melde til politiet	to report to the police	SP	2	melder til politiet|meldte til politiet|meldt til politiet		jeg melder til politiet|jeg meldte til politiet|jeg har meldt til politiet	I report to the police|I reported to the police|I have reported to the police	v
at integrere	to integrate	SP	3	integrerer|integrerede|integreret		jeg integrerer|jeg integrerede|jeg har integreret	I integrate|I integrated|I have integrated	v
indfødsret	citizenship	SP	3		en			n
en indfødsretsprøve	a citizenship test	SP	4					n	indfødsretsprøven|indfødsretsprøver	the citizenship test|citizenship tests
en medborgerskabsprøve	a civics test	SP	4					n	medborgerskabsprøven|medborgerskabsprøver	the civics test|civics tests
en meningsmåling	an opinion poll	SP	3					n	meningsmålingen|meningsmålinger	the opinion poll|opinion polls
et folketingsvalg	a general election	SP	3					n	folketingsvalget	the general election
et kommunalvalg	a local election	SP	3					n	kommunalvalget	the local election
en folkeafstemning	a referendum	SP	3					n	folkeafstemningen|folkeafstemninger	the referendum|referendums
en koalition	a coalition	SP	4					n	koalitionen|koalitioner	the coalition|coalitions
en opposition	an opposition	SP	3					n	oppositionen|oppositioner	the opposition|oppositions
et regeringsparti	a governing party	SP	4					n	regeringspartiet|regeringspartier	the governing party|governing parties
et støtteparti	a supporting party	SP	4					n	støttepartiet|støttepartier	the supporting party|supporting parties
en finanslov	a national budget (Finance Act)	SP	4					n	finansloven|finanslove	the national budget (Finance Act)|national budgets (Finance Act)
et udspil	a proposal / initiative	SP	4					n	udspillet	the proposal / the initiative
en lobbyist	a lobbyist	SP	4					n	lobbyisten|lobbyister	the lobbyist|lobbyists
et ministerium	a ministry	SP	3					n
en styrelse	an agency (government)	SP	4					n	styrelsen|styrelser	the agency (government)|agencies (government)
en forvaltning	an administration	SP	4					n	forvaltningen|forvaltninger	the administration|administrations
en ombudsmand	an ombudsman	SP	4					n	ombudsmanden|ombudsmænd	the ombudsman|ombudsmen
en retsstat	a state governed by law	SP	4					n	retsstaten|retsstater	the state governed by law|states governed by law
pressefrihed	freedom of the press	SP	3		en			n	pressefriheden	the freedom of the press
menneskerettigheder	human rights	SP	3		pl			n	menneskerettighederne|menneskerettigheder	the human rights|human rights
en flygtningestrøm	a flow of refugees	SP	4					n	flygtningestrømmen|flygtningestrømme	the flow of refugees|flows of refugees
en asylansøger	an asylum seeker	SP	3					n	asylansøgeren|asylansøgere	the asylum seeker|asylum seekers
udlændingepolitik	immigration policy	SP	3		en			n	udlændingepolitikken	the immigration policy
klimapolitik	climate policy	SP	3		en			n	klimapolitikken	the climate policy
en sanktion	a sanction	SP	4					n	sanktionen|sanktioner	the sanction|sanctions
en traktat	a treaty	SP	4					n	traktaten|traktater	the treaty|treaties
et topmøde	a summit	SP	3					n	topmødet|topmøder	the summit|summits
NATO	NATO	SP	3		en			n
en udenrigsminister	a foreign minister	SP	3					n	udenrigsministeren|udenrigsministre	the foreign minister|foreign ministers
en statsleder	a head of state	SP	4					n	statslederen|statsledere	the head of state|heads of state
et diktatur	a dictatorship	SP	3					n	diktaturet|diktaturer	the dictatorship|dictatorships
en diktator	a dictator	SP	3					n	diktatoren|diktatorer	the dictator|dictators
en invasion	an invasion	SP	3					n	invasionen|invasioner	the invasion|invasions
en våbenhvile	a ceasefire	SP	3					n	våbenhvilen|våbenhviler	the ceasefire|ceasefires
en fredsaftale	a peace agreement	SP	3					n	fredsaftalen|fredsaftaler	the peace agreement|peace agreements
nødhjælp	emergency aid	SP	3		en			n	nødhjælpen	the emergency aid
en bekendtgørelse	an announcement / regulation	SP	4					n	bekendtgørelsen|bekendtgørelser	the announcement / the regulation|announcements / regulations
en beskyldning	an accusation	SP	3					n	beskyldningen|beskyldninger	the accusation|accusations
en bestemmelse	a provision / rule	SP	4					n	bestemmelsen|bestemmelser	the provision / the rule|provisions / rules
lovgivning	legislation	SP	3		en			n	lovgivningen	the legislation
en ophævelse	an abolition / cancellation	SP	4					n	ophævelsen|ophævelser	the abolition / the cancellation|abolitions / cancellations
en redegørelse	an account / report	SP	4					n	redegørelsen|redegørelser	the account / the report|accounts / reports
en regulering	a regulation / adjustment	SP	4					n	reguleringen|reguleringer	the regulation / the adjustment|regulations / adjustments
et tiltag	an initiative / measure	SP	4					n	tiltaget	the initiative / the measure
et værn	a defense / protection	SP	4					n	værnet	the defense / the protection
en bombe	a bomb	SP	2					n	bomben|bomber	the bomb|bombs
en stemmeseddel	a ballot	SP	3					n	stemmesedlen|stemmesedler	the ballot|ballots
en befrielse	a liberation	SP	3					n	befrielsen|befrielser	the liberation|liberations
en dollar	a dollar	MB	2					n	dollaren|dollar	the dollar|dollars
en forretning	a business / shop	MB	2					n	forretningen|forretninger	the business / the shop|businesses / shops
en klient	a client	MB	3					n	klienten|klienter	the client|clients
et pund	a pound	MB	3					n	pundet	the pound
et salg	a sale	MB	3					n	salget	the sale
en formue	a fortune	MB	3					n	formuen|formuer	the fortune|fortunes
en andel	a share / portion	MB	3					n	andelen|andele	the share / the portion|shares / portions
et lager	a warehouse / stock	MB	3					n	lageret|lagre	the warehouse / the stock|warehouses / stocks
en cent	a cent	MB	3					n	centen	the cent
en bestyrelse	a board (of directors)	MB	3					n	bestyrelsen|bestyrelser	the board (of directors)|boards (of directors)
en arv	an inheritance	MB	3					n	arven|arve	the inheritance|inheritances
en branche	an industry / line of business	MB	3					n	branchen|brancher	the industry / the line of business|industries / lines of business
en sektor	a sector	MB	3					n	sektoren|sektorer	the sector|sectors
et beløb	an amount (of money)	MB	3					n	beløbet	the amount (of money)
økonomisk	economic / financial	MB	2					a
en ledelse	a management / leadership	MB	3					n	ledelsen|ledelser	the management / the leadership|managements / leaderships
et produkt	a product	MB	2					n	produktet|produkter	the product|products
en mønt	a coin	MB	2					n	mønten|mønter	the coin|coins
en erstatning	a compensation / replacement	MB	3					n	erstatningen|erstatninger	the compensation / the replacement|compensations / replacements
et regnskab	accounts	MB	3					n	regnskabet|regnskaber	the accounts|accounts
kredit	credit	MB	3		en			n	kreditten	the credit
et pengeskab	a safe	MB	3					n	pengeskabet|pengeskabe	the safe|safes
et forskud	an advance (payment)	MB	3					n	forskuddet	the advance (payment)
konkurs	bankrupt / bankruptcy	MB	3					a
en fortjeneste	a profit / merit	MB	3					n	fortjenesten|fortjenester	the profit / the merit|profits / merits
en auktion	an auction	MB	3					n	auktionen|auktioner	the auction|auctions
en revisor	an accountant (auditor)	MB	3					n	revisoren|revisorer	the accountant (auditor)|accountants (auditors)
småpenge	small change	MB	2		pl			n
en sum	a sum	MB	3					n	summen|summer	the sum|sums
en bankkonto	a bank account	MB	2					n	bankkontoen|bankkonti	the bank account|bank accounts
en hæveautomat	an ATM	MB	2					n	hæveautomaten|hæveautomater	the ATM|ATMs
et dankort	a Dankort (Danish debit card)	MB	2					n	dankortet	the Dankort (Danish debit card)
moms	VAT / sales tax	MB	3		en			n	momsen	the VAT / the sales tax
en forsikring	an insurance	MB	2					n	forsikringen|forsikringer	the insurance|insurances
en butikskæde	a store chain	MB	3					n	butikskæden|butikskæder	the store chain|store chains
en konkurrent	a competitor	MB	3					n	konkurrenten|konkurrenter	the competitor|competitors
en omsætning	a turnover / revenue	MB	4					n	omsætningen|omsætninger	the turnover / the revenue|turnovers / revenues
inflation	inflation	MB	3		en			n	inflationen	the inflation
at spare op	to save up	MB	2	sparer op|sparede op|sparet op		jeg sparer op|jeg sparede op|jeg har sparet op	I save up|I saved up|I have saved up	v
at skylde	to owe	MB	2	skylder|skyldte|skyldt		jeg skylder|jeg skyldte|jeg har skyldt	I owe|I owed|I have owed	v
at betale af	to pay off	MB	3	betaler af|betalte af|betalt af		jeg betaler af|jeg betalte af|jeg har betalt af	I pay off|I paid off|I have paid off	v
at hæve penge	to withdraw money	MB	2	hæver penge|hævede penge|hævet penge		jeg hæver penge|jeg hævede penge|jeg har hævet penge	I withdraw money|I withdrew money|I have withdrawn money	v
at overføre penge	to transfer money	MB	2	overfører penge|overførte penge|overført penge		jeg overfører penge|jeg overførte penge|jeg har overført penge	I transfer money|I transferred money|I have transferred money	v
at bruge penge	to spend money	MB	1	bruger penge|brugte penge|brugt penge		jeg bruger penge|jeg brugte penge|jeg har brugt penge	I spend money|I spent money|I have spent money	v
en årsopgørelse	an annual tax statement	MB	3					n	årsopgørelsen|årsopgørelser	the annual tax statement|annual tax statements
en forskudsopgørelse	a preliminary income assessment	MB	4					n	forskudsopgørelsen|forskudsopgørelser	the preliminary income assessment|preliminary income assessments
et skattekort	a tax card	MB	3					n	skattekortet	the tax card
et fradrag	a deduction	MB	4					n	fradraget	the deduction
boligstøtte	housing benefit	MB	3		en			n	boligstøtten	the housing benefit
SU	Danish student grant	MB	3		en			n
dagpenge	unemployment benefits	MB	3		pl			n
kontanthjælp	social welfare benefit	MB	3		en			n	kontanthjælpen	the social welfare benefit
en a-kasse	an unemployment insurance fund	MB	3					n	a-kassen|a-kasser	the unemployment insurance fund|unemployment insurance funds
et gebyr	a fee	MB	3					n	gebyret|gebyrer	the fee|fees
en stigning	a rise / increase	MB	3					n	stigningen|stigninger	the rise / the increase|rises / increases
et fald	a fall / drop	MB	2					n	faldet	the fall / the drop
en nedgang	a decline	MB	4					n	nedgangen|nedgange	the decline|declines
en recession	a recession	MB	3					n	recessionen|recessioner	the recession|recessions
boligmarkedet	the housing market	MB	3					n
en huspris	a house price	MB	3					n	husprisen|huspriser	the house price|house prices
en rentestigning	an interest rate rise	MB	4					n	rentestigningen|rentestigninger	the interest rate rise|interest rate rises
en nationalbank	a central bank	MB	4					n	nationalbanken|nationalbanker	the central bank|central banks
en aktiekurs	a share price	MB	4					n	aktiekursen|aktiekurser	the share price|share prices
et aktieselskab	a public limited company	MB	4					n	aktieselskabet|aktieselskaber	the public limited company|public limited companies
et anpartsselskab	a private limited company	MB	4					n	anpartsselskabet|anpartsselskaber	the private limited company|private limited companies
en startup	a startup	MB	3					n	startuppen|startupper	the startup|startups
en fusion	a merger	MB	4					n	fusionen|fusioner	the merger|mergers
et opkøb	an acquisition / buyout	MB	4					n	opkøbet	the acquisition / the buyout
eksport	export	MB	3		en			n	eksporten	the export
import	import	MB	3		en			n	importen	the import
en forbruger	a consumer	MB	3					n	forbrugeren|forbrugere	the consumer|consumers
forbrug	consumption	MB	3		et			n	forbruget	the consumption
efterspørgsel	demand	MB	3		en			n	efterspørgslen	the demand
et udbud	a supply / tender	MB	4					n	udbuddet	the supply / the tender
en markedsandel	a market share	MB	4					n	markedsandelen|markedsandele	the market share|market shares
en målgruppe	a target group	MB	3					n	målgruppen|målgrupper	the target group|target groups
kundeservice	customer service	MB	3		en			n	kundeservicen	the customer service
en klage	a complaint	MB	2					n	klagen|klager	the complaint|complaints
en tilbagebetaling	a refund / repayment	MB	3					n	tilbagebetalingen|tilbagebetalinger	the refund / the repayment|refunds / repayments
en afgift	a tax / duty / fee	MB	3					n	afgiften|afgifter	the tax / the duty / the fee|taxes / duties / fees
en bevilling	a grant	MB	4					n	bevillingen|bevillinger	the grant|grants
en bygherre	a developer (building)	MB	4					n	bygherren|bygherrer	the developer (building)|developers (building)
en forhøjelse	an increase	MB	4					n	forhøjelsen|forhøjelser	the increase|increases
en godtgørelse	a reimbursement	MB	4					n	godtgørelsen|godtgørelser	the reimbursement|reimbursements
en nedskæring	a cutback	MB	4					n	nedskæringen|nedskæringer	the cutback|cutbacks
en omkostning	a cost	MB	3					n	omkostningen|omkostninger	the cost|costs
en omlægning	a restructuring	MB	4					n	omlægningen|omlægninger	the restructuring|restructurings
en opgørelse	a statement / count	MB	4					n	opgørelsen|opgørelser	the statement / the count|statements / counts
en udbetaling	a payment / payout	MB	3					n	udbetalingen|udbetalinger	the payment / the payout|payments / payouts
et udbytte	a yield / benefit	MB	4					n	udbyttet|udbytter	the yield / the benefit|yields / benefits
en euro	a euro	MB	2					n	euroen	the euro
en filial	a branch (office)	MB	4					n	filialen|filialer	the branch (office)|branches (offices)
en bundlinje	a bottom line	MB	4					n	bundlinjen|bundlinjer	the bottom line|bottom lines
en forhandler	a dealer / retailer	MB	3					n	forhandleren|forhandlere	the dealer / the retailer|dealers / retailers
en gennemsnitsløn	an average salary	MB	4					n	gennemsnitslønnen	the average salary
lommepenge	pocket money	MB	3		pl			n
et forsikringsselskab	an insurance company	MB	3					n	forsikringsselskabet|forsikringsselskaber	the insurance company|insurance companies
alene	alone		1					d
inden	before		2					r
en slags	a kind of / a sort of		2					n
masser af	lots of		2					d
eneste	only / single		2					a
resten	the rest		2					n
dermed	thereby / with that		2					d
